tier,source,comp_type,address,city,state,zip,subdivision,prop_type,prop_subtype,lot_sf,finished_sf,year_built,beds,baths,price,price_per_lot_sf,date,status,query_status,mls_id,source_url,notes,tier_rationale
D,IDX-juanjoseelizondo,pure_land,224 E University Drive,Edinburg,TX,78539,Edinburg Original Townsite,Commercial Sale,Commercial,3550,3356,1938,,0,370000,104.23,5/29/2025,Closed,sold,386090,https://juanjoseelizondo.idxbroker.com/idx/details/listing/d337/386090/224-E-University-Drive-Edinburg-TX?widgetReferer=true,,Small lot but commercial-feeling — context
D,IDX-juanjoseelizondo,pure_land,201 E University Drive,Edinburg,TX,78539,Edinburg Original Townsite,Commercial Sale,Commercial,4500,4422,1977,,0,500000,111.11,1/27/2025,Closed,sold,455553,https://juanjoseelizondo.idxbroker.com/idx/details/listing/d337/455553/201-E-University-Drive-Edinburg-TX?widgetReferer=true,,Small lot but commercial-feeling — context
D,IDX-juanjoseelizondo,pure_land,510 E University Drive,Edinburg,TX,78539,Edinburg Original Townsite,Commercial Sale,Commercial,3550,2364,1980,,0,160000,45.07,9/19/2023,Closed,sold,400219,https://juanjoseelizondo.idxbroker.com/idx/details/listing/d337/400219/510-E-University-Drive-Edinburg-TX?widgetReferer=true,,Small lot but commercial-feeling — context
C,IDX-juanjoseelizondo,pure_land,506 Closner Boulevard,Edinburg,TX,78539,Alhambra Plaza Condos,Commercial Sale,Commercial,3919,2000,2002,,0,299000,76.29,2025-09-04,Active,active,480127,https://juanjoseelizondo.idxbroker.com/idx/details/listing/d337/480127/506-Closner-Boulevard-Edinburg-TX?widgetReferer=true,,Active/pending listing — market floor signal
C,IDX-juanjoseelizondo,pure_land,524 S Closner Boulevard,Edinburg,TX,78539,Alhambra Plaza Condos,Commercial Sale,Commercial,3919,2000,2002,,0,279000,71.19,2025-09-04,Active,active,480124,https://juanjoseelizondo.idxbroker.com/idx/details/listing/d337/480124/524-S-Closner-Boulevard-Edinburg-TX?widgetReferer=true,,Active/pending listing — market floor signal
C,IDX-juanjoseelizondo,pure_land,526 S Closner Boulevard B,Edinburg,TX,78539,Alhambra Plaza Condos,Commercial Sale,Commercial,3919,2000,2002,,0,279000,71.19,2025-09-04,Active,active,480068,https://juanjoseelizondo.idxbroker.com/idx/details/listing/d337/480068/526-S-Closner-Boulevard-B-Edinburg-TX?widgetReferer=true,,Active/pending listing — market floor signal
C,IDX-juanjoseelizondo,pure_land,"506 S Closner Boulevard 506, 524, 526B",Edinburg,TX,78539,Alhambra Plaza Condos,Commercial Sale,Commercial,3919,6000,2002,,0,825000,210.51,2025-09-04,Active,active,480039,https://juanjoseelizondo.idxbroker.com/idx/details/listing/d337/480039/506-S-Closner-Boulevard-506-524-526B-Edinburg-TX?widgetReferer=true,,Active/pending listing — market floor signal
C,IDX-juanjoseelizondo,pure_land,2505 Cornerstone Boulevard,Edinburg,TX,78539,Cornerstone Medical Park,Commercial Sale,Commercial,3599,2337,1997,,0,365000,101.42,2025-07-18,Active,active,476174,https://juanjoseelizondo.idxbroker.com/idx/details/listing/d337/476174/2505-Cornerstone-Boulevard-Edinburg-TX?widgetReferer=true,,Active/pending listing — market floor signal
C,IDX-juanjoseelizondo,pure_land,2401 Cornerstone Boulevard,Edinburg,TX,78539,Cornerstone Medical Park,Commercial Sale,Commercial,4799,4800,2007,,0,899000,187.33,2025-04-30,Pending,active,470103,https://juanjoseelizondo.idxbroker.com/idx/details/listing/d337/470103/2401-Cornerstone-Boulevard-Edinburg-TX?widgetReferer=true,,Active/pending listing — market floor signal
D,IDX-juanjoseelizondo,pure_land,2508 Buddy Owens Avenue,McAllen,TX,78504,Hacienda Plaza Condominiums,Commercial Sale,Commercial,2451,1300,2005,,0,220000,89.76,3/21/2025,Closed,sold,445668,https://juanjoseelizondo.idxbroker.com/idx/details/listing/d337/445668/2508-Buddy-Owens-Avenue-McAllen-TX?widgetReferer=true,,Pure land sale but commercial-flagged subdivision — context only
D,IDX-juanjoseelizondo,pure_land,2208 Primrose Avenue N,McAllen,TX,78504,International Center,Commercial Sale,Commercial,3148,1620,1980,,0,175000,55.59,11/15/2023,Closed,sold,414180,https://juanjoseelizondo.idxbroker.com/idx/details/listing/d337/414180/2208-Primrose-Avenue-N-McAllen-TX?widgetReferer=true,,Small lot but commercial-feeling — context
D,IDX-juanjoseelizondo,pure_land,2526 Buddy Owens Boulevard,McAllen,TX,78504,Hacienda Plaza Condominiums,Commercial Sale,Commercial,3676,1950,2005,,0,250000,68.01,7/07/2023,Closed,sold,403373,https://juanjoseelizondo.idxbroker.com/idx/details/listing/d337/403373/2526-Buddy-Owens-Boulevard-McAllen-TX?widgetReferer=true,,Small lot but commercial-feeling — context
B,IDX-juanjoseelizondo,pure_land,115 S 17th Street,McAllen,TX,78501,Mcallen Addition,Commercial Sale,Commercial,3500,2135,1970,,0,200000,57.14,9/04/2025,Closed,sold,473528,https://juanjoseelizondo.idxbroker.com/idx/details/listing/d337/473528/115-S-17th-Street-McAllen-TX?widgetReferer=true,,"Pure-land sale 1,500-3,500 SF in residential context"
D,IDX-juanjoseelizondo,pure_land,4209 N 22nd Street,McAllen,TX,78501,International Center,Commercial Sale,Commercial,3750,1640,1984,,0,260000,69.33,5/28/2025,Closed,sold,450879,https://juanjoseelizondo.idxbroker.com/idx/details/listing/d337/450879/4209-N-22nd-Street-McAllen-TX?widgetReferer=true,,Small lot but commercial-feeling — context
B,IDX-juanjoseelizondo,pure_land,9 S Main Street,McAllen,TX,78501,Mcallen,Commercial Sale,Commercial,3500,3500,1976,,0,302000,86.29,3/07/2025,Closed,sold,445912,https://juanjoseelizondo.idxbroker.com/idx/details/listing/d337/445912/9-S-Main-Street-McAllen-TX?widgetReferer=true,,"Pure-land sale 1,500-3,500 SF in residential context"
D,IDX-juanjoseelizondo,pure_land,306 17th Street,McAllen,TX,78501,Mcallen Addition,Commercial Sale,Commercial,3642,1560,1971,,0,170000,46.68,1/27/2025,Closed,sold,414964,https://juanjoseelizondo.idxbroker.com/idx/details/listing/d337/414964/306-17th-Street-McAllen-TX?widgetReferer=true,,Small lot but commercial-feeling — context
B,IDX-juanjoseelizondo,pure_land,424 S Main Street,McAllen,TX,78501,Downtown Project Sml,Commercial Sale,Commercial,3497,2972,1977,,0,312000,89.22,1/03/2025,Closed,sold,455556,https://juanjoseelizondo.idxbroker.com/idx/details/listing/d337/455556/424-S-Main-Street-McAllen-TX?widgetReferer=true,,"Pure-land sale 1,500-3,500 SF in residential context"
D,IDX-juanjoseelizondo,pure_land,3911 N 10th Street M,McAllen,TX,78501,French Quarter Condominium,Commercial Sale,Commercial,2181,736,2004,,0,100000,45.85,9/27/2024,Closed,sold,433706,https://juanjoseelizondo.idxbroker.com/idx/details/listing/d337/433706/3911-N-10th-Street-M-McAllen-TX?widgetReferer=true,,Pure land sale but commercial-flagged subdivision — context only
B,IDX-juanjoseelizondo,pure_land,801 N Ware Road,McAllen,TX,78501,Villa Bonita #1,Commercial Sale,Commercial,1920,3000,2009,,0,365000,190.1,9/25/2024,Closed,sold,442651,https://juanjoseelizondo.idxbroker.com/idx/details/listing/d337/442651/801-N-Ware-Road-McAllen-TX?widgetReferer=true,,"Pure-land sale 1,500-3,500 SF in residential context"
D,IDX-juanjoseelizondo,pure_land,508 W Expressway 83 508,McAllen,TX,78501,O & E Commercial Condominiums,Commercial Sale,Commercial,3909,2047,1987,,0,498000,127.4,6/10/2024,Closed,sold,395003,https://juanjoseelizondo.idxbroker.com/idx/details/listing/d337/395003/508-W-Expressway-83-508-McAllen-TX?widgetReferer=true,,Small lot but commercial-feeling — context
D,IDX-juanjoseelizondo,pure_land,116 N 12th Street,McAllen,TX,78501,North Mcallen,Commercial Sale,Commercial,4970,1434,1974,,0,130500,26.26,3/01/2024,Closed,sold,427234,https://juanjoseelizondo.idxbroker.com/idx/details/listing/d337/427234/116-N-12th-Street-McAllen-TX?widgetReferer=true,,Small lot but commercial-feeling — context
D,IDX-juanjoseelizondo,pure_land,109 W US Highway 83,McAllen,TX,78501,Cathay Courts,Commercial Sale,Commercial,2983,1627,2009,,0,320000,107.27,5/12/2023,Closed,sold,399910,https://juanjoseelizondo.idxbroker.com/idx/details/listing/d337/399910/109-W-US-Highway-83-McAllen-TX?widgetReferer=true,,Small lot but commercial-feeling — context
C,IDX-juanjoseelizondo,pure_land,215 S 17th Street,McAllen,TX,78501,Mcallen Addition,Commercial Sale,Commercial,4203,2940,2004,,0,475000,113.01,2026-02-06,Active,active,494188,https://juanjoseelizondo.idxbroker.com/idx/details/listing/d337/494188/215-S-17th-Street-McAllen-TX?widgetReferer=true,,Active/pending listing — market floor signal
C,IDX-juanjoseelizondo,pure_land,325 S 17th Street,McAllen,TX,78501,Mcallen Addition,Commercial Sale,Commercial,3484,1968,1960,,0,235000,67.45,2025-10-28,Active,active,483523,https://juanjoseelizondo.idxbroker.com/idx/details/listing/d337/483523/325-S-17th-Street-McAllen-TX?widgetReferer=true,,Active/pending listing — market floor signal
C,IDX-juanjoseelizondo,pure_land,201 S 17th Street,McAllen,TX,78501,Mcallen Addition,Commercial Sale,Commercial,3497,6802,1977,,0,699000,199.89,2025-09-08,Active,active,480417,https://juanjoseelizondo.idxbroker.com/idx/details/listing/d337/480417/201-S-17th-Street-McAllen-TX?widgetReferer=true,,Active/pending listing — market floor signal
C,IDX-juanjoseelizondo,pure_land,314 S 17th Street,McAllen,TX,78501,Downtown Project Sml,Commercial Sale,Commercial,3500,5030,1970,,0,250000,71.43,2025-03-12,Active,active,465122,https://juanjoseelizondo.idxbroker.com/idx/details/listing/d337/465122/314-S-17th-Street-McAllen-TX?widgetReferer=true,,Active/pending listing — market floor signal
C,IDX-juanjoseelizondo,pure_land,323 S Broadway Street,McAllen,TX,78501,Mcallen Addition,Commercial Sale,Commercial,4652,5800,1966,,0,575000,123.6,2025-01-02,Active,active,457569,https://juanjoseelizondo.idxbroker.com/idx/details/listing/d337/457569/323-S-Broadway-Street-McAllen-TX?widgetReferer=true,,Active/pending listing — market floor signal
C,IDX-juanjoseelizondo,pure_land,19 S Main Street,McAllen,TX,78501,Mcallen Addition,Commercial Sale,Commercial,3497,3330,1972,,0,399995,114.38,2024-07-08,Active,active,443574,https://juanjoseelizondo.idxbroker.com/idx/details/listing/d337/443574/19-S-Main-Street-McAllen-TX?widgetReferer=true,,Active/pending listing — market floor signal
C,IDX-juanjoseelizondo,pure_land,214 S 17th Street,McAllen,TX,78501,Downtown Project Sml,Commercial Sale,Commercial,3500,2039,1979,,0,380000,108.57,2024-05-15,Active,active,437765,https://juanjoseelizondo.idxbroker.com/idx/details/listing/d337/437765/214-S-17th-Street-McAllen-TX?widgetReferer=true,,Active/pending listing — market floor signal
D,IDX-juanjoseelizondo,pure_land,2015 N Conway Avenue,Mission,TX,78572,Conway Plaza,Commercial Sale,Commercial,4149,1450,1996,,0,208000,50.13,2/19/2025,Closed,sold,457238,https://juanjoseelizondo.idxbroker.com/idx/details/listing/d337/457238/2015-N-Conway-Avenue-Mission-TX?widgetReferer=true,,Small lot but commercial-feeling — context
D,IDX-juanjoseelizondo,pure_land,2210 E Expressway 83 Highway K,Mission,TX,78572,Barton Creek Pavilion Condominium,Commercial Sale,Commercial,4839,1300,2016,,0,225000,46.5,9/27/2024,Closed,sold,443639,https://juanjoseelizondo.idxbroker.com/idx/details/listing/d337/443639/2210-E-Expressway-83-Highway-K-Mission-TX?widgetReferer=true,,Small lot but commercial-feeling — context
D,IDX-juanjoseelizondo,pure_land,2210 E Expressway 83 Highway J,Mission,TX,78572,Barton Creek Pavilion Condominium,Commercial Sale,Commercial,4839,1300,2016,,0,225000,46.5,7/31/2024,Closed,sold,398076,https://juanjoseelizondo.idxbroker.com/idx/details/listing/d337/398076/2210-E-Expressway-83-Highway-J-Mission-TX?widgetReferer=true,,Small lot but commercial-feeling — context
D,IDX-juanjoseelizondo,pure_land,100 S Dunlap Avenue,Mission,TX,78572,Leal #1,Commercial Sale,Commercial,4700,3884,1940,,0,125000,26.6,7/12/2024,Closed,sold,414992,https://juanjoseelizondo.idxbroker.com/idx/details/listing/d337/414992/100-S-Dunlap-Avenue-Mission-TX?widgetReferer=true,,Small lot but commercial-feeling — context
D,IDX-juanjoseelizondo,pure_land,2400 Brock Street 23,Mission,TX,78572,Shary Business Center Condos,Commercial Sale,Commercial,4477,2156,2000,,0,210000,46.91,11/03/2023,Closed,sold,412022,https://juanjoseelizondo.idxbroker.com/idx/details/listing/d337/412022/2400-Brock-Street-23-Mission-TX?widgetReferer=true,,Small lot but commercial-feeling — context
D,IDX-juanjoseelizondo,pure_land,805 San Antonio Avenue,Mission,TX,78572,Harmony Mobile,Commercial Sale,Commercial,4999,1092,1992,,0,160000,32.01,9/15/2023,Closed,sold,406400,https://juanjoseelizondo.idxbroker.com/idx/details/listing/d337/406400/805-San-Antonio-Avenue-Mission-TX?widgetReferer=true,,Small lot but commercial-feeling — context
C,IDX-juanjoseelizondo,pure_land,823 Perkins Avenue,Mission,TX,78572,Greenlawn Terrace,Commercial Sale,Commercial,2482,1200,2025,,0,185000,74.54,2025-09-19,Active,active,481333,https://juanjoseelizondo.idxbroker.com/idx/details/listing/d337/481333/823-Perkins-Avenue-Mission-TX?widgetReferer=true,,Active/pending listing — market floor signal
D,IDX-juanjoseelizondo,pure_land,6620 S Cage Boulevard,Pharr,TX,78577,Evans,Commercial Sale,Commercial,4399,800,2016,,0,175000,39.78,2/07/2025,Closed,sold,439642,https://juanjoseelizondo.idxbroker.com/idx/details/listing/d337/439642/6620-S-Cage-Boulevard-Pharr-TX?widgetReferer=true,,Small lot but commercial-feeling — context
D,IDX-juanjoseelizondo,pure_land,301 W Clark Avenue,Pharr,TX,78577,Pharr Original Townsite,Commercial Sale,Commercial,4999,2207,1968,,0,120000,24.0,9/06/2024,Closed,sold,433733,https://juanjoseelizondo.idxbroker.com/idx/details/listing/d337/433733/301-W-Clark-Avenue-Pharr-TX?widgetReferer=true,,Small lot but commercial-feeling — context
B,IDX-juanjoseelizondo,pure_land,616 S Nebraska Avenue,San Juan,TX,78589,San Juan Original Townsite,Commercial Sale,Commercial,3250,1196,1980,,0,90000,27.69,12/19/2024,Closed,sold,451520,https://juanjoseelizondo.idxbroker.com/idx/details/listing/d337/451520/616-S-Nebraska-Avenue-San-Juan-TX?widgetReferer=true,,"Pure-land sale 1,500-3,500 SF in residential context"
C,IDX-juanjoseelizondo,pure_land,614 S Nebraska Avenue,San Juan,TX,78589,San Juan Original Townsite,Commercial Sale,Commercial,3497,750,1987,,0,135000,38.6,2025-12-03,Active,active,488216,https://juanjoseelizondo.idxbroker.com/idx/details/listing/d337/488216/614-S-Nebraska-Avenue-San-Juan-TX?widgetReferer=true,,Active/pending listing — market floor signal
C,IDX-juanjoseelizondo,pure_land,702 E Expressway 83 Highway A6,Donna,TX,78537,New Donna Plaza North,Commercial Sale,Commercial,3317,3318,2008,,0,497700,150.05,2025-10-08,Active,active,482888,https://juanjoseelizondo.idxbroker.com/idx/details/listing/d337/482888/702-E-Expressway-83-Highway-A6-Donna-TX?widgetReferer=true,,Active/pending listing — market floor signal
D,IDX-juanjoseelizondo,pure_land,2501 W Military Highway C9,McAllen,TX,78503,Mcallen Produce Terminal Market Condos,Commercial Sale,Commercial,4634,1412,1993,,0,465000,100.35,10/10/2024,Closed,sold,430768,https://juanjoseelizondo.idxbroker.com/idx/details/listing/d337/430768/2501-W-Military-Highway-C9-McAllen-TX?widgetReferer=true,,Small lot but commercial-feeling — context
D,IDX-juanjoseelizondo,pure_land,110 E Savannah Avenue 202,McAllen,TX,78503,South Texas Specialist Center,Commercial Sale,Commercial,4907,1998,1986,,0,250000,50.95,9/08/2023,Closed,sold,410803,https://juanjoseelizondo.idxbroker.com/idx/details/listing/d337/410803/110-E-Savannah-Avenue-202-McAllen-TX?widgetReferer=true,,Small lot but commercial-feeling — context
A,IDX-juanjoseelizondo,townhouse_retail,2832 Allen Drive,Edinburg,TX,78539,Rincon De Las Fuentes,Residential,Townhouse,1900,1430,2020,3,2,248888,130.99,4/17/2026,Closed,sold,492054,https://juanjoseelizondo.idxbroker.com/idx/details/listing/d337/492054/2832-Allen-Drive-Edinburg-TX?widgetReferer=true,Imputed-land calc: take 18-22% of price as land share,"Recent sold townhouse, lot 1,500-3,500 SF, w/in 12 mo — for imputed-land calc"
A,IDX-juanjoseelizondo,townhouse_retail,1410 S 7th Avenue,Edinburg,TX,78539,Shibui Village,Residential,Townhouse,2939,2205,2025,3,4,350000,119.09,4/02/2026,Closed,sold,490314,https://juanjoseelizondo.idxbroker.com/idx/details/listing/d337/490314/1410-S-7th-Avenue-Edinburg-TX?widgetReferer=true,Imputed-land calc: take 18-22% of price as land share,"Recent sold townhouse, lot 1,500-3,500 SF, w/in 12 mo — for imputed-land calc"
A,IDX-juanjoseelizondo,townhouse_retail,3217 W Sprague Street 25,Edinburg,TX,78539,Brownwood Ph 2,Residential,Townhouse,2157,1030,2014,2,2,148000,68.61,3/06/2026,Closed,sold,491949,https://juanjoseelizondo.idxbroker.com/idx/details/listing/d337/491949/3217-W-Sprague-Street-25-Edinburg-TX?widgetReferer=true,Imputed-land calc: take 18-22% of price as land share,"Recent sold townhouse, lot 1,500-3,500 SF, w/in 12 mo — for imputed-land calc"
D,IDX-juanjoseelizondo,townhouse_retail,519 S 4th Avenue A1,Edinburg,TX,78539,Edinburg Manor Condo,Residential,Condominium,2373,1089,1983,2,1,80000,33.71,8/03/2023,Closed,sold,406297,https://juanjoseelizondo.idxbroker.com/idx/details/listing/d337/406297/519-S-4th-Avenue-A1-Edinburg-TX?widgetReferer=true,Imputed-land calc: take 18-22% of price as land share,Larger-lot townhouse — broad-market context
B,IDX-juanjoseelizondo,townhouse_retail,519 S 4th Avenue,Edinburg,TX,78539,Edinburg Manor Condo,Residential,Condominium,1580,696,1975,1,1,60000,37.97,7/19/2024,Closed,sold,441020,https://juanjoseelizondo.idxbroker.com/idx/details/listing/d337/441020/519-S-4th-Avenue-Edinburg-TX?widgetReferer=true,Imputed-land calc: take 18-22% of price as land share,"Sold townhouse w/in 24mo, lot 1,500-5,000 SF — secondary imputed-land basis"
B,IDX-juanjoseelizondo,townhouse_retail,3637 N Kenyon Road N,Edinburg,TX,78539,Monte Cristo,Residential,Condominium,2495,640,1973,1,1,65000,26.05,3/12/2025,Closed,sold,457408,https://juanjoseelizondo.idxbroker.com/idx/details/listing/d337/457408/3637-N-Kenyon-Road-N-Edinburg-TX?widgetReferer=true,Imputed-land calc: take 18-22% of price as land share,"Sold townhouse w/in 24mo, lot 1,500-5,000 SF — secondary imputed-land basis"
D,IDX-juanjoseelizondo,townhouse_retail,519 S 4th Avenue B2,Edinburg,TX,78539,Edinburg Manor Condo,Residential,Condominium,1580,696,1983,1,1,73000,46.2,3/05/2024,Closed,sold,406294,https://juanjoseelizondo.idxbroker.com/idx/details/listing/d337/406294/519-S-4th-Avenue-B2-Edinburg-TX?widgetReferer=true,Imputed-land calc: take 18-22% of price as land share,Larger-lot townhouse — broad-market context
A,IDX-juanjoseelizondo,townhouse_retail,1114 Tori Lane D,Edinburg,TX,78539,Raynee's Condominiums Ph 1,Residential,Condominium,2560,1056,1977,2,2,82000,32.03,12/08/2025,Closed,sold,480715,https://juanjoseelizondo.idxbroker.com/idx/details/listing/d337/480715/1114-Tori-Lane-D-Edinburg-TX?widgetReferer=true,Imputed-land calc: take 18-22% of price as land share,"Recent sold townhouse, lot 1,500-3,500 SF, w/in 12 mo — for imputed-land calc"
B,IDX-juanjoseelizondo,townhouse_retail,519 S 4th Avenue A1,Edinburg,TX,78539,Edinburg Manor Condo,Residential,Condominium,2373,1089,1983,2,1,102660,43.26,12/20/2024,Closed,sold,455641,https://juanjoseelizondo.idxbroker.com/idx/details/listing/d337/455641/519-S-4th-Avenue-A1-Edinburg-TX?widgetReferer=true,Imputed-land calc: take 18-22% of price as land share,"Sold townhouse w/in 24mo, lot 1,500-5,000 SF — secondary imputed-land basis"
D,IDX-juanjoseelizondo,townhouse_retail,519 S 4th Avenue D2,Edinburg,TX,78539,Edinburg Manor Condo,Residential,Condominium,2600,980,1975,2,2,110000,42.31,1/09/2024,Closed,sold,412857,https://juanjoseelizondo.idxbroker.com/idx/details/listing/d337/412857/519-S-4th-Avenue-D2-Edinburg-TX?widgetReferer=true,Imputed-land calc: take 18-22% of price as land share,Larger-lot townhouse — broad-market context
D,IDX-juanjoseelizondo,townhouse_retail,3217 W Sprague Street 6,Edinburg,TX,78539,Brownwood Ph 2,Residential,Townhouse,2387,1030,2013,2,2,140000,58.65,12/05/2023,Closed,sold,417649,https://juanjoseelizondo.idxbroker.com/idx/details/listing/d337/417649/3217-W-Sprague-Street-6-Edinburg-TX?widgetReferer=true,Imputed-land calc: take 18-22% of price as land share,Larger-lot townhouse — broad-market context
B,IDX-juanjoseelizondo,townhouse_retail,718 Wellington Avenue,Edinburg,TX,78539,Brownwood Ph 2,Residential,Townhouse,2556,1146,2009,2,2,143000,55.95,6/10/2024,Closed,sold,427550,https://juanjoseelizondo.idxbroker.com/idx/details/listing/d337/427550/718-Wellington-Avenue-Edinburg-TX?widgetReferer=true,Imputed-land calc: take 18-22% of price as land share,"Sold townhouse w/in 24mo, lot 1,500-5,000 SF — secondary imputed-land basis"
B,IDX-juanjoseelizondo,townhouse_retail,3217 W Sprague Street 5,Edinburg,TX,78539,Brownwood Ph 2,Residential,Townhouse,2387,1030,2013,2,2,145000,60.75,10/01/2024,Closed,sold,432585,https://juanjoseelizondo.idxbroker.com/idx/details/listing/d337/432585/3217-W-Sprague-Street-5-Edinburg-TX?widgetReferer=true,Imputed-land calc: take 18-22% of price as land share,"Sold townhouse w/in 24mo, lot 1,500-5,000 SF — secondary imputed-land basis"
C,IDX-juanjoseelizondo,townhouse_retail,1420 S 7th Avenue,Edinburg,TX,78539,Shibui Village,Residential,Townhouse,2940,2600,2026,4,4,429000,145.92,2026-04-25,Active,active,502769,https://juanjoseelizondo.idxbroker.com/idx/details/listing/d337/502769/1420-S-7th-Avenue-Edinburg-TX?widgetReferer=true,Imputed-land calc: take 18-22% of price as land share,Active/pending listing — market floor signal
D,IDX-juanjoseelizondo,townhouse_retail,818 Hill Country Road,Edinburg,TX,78539,Hill Country Villas,Residential,Single Family Residence,6104,2645,1999,5,5,359000,58.81,2026-04-24,Active,active,502539,https://juanjoseelizondo.idxbroker.com/idx/details/listing/d337/502539/818-Hill-Country-Road-Edinburg-TX?widgetReferer=true,Imputed-land calc: take 18-22% of price as land share,Larger-lot townhouse — broad-market context
C,IDX-juanjoseelizondo,townhouse_retail,1406 N 7th Avenue,Edinburg,TX,78539,Shibui Village,Residential,Townhouse,2939,1654,2025,2,3,325000,110.58,2026-04-16,Active,active,502017,https://juanjoseelizondo.idxbroker.com/idx/details/listing/d337/502017/1406-N-7th-Avenue-Edinburg-TX?widgetReferer=true,Imputed-land calc: take 18-22% of price as land share,Active/pending listing — market floor signal
D,IDX-juanjoseelizondo,townhouse_retail,3608 Bridget Street,Edinburg,TX,78539,Las Villas At Autumn Ridge,Residential,Single Family Residence,5555,1280,2005,3,2,230000,41.4,2026-04-01,Active,active,500421,https://juanjoseelizondo.idxbroker.com/idx/details/listing/d337/500421/3608-Bridget-Street-Edinburg-TX?widgetReferer=true,Imputed-land calc: take 18-22% of price as land share,Larger-lot townhouse — broad-market context
C,IDX-juanjoseelizondo,townhouse_retail,2838 Allen Drive,Edinburg,TX,78539,Rincon De Las Fuentes,Residential,Townhouse,1951,1502,2023,3,2,265000,135.83,2025-06-11,Active,active,473448,https://juanjoseelizondo.idxbroker.com/idx/details/listing/d337/473448/2838-Allen-Drive-Edinburg-TX?widgetReferer=true,Imputed-land calc: take 18-22% of price as land share,Active/pending listing — market floor signal
C,IDX-juanjoseelizondo,townhouse_retail,519 S 4th Avenue C2,Edinburg,TX,78539,Edinburg Manor Condo,Residential,Condominium,2374,1089,1975,2,1,110000,46.34,2025-10-08,Active,active,481475,https://juanjoseelizondo.idxbroker.com/idx/details/listing/d337/481475/519-S-4th-Avenue-C2-Edinburg-TX?widgetReferer=true,Imputed-land calc: take 18-22% of price as land share,Active/pending listing — market floor signal
C,IDX-juanjoseelizondo,townhouse_retail,3302 S Sugar Road B,Edinburg,TX,78539,Regency,Residential,Townhouse,2228,1852,2019,3,4,211000,94.7,2025-10-14,Active,active,483248,https://juanjoseelizondo.idxbroker.com/idx/details/listing/d337/483248/3302-S-Sugar-Road-B-Edinburg-TX?widgetReferer=true,Imputed-land calc: take 18-22% of price as land share,Active/pending listing — market floor signal
D,IDX-juanjoseelizondo,townhouse_retail,4109 Carol Lane,Edinburg,TX,78539,Cesar Village,Residential,Single Family Residence,5248,1375,2025,3,2,269900,51.43,2025-10-24,Active,active,483984,https://juanjoseelizondo.idxbroker.com/idx/details/listing/d337/483984/4109-Carol-Lane-Edinburg-TX?widgetReferer=true,Imputed-land calc: take 18-22% of price as land share,Larger-lot townhouse — broad-market context
C,IDX-juanjoseelizondo,townhouse_retail,519 S 4th Avenue,Edinburg,TX,78539,Edinburg Manor Condo,Residential,Condominium,2374,1089,1973,2,2,85000,35.8,2026-03-19,Active,active,498337,https://juanjoseelizondo.idxbroker.com/idx/details/listing/d337/498337/519-S-4th-Avenue-Edinburg-TX?widgetReferer=true,Imputed-land calc: take 18-22% of price as land share,Active/pending listing — market floor signal
D,IDX-juanjoseelizondo,townhouse_retail,3507 Bridget Street,Edinburg,TX,78539,Las Villas At Autumn Ridge,Residential,Single Family Residence,5797,2167,2005,3,3,229000,39.5,2026-01-27,Active,active,493173,https://juanjoseelizondo.idxbroker.com/idx/details/listing/d337/493173/3507-Bridget-Street-Edinburg-TX?widgetReferer=true,Imputed-land calc: take 18-22% of price as land share,Larger-lot townhouse — broad-market context
D,IDX-juanjoseelizondo,townhouse_retail,1920 Katherine Avenue,Edinburg,TX,78539,Las Villas At Autumn Ridge,Residential,Single Family Residence,5502,1789,2005,3,3,229999,41.8,2026-01-28,Active,active,493299,https://juanjoseelizondo.idxbroker.com/idx/details/listing/d337/493299/1920-Katherine-Avenue-Edinburg-TX?widgetReferer=true,Imputed-land calc: take 18-22% of price as land share,Larger-lot townhouse — broad-market context
D,IDX-juanjoseelizondo,townhouse_retail,4212 Carol Drive,Edinburg,TX,78541,Cesar Village,Residential,Single Family Residence,5475,1455,2025,3,2,279000,50.96,3/26/2026,Closed,sold,494996,https://juanjoseelizondo.idxbroker.com/idx/details/listing/d337/494996/4212-Carol-Drive-Edinburg-TX?widgetReferer=true,Imputed-land calc: take 18-22% of price as land share,Larger-lot townhouse — broad-market context
A,IDX-juanjoseelizondo,townhouse_retail,1606 Nassau Street,Edinburg,TX,78541,Summer Winds Ph. 1,Residential,Townhouse,2002,1211,2005,2,3,132000,65.93,3/24/2026,Closed,sold,491862,https://juanjoseelizondo.idxbroker.com/idx/details/listing/d337/491862/1606-Nassau-Street-Edinburg-TX?widgetReferer=true,Imputed-land calc: take 18-22% of price as land share,"Recent sold townhouse, lot 1,500-3,500 SF, w/in 12 mo — for imputed-land calc"
A,IDX-juanjoseelizondo,townhouse_retail,2221 N Woody Street,Edinburg,TX,78541,Russell Village,Residential,Single Family Residence,2059,1555,2024,3,2,250000,121.42,3/24/2026,Closed,sold,483064,https://juanjoseelizondo.idxbroker.com/idx/details/listing/d337/483064/2221-N-Woody-Street-Edinburg-TX?widgetReferer=true,Imputed-land calc: take 18-22% of price as land share,"Recent sold townhouse, lot 1,500-3,500 SF, w/in 12 mo — for imputed-land calc"
D,IDX-juanjoseelizondo,townhouse_retail,2304 N Revolution Street,Edinburg,TX,78541,Russell Village,Residential,Single Family Residence,5884,1462,2024,3,2,247000,41.98,3/23/2026,Closed,sold,488907,https://juanjoseelizondo.idxbroker.com/idx/details/listing/d337/488907/2304-N-Revolution-Street-Edinburg-TX?widgetReferer=true,Imputed-land calc: take 18-22% of price as land share,Larger-lot townhouse — broad-market context
D,IDX-juanjoseelizondo,townhouse_retail,2317 N Woody Street,Edinburg,TX,78541,Russell Village,Residential,Single Family Residence,5942,1459,2024,3,2,240000,40.39,3/10/2026,Closed,sold,488998,https://juanjoseelizondo.idxbroker.com/idx/details/listing/d337/488998/2317-N-Woody-Street-Edinburg-TX?widgetReferer=true,Imputed-land calc: take 18-22% of price as land share,Larger-lot townhouse — broad-market context
D,IDX-juanjoseelizondo,townhouse_retail,2225 N Woody Street,Edinburg,TX,78541,Russell Village,Residential,Single Family Residence,5884,1459,2024,3,2,279000,47.42,3/04/2026,Closed,sold,491922,https://juanjoseelizondo.idxbroker.com/idx/details/listing/d337/491922/2225-N-Woody-Street-Edinburg-TX?widgetReferer=true,Imputed-land calc: take 18-22% of price as land share,Larger-lot townhouse — broad-market context
D,IDX-juanjoseelizondo,townhouse_retail,4220 Carol Lane,Edinburg,TX,78541,Cesar Village,Residential,Single Family Residence,5475,1455,2025,3,2,274000,50.05,2/25/2026,Closed,sold,488195,https://juanjoseelizondo.idxbroker.com/idx/details/listing/d337/488195/4220-Carol-Lane-Edinburg-TX?widgetReferer=true,Imputed-land calc: take 18-22% of price as land share,Larger-lot townhouse — broad-market context
D,IDX-juanjoseelizondo,townhouse_retail,4005 Alexia Lane,Edinburg,TX,78541,Cesar Village,Residential,Single Family Residence,5475,1468,2025,3,2,277000,50.59,1/27/2026,Closed,sold,482734,https://juanjoseelizondo.idxbroker.com/idx/details/listing/d337/482734/4005-Alexia-Lane-Edinburg-TX?widgetReferer=true,Imputed-land calc: take 18-22% of price as land share,Larger-lot townhouse — broad-market context
A,IDX-juanjoseelizondo,townhouse_retail,1600 Nassau Street,Edinburg,TX,78541,Summer Winds Ph. 1,Residential,Townhouse,2002,1229,2005,2,3,131000,65.43,1/26/2026,Closed,sold,486093,https://juanjoseelizondo.idxbroker.com/idx/details/listing/d337/486093/1600-Nassau-Street-Edinburg-TX?widgetReferer=true,Imputed-land calc: take 18-22% of price as land share,"Recent sold townhouse, lot 1,500-3,500 SF, w/in 12 mo — for imputed-land calc"
D,IDX-juanjoseelizondo,townhouse_retail,901 N Yale Drive,Edinburg,TX,78541,University Village,Residential,Single Family Residence,6181,1678,2003,3,2,230000,37.21,6/09/2023,Closed,sold,403348,https://juanjoseelizondo.idxbroker.com/idx/details/listing/d337/403348/901-N-Yale-Drive-Edinburg-TX?widgetReferer=true,Imputed-land calc: take 18-22% of price as land share,Larger-lot townhouse — broad-market context
A,IDX-juanjoseelizondo,townhouse_retail,1602 Nassau Street,Edinburg,TX,78541,Summer Winds Ph. 1,Residential,Townhouse,2002,1226,2005,2,3,135000,67.43,8/21/2025,Closed,sold,468053,https://juanjoseelizondo.idxbroker.com/idx/details/listing/d337/468053/1602-Nassau-Street-Edinburg-TX?widgetReferer=true,Imputed-land calc: take 18-22% of price as land share,"Recent sold townhouse, lot 1,500-3,500 SF, w/in 12 mo — for imputed-land calc"
C,IDX-juanjoseelizondo,townhouse_retail,1604 Nassau Street,Edinburg,TX,78541,Summer Winds Ph. 1,Residential,Townhouse,2002,1211,2005,2,3,142000,70.93,2026-04-22,Active,active,501217,https://juanjoseelizondo.idxbroker.com/idx/details/listing/d337/501217/1604-Nassau-Street-Edinburg-TX?widgetReferer=true,Imputed-land calc: take 18-22% of price as land share,Active/pending listing — market floor signal
D,IDX-juanjoseelizondo,townhouse_retail,2312 N Revolution Street,Edinburg,TX,78541,Russell Village,Residential,Single Family Residence,5939,1419,2024,3,2,268000,45.13,2026-04-17,Active,active,502078,https://juanjoseelizondo.idxbroker.com/idx/details/listing/d337/502078/2312-N-Revolution-Street-Edinburg-TX?widgetReferer=true,Imputed-land calc: take 18-22% of price as land share,Larger-lot townhouse — broad-market context
C,IDX-juanjoseelizondo,townhouse_retail,2702 Phoenix Street,Edinburg,TX,78541,Summer Winds,Residential,Townhouse,3183,1280,2013,3,3,189000,59.38,2026-04-09,Active,active,501222,https://juanjoseelizondo.idxbroker.com/idx/details/listing/d337/501222/2702-Phoenix-Street-Edinburg-TX?widgetReferer=true,Imputed-land calc: take 18-22% of price as land share,Active/pending listing — market floor signal
D,IDX-juanjoseelizondo,townhouse_retail,2220 N Revolution Street,Edinburg,TX,78541,Russell Village,Residential,Single Family Residence,5884,1415,2024,3,2,280000,47.59,2026-03-21,Active,active,498770,https://juanjoseelizondo.idxbroker.com/idx/details/listing/d337/498770/2220-N-Revolution-Street-Edinburg-TX?widgetReferer=true,Imputed-land calc: take 18-22% of price as land share,Larger-lot townhouse — broad-market context
D,IDX-juanjoseelizondo,townhouse_retail,4125 Carol Lane,Edinburg,TX,78541,Cesar Village,Residential,Single Family Residence,5662,1405,2025,3,2,254000,44.86,2026-03-18,Active,active,498432,https://juanjoseelizondo.idxbroker.com/idx/details/listing/d337/498432/4125-Carol-Lane-Edinburg-TX?widgetReferer=true,Imputed-land calc: take 18-22% of price as land share,Larger-lot townhouse — broad-market context
D,IDX-juanjoseelizondo,townhouse_retail,2228 N Revolution,Edinburg,TX,78541,Russell Village,Residential,Single Family Residence,5884,1326,2023,3,2,248000,42.15,2025-08-05,Active,active,477766,https://juanjoseelizondo.idxbroker.com/idx/details/listing/d337/477766/2228-N-Revolution-Edinburg-TX?widgetReferer=true,Imputed-land calc: take 18-22% of price as land share,Larger-lot townhouse — broad-market context
C,IDX-juanjoseelizondo,townhouse_retail,324 Toronto Avenue 39,McAllen,TX,78541,Townhomes Of Los Alegres #2,Residential,Townhouse,2924,2219,1990,4,3,345000,117.99,2025-11-03,Active,active,485870,https://juanjoseelizondo.idxbroker.com/idx/details/listing/d337/485870/324-Toronto-Avenue-39-McAllen-TX?widgetReferer=true,Imputed-land calc: take 18-22% of price as land share,Active/pending listing — market floor signal
D,IDX-juanjoseelizondo,townhouse_retail,4017 Carol Lane,Edinburg,TX,78542,Cesar Village,Residential,Single Family Residence,5499,1420,2025,3,3,269000,48.92,4/16/2026,Closed,sold,492636,https://juanjoseelizondo.idxbroker.com/idx/details/listing/d337/492636/4017-Carol-Lane-Edinburg-TX?widgetReferer=true,Imputed-land calc: take 18-22% of price as land share,Larger-lot townhouse — broad-market context
D,IDX-juanjoseelizondo,townhouse_retail,4013 Carol Lane,Edinburg,TX,78542,Cesar Village,Residential,Single Family Residence,5499,1469,2025,4,2,270000,49.1,3/31/2026,Closed,sold,486677,https://juanjoseelizondo.idxbroker.com/idx/details/listing/d337/486677/4013-Carol-Lane-Edinburg-TX?widgetReferer=true,Imputed-land calc: take 18-22% of price as land share,Larger-lot townhouse — broad-market context
D,IDX-juanjoseelizondo,townhouse_retail,3510 Country Club Drive 4,Edinburg,TX,78542,Monte Cristo Golf & Country Club,Residential,Townhouse,1920,1152,1975,2,3,108000,56.25,6/15/2023,Closed,sold,406262,https://juanjoseelizondo.idxbroker.com/idx/details/listing/d337/406262/3510-Country-Club-Drive-4-Edinburg-TX?widgetReferer=true,Imputed-land calc: take 18-22% of price as land share,Larger-lot townhouse — broad-market context
D,IDX-juanjoseelizondo,townhouse_retail,2404 Verbena Avenue,Edinburg,TX,78542,Mesquite Village,Residential,Mobile Home,5662,678,1996,2,1,68000,12.01,5/30/2025,Closed,sold,455446,https://juanjoseelizondo.idxbroker.com/idx/details/listing/d337/455446/2404-Verbena-Avenue-Edinburg-TX?widgetReferer=true,Imputed-land calc: take 18-22% of price as land share,Larger-lot townhouse — broad-market context
D,IDX-juanjoseelizondo,townhouse_retail,4117 Alexia Lane,Edinburg,TX,78542,Cesar Village,Residential,Single Family Residence,6050,1500,2026,3,3,274990,45.45,2026-04-18,Active,active,501932,https://juanjoseelizondo.idxbroker.com/idx/details/listing/d337/501932/4117-Alexia-Lane-Edinburg-TX?widgetReferer=true,Imputed-land calc: take 18-22% of price as land share,Larger-lot townhouse — broad-market context
D,IDX-juanjoseelizondo,townhouse_retail,4013 Alexia Lane,Edinburg,TX,78542,Cesar Village,Residential,Single Family Residence,5499,1440,2025,3,3,269000,48.92,2026-04-13,Active,active,501655,https://juanjoseelizondo.idxbroker.com/idx/details/listing/d337/501655/4013-Alexia-Lane-Edinburg-TX?widgetReferer=true,Imputed-land calc: take 18-22% of price as land share,Larger-lot townhouse — broad-market context
D,IDX-juanjoseelizondo,townhouse_retail,2616 Verbena Avenue,Edinburg,TX,78542,Mesquite Village,Residential,Mobile Home,5248,1764,1984,4,3,120000,22.87,2026-04-08,Active,active,501069,https://juanjoseelizondo.idxbroker.com/idx/details/listing/d337/501069/2616-Verbena-Avenue-Edinburg-TX?widgetReferer=true,Imputed-land calc: take 18-22% of price as land share,Larger-lot townhouse — broad-market context
A,IDX-juanjoseelizondo,townhouse_retail,217 Robin Avenue,McAllen,TX,78504,North Garden Villas,Residential,Townhouse,2408,1478,2009,2,3,180000,74.75,4/17/2026,Closed,sold,493923,https://juanjoseelizondo.idxbroker.com/idx/details/listing/d337/493923/217-Robin-Avenue-McAllen-TX?widgetReferer=true,Imputed-land calc: take 18-22% of price as land share,"Recent sold townhouse, lot 1,500-3,500 SF, w/in 12 mo — for imputed-land calc"
A,IDX-juanjoseelizondo,townhouse_retail,1100 Shasta Avenue 7,McAllen,TX,78504,Primrose Homes Condominiums,Residential,Condominium,3371,1204,2001,2,2,143000,42.42,4/17/2026,Closed,sold,488543,https://juanjoseelizondo.idxbroker.com/idx/details/listing/d337/488543/1100-Shasta-Avenue-7-McAllen-TX?widgetReferer=true,Imputed-land calc: take 18-22% of price as land share,"Recent sold townhouse, lot 1,500-3,500 SF, w/in 12 mo — for imputed-land calc"
D,IDX-juanjoseelizondo,townhouse_retail,4808 Oleander Avenue,McAllen,TX,78504,Taylor Creek Villages,Residential,Single Family Residence,5999,1320,2025,3,2,250000,41.67,3/24/2026,Closed,sold,467947,https://juanjoseelizondo.idxbroker.com/idx/details/listing/d337/467947/4808-Oleander-Avenue-McAllen-TX?widgetReferer=true,Imputed-land calc: take 18-22% of price as land share,Larger-lot townhouse — broad-market context
D,IDX-juanjoseelizondo,townhouse_retail,1328 Ozark Avenue,McAllen,TX,78504,Villagio,Residential,Single Family Residence,2779,1455,2014,3,2,245000,88.16,6/05/2023,Closed,sold,404378,https://juanjoseelizondo.idxbroker.com/idx/details/listing/d337/404378/1328-Ozark-Avenue-McAllen-TX?widgetReferer=true,Imputed-land calc: take 18-22% of price as land share,Larger-lot townhouse — broad-market context
D,IDX-juanjoseelizondo,townhouse_retail,3116 York Avenue,McAllen,TX,78504,Villanueva Estates At Trinity Oaks,Residential,Single Family Residence,6050,1503,2023,3,2,256000,42.31,6/16/2023,Closed,sold,402021,https://juanjoseelizondo.idxbroker.com/idx/details/listing/d337/402021/3116-York-Avenue-McAllen-TX?widgetReferer=true,Imputed-land calc: take 18-22% of price as land share,Larger-lot townhouse — broad-market context
A,IDX-juanjoseelizondo,townhouse_retail,2609 Warbler Avenue,McAllen,TX,78504,Habitat Village,Residential,Townhouse,2600,1449,2024,3,3,27100,10.42,6/11/2025,Closed,sold,466301,https://juanjoseelizondo.idxbroker.com/idx/details/listing/d337/466301/2609-Warbler-Avenue-McAllen-TX?widgetReferer=true,Imputed-land calc: take 18-22% of price as land share,"Recent sold townhouse, lot 1,500-3,500 SF, w/in 12 mo — for imputed-land calc"
B,IDX-juanjoseelizondo,townhouse_retail,9401 N 10th Street 2,McAllen,TX,78504,Timberhill Villa # 2,Residential,Mobile Home,4596,1036,1989,2,2,55000,11.97,8/18/2025,Closed,sold,476060,https://juanjoseelizondo.idxbroker.com/idx/details/listing/d337/476060/9401-N-10th-Street-2-McAllen-TX?widgetReferer=true,Imputed-land calc: take 18-22% of price as land share,"Sold townhouse w/in 24mo, lot 1,500-5,000 SF — secondary imputed-land basis"
D,IDX-juanjoseelizondo,townhouse_retail,9401 N 10th Street,McAllen,TX,78504,Timberhill Villa,Residential,Mobile Home,4176,1008,1979,2,2,70000,16.76,3/25/2024,Closed,sold,423116,https://juanjoseelizondo.idxbroker.com/idx/details/listing/d337/423116/9401-N-10th-Street-McAllen-TX?widgetReferer=true,Imputed-land calc: take 18-22% of price as land share,Larger-lot townhouse — broad-market context
A,IDX-juanjoseelizondo,townhouse_retail,6800 N 23rd Street 6,McAllen,TX,78504,Las Torres Condominiums,Residential,Condominium,2322,1067,1980,2,1,95000,40.91,6/30/2025,Closed,sold,472676,https://juanjoseelizondo.idxbroker.com/idx/details/listing/d337/472676/6800-N-23rd-Street-6-McAllen-TX?widgetReferer=true,Imputed-land calc: take 18-22% of price as land share,"Recent sold townhouse, lot 1,500-3,500 SF, w/in 12 mo — for imputed-land calc"
A,IDX-juanjoseelizondo,townhouse_retail,6800 N 23rd Street 3,McAllen,TX,78504,Las Torres Condominiums,Residential,Condominium,2322,1067,1980,2,1,95000,40.91,6/30/2025,Closed,sold,472686,https://juanjoseelizondo.idxbroker.com/idx/details/listing/d337/472686/6800-N-23rd-Street-3-McAllen-TX?widgetReferer=true,Imputed-land calc: take 18-22% of price as land share,"Recent sold townhouse, lot 1,500-3,500 SF, w/in 12 mo — for imputed-land calc"
A,IDX-juanjoseelizondo,townhouse_retail,5308 N 15th Street 3,McAllen,TX,78504,Santa Elena Condominiums,Residential,Condominium,2360,1092,1990,2,2,117000,49.58,6/09/2025,Closed,sold,457059,https://juanjoseelizondo.idxbroker.com/idx/details/listing/d337/457059/5308-N-15th-Street-3-McAllen-TX?widgetReferer=true,Imputed-land calc: take 18-22% of price as land share,"Recent sold townhouse, lot 1,500-3,500 SF, w/in 12 mo — for imputed-land calc"
A,IDX-juanjoseelizondo,townhouse_retail,704 Kerry Lane,McAllen,TX,78504,El Cazador,Residential,Townhouse,3415,1741,1991,3,2,132000,38.65,9/15/2025,Closed,sold,471095,https://juanjoseelizondo.idxbroker.com/idx/details/listing/d337/471095/704-Kerry-Lane-McAllen-TX?widgetReferer=true,Imputed-land calc: take 18-22% of price as land share,"Recent sold townhouse, lot 1,500-3,500 SF, w/in 12 mo — for imputed-land calc"
B,IDX-juanjoseelizondo,townhouse_retail,6832 N 4th Street,McAllen,TX,78504,Diamante Village,Residential,Townhouse,2249,1697,2006,3,3,145000,64.47,10/09/2024,Closed,sold,449617,https://juanjoseelizondo.idxbroker.com/idx/details/listing/d337/449617/6832-N-4th-Street-McAllen-TX?widgetReferer=true,Imputed-land calc: take 18-22% of price as land share,"Sold townhouse w/in 24mo, lot 1,500-5,000 SF — secondary imputed-land basis"
B,IDX-juanjoseelizondo,townhouse_retail,1600 W Nolana Avenue C-15,McAllen,TX,78504,Case Madrid Townhouses,Residential,Condominium,3263,945,1973,2,2,164000,50.26,7/04/2024,Closed,sold,440354,https://juanjoseelizondo.idxbroker.com/idx/details/listing/d337/440354/1600-W-Nolana-Avenue-C-15-McAllen-TX?widgetReferer=true,Imputed-land calc: take 18-22% of price as land share,"Sold townhouse w/in 24mo, lot 1,500-5,000 SF — secondary imputed-land basis"
C,IDX-juanjoseelizondo,townhouse_retail,2641 Warbler Avenue,McAllen,TX,78504,Habitat Village,Residential,Townhouse,2600,1420,2024,3,3,267000,102.69,2026-04-20,Active,active,502232,https://juanjoseelizondo.idxbroker.com/idx/details/listing/d337/502232/2641-Warbler-Avenue-McAllen-TX?widgetReferer=true,Imputed-land calc: take 18-22% of price as land share,Active/pending listing — market floor signal
C,IDX-juanjoseelizondo,townhouse_retail,2637 Warbler Avenue,McAllen,TX,78504,Habitat Village,Residential,Townhouse,2600,1449,2024,3,3,269000,103.46,2026-04-20,Active,active,501643,https://juanjoseelizondo.idxbroker.com/idx/details/listing/d337/501643/2637-Warbler-Avenue-McAllen-TX?widgetReferer=true,Imputed-land calc: take 18-22% of price as land share,Active/pending listing — market floor signal
D,IDX-juanjoseelizondo,townhouse_retail,9401 10th,McAllen,TX,78504,Timberhill Villa # 2,Residential,Mobile Home,5062,826,1989,2,1,68000,13.43,2026-04-17,Active,active,502074,https://juanjoseelizondo.idxbroker.com/idx/details/listing/d337/502074/9401-10th-McAllen-TX?widgetReferer=true,Imputed-land calc: take 18-22% of price as land share,Larger-lot townhouse — broad-market context
C,IDX-juanjoseelizondo,townhouse_retail,10202 N 13th Street,McAllen,TX,78504,Villas On Freddy,Residential,Single Family Residence,3994,2257,2021,3,3,304000,76.11,2025-04-24,Pending,active,469357,https://juanjoseelizondo.idxbroker.com/idx/details/listing/d337/469357/10202-N-13th-Street-McAllen-TX?widgetReferer=true,Imputed-land calc: take 18-22% of price as land share,Active/pending listing — market floor signal
C,IDX-juanjoseelizondo,townhouse_retail,5321 N 10th Street 204,McAllen,TX,78504,The Ww Complex Condominiums,Residential,Condominium,1721,1962,1982,2,2,200000,116.21,2025-06-27,Active,active,474676,https://juanjoseelizondo.idxbroker.com/idx/details/listing/d337/474676/5321-N-10th-Street-204-McAllen-TX?widgetReferer=true,Imputed-land calc: take 18-22% of price as land share,Active/pending listing — market floor signal
C,IDX-juanjoseelizondo,townhouse_retail,5321 N 10th Street 101,McAllen,TX,78504,The Ww Complex Condominiums,Residential,Condominium,1721,1962,1982,2,2,200000,116.21,2025-06-27,Active,active,474720,https://juanjoseelizondo.idxbroker.com/idx/details/listing/d337/474720/5321-N-10th-Street-101-McAllen-TX?widgetReferer=true,Imputed-land calc: take 18-22% of price as land share,Active/pending listing — market floor signal
C,IDX-juanjoseelizondo,townhouse_retail,5321 N 10th Street 104,McAllen,TX,78504,The Ww Complex Condominiums,Residential,Condominium,1721,1962,1982,2,2,200000,116.21,2025-06-27,Pending,active,474728,https://juanjoseelizondo.idxbroker.com/idx/details/listing/d337/474728/5321-N-10th-Street-104-McAllen-TX?widgetReferer=true,Imputed-land calc: take 18-22% of price as land share,Active/pending listing — market floor signal
C,IDX-juanjoseelizondo,townhouse_retail,5321 N 10th Street 201,McAllen,TX,78504,The Ww Complex Condominiums,Residential,Condominium,1721,1962,1982,2,2,200000,116.21,2025-06-27,Active,active,474732,https://juanjoseelizondo.idxbroker.com/idx/details/listing/d337/474732/5321-N-10th-Street-201-McAllen-TX?widgetReferer=true,Imputed-land calc: take 18-22% of price as land share,Active/pending listing — market floor signal
C,IDX-juanjoseelizondo,townhouse_retail,5321 N 10th Street 102,McAllen,TX,78504,The Ww Complex Condominiums,Residential,Condominium,1721,1962,1982,2,2,200000,116.21,2025-06-27,Active,active,474724,https://juanjoseelizondo.idxbroker.com/idx/details/listing/d337/474724/5321-N-10th-Street-102-McAllen-TX?widgetReferer=true,Imputed-land calc: take 18-22% of price as land share,Active/pending listing — market floor signal
C,IDX-juanjoseelizondo,townhouse_retail,5321 N 10th Street 503,McAllen,TX,78504,The Ww Complex Condominiums,Residential,Condominium,1721,1962,1982,2,2,200000,116.21,2025-06-27,Active,active,474739,https://juanjoseelizondo.idxbroker.com/idx/details/listing/d337/474739/5321-N-10th-Street-503-McAllen-TX?widgetReferer=true,Imputed-land calc: take 18-22% of price as land share,Active/pending listing — market floor signal
C,IDX-juanjoseelizondo,townhouse_retail,5321 N 10th Street 203,McAllen,TX,78504,The Ww Complex Condominiums,Residential,Condominium,1721,1962,1982,2,2,200000,116.21,2025-06-27,Active,active,474736,https://juanjoseelizondo.idxbroker.com/idx/details/listing/d337/474736/5321-N-10th-Street-203-McAllen-TX?widgetReferer=true,Imputed-land calc: take 18-22% of price as land share,Active/pending listing — market floor signal
C,IDX-juanjoseelizondo,townhouse_retail,5321 N 10th Street 504,McAllen,TX,78504,The Ww Complex Condominiums,Residential,Condominium,1721,1962,1982,2,2,200000,116.21,2025-06-27,Active,active,474737,https://juanjoseelizondo.idxbroker.com/idx/details/listing/d337/474737/5321-N-10th-Street-504-McAllen-TX?widgetReferer=true,Imputed-land calc: take 18-22% of price as land share,Active/pending listing — market floor signal
C,IDX-juanjoseelizondo,townhouse_retail,5321 N 10th Street 303,McAllen,TX,78504,The Ww Complex Condominiums,Residential,Condominium,1721,1962,1982,2,2,200000,116.21,2025-06-30,Active,active,474738,https://juanjoseelizondo.idxbroker.com/idx/details/listing/d337/474738/5321-N-10th-Street-303-McAllen-TX?widgetReferer=true,Imputed-land calc: take 18-22% of price as land share,Active/pending listing — market floor signal
C,IDX-juanjoseelizondo,townhouse_retail,5321 N 10th Street 502,McAllen,TX,78504,The Ww Complex Condominiums,Residential,Condominium,1721,1962,1982,2,2,200000,116.21,2025-06-30,Active,active,474866,https://juanjoseelizondo.idxbroker.com/idx/details/listing/d337/474866/5321-N-10th-Street-502-McAllen-TX?widgetReferer=true,Imputed-land calc: take 18-22% of price as land share,Active/pending listing — market floor signal
C,IDX-juanjoseelizondo,townhouse_retail,5321 N 10th Street 404,McAllen,TX,78504,The Ww Complex Condominiums,Residential,Condominium,1721,1962,1982,2,2,200000,116.21,2025-06-30,Active,active,474863,https://juanjoseelizondo.idxbroker.com/idx/details/listing/d337/474863/5321-N-10th-Street-404-McAllen-TX?widgetReferer=true,Imputed-land calc: take 18-22% of price as land share,Active/pending listing — market floor signal
C,IDX-juanjoseelizondo,townhouse_retail,5321 N 10th Street 401,McAllen,TX,78504,The Ww Complex Condominiums,Residential,Condominium,1721,1962,1982,2,2,200000,116.21,2025-06-30,Active,active,474854,https://juanjoseelizondo.idxbroker.com/idx/details/listing/d337/474854/5321-N-10th-Street-401-McAllen-TX?widgetReferer=true,Imputed-land calc: take 18-22% of price as land share,Active/pending listing — market floor signal
C,IDX-juanjoseelizondo,townhouse_retail,5321 N 10th Street 501,McAllen,TX,78504,The Ww Complex Condominiums,Residential,Condominium,1721,1962,1982,2,2,200000,116.21,2025-06-30,Active,active,474865,https://juanjoseelizondo.idxbroker.com/idx/details/listing/d337/474865/5321-N-10th-Street-501-McAllen-TX?widgetReferer=true,Imputed-land calc: take 18-22% of price as land share,Active/pending listing — market floor signal
C,IDX-juanjoseelizondo,townhouse_retail,5321 N 10th Street 403,McAllen,TX,78504,The Ww Complex Condominiums,Residential,Condominium,1721,1962,1982,2,2,200000,116.21,2025-06-30,Active,active,474858,https://juanjoseelizondo.idxbroker.com/idx/details/listing/d337/474858/5321-N-10th-Street-403-McAllen-TX?widgetReferer=true,Imputed-land calc: take 18-22% of price as land share,Active/pending listing — market floor signal
C,IDX-juanjoseelizondo,townhouse_retail,5321 N 10th Street 301,McAllen,TX,78504,The Ww Complex Condominiums,Residential,Condominium,1721,1962,1982,3,2,200000,116.21,2025-06-30,Active,active,474868,https://juanjoseelizondo.idxbroker.com/idx/details/listing/d337/474868/5321-N-10th-Street-301-McAllen-TX?widgetReferer=true,Imputed-land calc: take 18-22% of price as land share,Active/pending listing — market floor signal
D,IDX-juanjoseelizondo,townhouse_retail,3113 Arroyo Avenue,McAllen,TX,78504,Villanueva Estates At Trinity Oaks,Residential,Single Family Residence,6381,1451,2022,3,2,270000,42.31,2025-08-18,Pending,active,477981,https://juanjoseelizondo.idxbroker.com/idx/details/listing/d337/477981/3113-Arroyo-Avenue-McAllen-TX?widgetReferer=true,Imputed-land calc: take 18-22% of price as land share,Larger-lot townhouse — broad-market context
D,IDX-juanjoseelizondo,townhouse_retail,9401 N 10th Street 3-15,McAllen,TX,78504,Timberhill Villa # 3,Residential,Mobile Home,6320,840,1990,1,1,70000,11.08,2025-12-29,Active,active,490614,https://juanjoseelizondo.idxbroker.com/idx/details/listing/d337/490614/9401-N-10th-Street-3-15-McAllen-TX?widgetReferer=true,Imputed-land calc: take 18-22% of price as land share,Larger-lot townhouse — broad-market context
C,IDX-juanjoseelizondo,townhouse_retail,1600 W Nolana Avenue A5,McAllen,TX,78504,Case Madrid Townhouses,Residential,Townhouse,3263,945,1973,2,2,138000,42.29,2026-03-04,Active,active,497089,https://juanjoseelizondo.idxbroker.com/idx/details/listing/d337/497089/1600-W-Nolana-Avenue-A5-McAllen-TX?widgetReferer=true,Imputed-land calc: take 18-22% of price as land share,Active/pending listing — market floor signal
C,IDX-juanjoseelizondo,townhouse_retail,3008 S M Street,McAllen,TX,78504,Las Canadas,Residential,Townhouse,3280,1331,2007,3,3,168000,51.22,2026-01-06,Active,active,491287,https://juanjoseelizondo.idxbroker.com/idx/details/listing/d337/491287/3008-S-M-Street-McAllen-TX?widgetReferer=true,Imputed-land calc: take 18-22% of price as land share,Active/pending listing — market floor signal
C,IDX-juanjoseelizondo,townhouse_retail,4221 Heron Avenue 17,McAllen,TX,78504,Sunset Village Condominiums,Residential,Condominium,3551,980,2025,3,2,169500,47.73,2026-02-01,Active,active,493172,https://juanjoseelizondo.idxbroker.com/idx/details/listing/d337/493172/4221-Heron-Avenue-17-McAllen-TX?widgetReferer=true,Imputed-land calc: take 18-22% of price as land share,Active/pending listing — market floor signal
A,IDX-juanjoseelizondo,townhouse_retail,2707 E Solar Drive,Mission,TX,78501,Garden Path,Residential,Townhouse,2614,1963,2025,3,3,363000,138.87,3/19/2026,Closed,sold,491020,https://juanjoseelizondo.idxbroker.com/idx/details/listing/d337/491020/2707-E-Solar-Drive-Mission-TX?widgetReferer=true,Imputed-land calc: take 18-22% of price as land share,"Recent sold townhouse, lot 1,500-3,500 SF, w/in 12 mo — for imputed-land calc"
A,IDX-juanjoseelizondo,townhouse_retail,2613 E Solar Drive,Mission,TX,78501,Garden Path,Residential,Townhouse,2660,1918,2025,3,3,427000,160.53,3/09/2026,Closed,sold,483734,https://juanjoseelizondo.idxbroker.com/idx/details/listing/d337/483734/2613-E-Solar-Drive-Mission-TX?widgetReferer=true,Imputed-land calc: take 18-22% of price as land share,"Recent sold townhouse, lot 1,500-3,500 SF, w/in 12 mo — for imputed-land calc"
D,IDX-juanjoseelizondo,townhouse_retail,2329 N Peking Street,McAllen,TX,78501,Villas At La Vista,Residential,Single Family Residence,5502,1867,2023,3,2,295000,53.62,4/28/2023,Closed,sold,396722,https://juanjoseelizondo.idxbroker.com/idx/details/listing/d337/396722/2329-N-Peking-Street-McAllen-TX?widgetReferer=true,Imputed-land calc: take 18-22% of price as land share,Larger-lot townhouse — broad-market context
D,IDX-juanjoseelizondo,townhouse_retail,1900 La Vista Avenue,McAllen,TX,78501,Del-Lou,Residential,Townhouse,3419,1410,1976,4,2,180000,52.65,5/26/2023,Closed,sold,396649,https://juanjoseelizondo.idxbroker.com/idx/details/listing/d337/396649/1900-La-Vista-Avenue-McAllen-TX?widgetReferer=true,Imputed-land calc: take 18-22% of price as land share,Larger-lot townhouse — broad-market context
D,IDX-juanjoseelizondo,townhouse_retail,1401 N 15th Street A-5,McAllen,TX,78501,Boulevard Heights Condo,Residential,Condominium,2726,1146,1989,2,3,155000,56.86,6/05/2023,Closed,sold,401600,https://juanjoseelizondo.idxbroker.com/idx/details/listing/d337/401600/1401-N-15th-Street-A-5-McAllen-TX?widgetReferer=true,Imputed-land calc: take 18-22% of price as land share,Larger-lot townhouse — broad-market context
D,IDX-juanjoseelizondo,townhouse_retail,301 E La Vista Avenue 50,McAllen,TX,78501,Sunset Village Condominiums,Residential,Condominium,6181,1714,1979,3,3,215000,34.78,6/14/2023,Closed,sold,402245,https://juanjoseelizondo.idxbroker.com/idx/details/listing/d337/402245/301-E-La-Vista-Avenue-50-McAllen-TX?widgetReferer=true,Imputed-land calc: take 18-22% of price as land share,Larger-lot townhouse — broad-market context
D,IDX-juanjoseelizondo,townhouse_retail,340 N 35th Lane,McAllen,TX,78501,Tropical Village,Residential,Single Family Residence,5702,1310,1996,2,2,178000,31.22,6/23/2023,Closed,sold,406904,https://juanjoseelizondo.idxbroker.com/idx/details/listing/d337/406904/340-N-35th-Lane-McAllen-TX?widgetReferer=true,Imputed-land calc: take 18-22% of price as land share,Larger-lot townhouse — broad-market context
D,IDX-juanjoseelizondo,townhouse_retail,1313 E Daffodil Avenue UTC,McAllen,TX,78501,Sunrise Terrace Condominiums,Residential,Condominium,1972,1216,2014,2,3,159900,81.09,7/17/2023,Closed,sold,406282,https://juanjoseelizondo.idxbroker.com/idx/details/listing/d337/406282/1313-E-Daffodil-Avenue-UTC-McAllen-TX?widgetReferer=true,Imputed-land calc: take 18-22% of price as land share,Larger-lot townhouse — broad-market context
D,IDX-juanjoseelizondo,townhouse_retail,118 E Maple Avenue,McAllen,TX,78501,Bon Marche,Residential,Townhouse,2151,1512,2023,3,3,252600,117.43,8/02/2023,Closed,sold,404869,https://juanjoseelizondo.idxbroker.com/idx/details/listing/d337/404869/118-E-Maple-Avenue-McAllen-TX?widgetReferer=true,Imputed-land calc: take 18-22% of price as land share,Larger-lot townhouse — broad-market context
A,IDX-juanjoseelizondo,townhouse_retail,3509 N 23rd Lane 209,McAllen,TX,78501,Saxon Village Condos,Residential,Condominium,1528,1114,1985,2,1,67000,43.85,6/19/2025,Closed,sold,452026,https://juanjoseelizondo.idxbroker.com/idx/details/listing/d337/452026/3509-N-23rd-Lane-209-McAllen-TX?widgetReferer=true,Imputed-land calc: take 18-22% of price as land share,"Recent sold townhouse, lot 1,500-3,500 SF, w/in 12 mo — for imputed-land calc"
A,IDX-juanjoseelizondo,townhouse_retail,3509 N 23rd Lane 205,McAllen,TX,78501,Saxon Village Condos,Residential,Condominium,1528,1114,1985,2,1,67000,43.85,6/19/2025,Closed,sold,451952,https://juanjoseelizondo.idxbroker.com/idx/details/listing/d337/451952/3509-N-23rd-Lane-205-McAllen-TX?widgetReferer=true,Imputed-land calc: take 18-22% of price as land share,"Recent sold townhouse, lot 1,500-3,500 SF, w/in 12 mo — for imputed-land calc"
B,IDX-juanjoseelizondo,townhouse_retail,3505 N 23rd Lane 211,McAllen,TX,78501,Saxon Village Condos,Residential,Condominium,1528,1114,1985,2,1,71000,46.47,12/16/2024,Closed,sold,452028,https://juanjoseelizondo.idxbroker.com/idx/details/listing/d337/452028/3505-N-23rd-Lane-211-McAllen-TX?widgetReferer=true,Imputed-land calc: take 18-22% of price as land share,"Sold townhouse w/in 24mo, lot 1,500-5,000 SF — secondary imputed-land basis"
B,IDX-juanjoseelizondo,townhouse_retail,3505 N 23rd Lane 212,McAllen,TX,78501,Saxon Village Condos,Residential,Condominium,1721,1305,1985,2,2,86600,50.32,8/20/2024,Closed,sold,444037,https://juanjoseelizondo.idxbroker.com/idx/details/listing/d337/444037/3505-N-23rd-Lane-212-McAllen-TX?widgetReferer=true,Imputed-land calc: take 18-22% of price as land share,"Sold townhouse w/in 24mo, lot 1,500-5,000 SF — secondary imputed-land basis"
B,IDX-juanjoseelizondo,townhouse_retail,3505 N 23rd Lane 209,McAllen,TX,78501,Saxon Village Condos,Residential,Condominium,1629,1191,1985,2,2,90000,55.25,10/21/2024,Closed,sold,442594,https://juanjoseelizondo.idxbroker.com/idx/details/listing/d337/442594/3505-N-23rd-Lane-209-McAllen-TX?widgetReferer=true,Imputed-land calc: take 18-22% of price as land share,"Sold townhouse w/in 24mo, lot 1,500-5,000 SF — secondary imputed-land basis"
C,IDX-juanjoseelizondo,townhouse_retail,1324 E Camellia Avenue D,McAllen,TX,78501,Latitude 360 Condos,Residential,Condominium,2713,1236,2009,2,3,179500,66.16,2026-04-15,Active,active,501788,https://juanjoseelizondo.idxbroker.com/idx/details/listing/d337/501788/1324-E-Camellia-Avenue-D-McAllen-TX?widgetReferer=true,Imputed-land calc: take 18-22% of price as land share,Active/pending listing — market floor signal
C,IDX-juanjoseelizondo,townhouse_retail,1217 E Camellia Avenue A,McAllen,TX,78501,Latitude 360 Condos,Residential,Condominium,2025,1309,2016,2,3,176000,86.91,2026-04-14,Active,active,501422,https://juanjoseelizondo.idxbroker.com/idx/details/listing/d337/501422/1217-E-Camellia-Avenue-A-McAllen-TX?widgetReferer=true,Imputed-land calc: take 18-22% of price as land share,Active/pending listing — market floor signal
C,IDX-juanjoseelizondo,townhouse_retail,2603 E Solar Drive,Mission,TX,78501,Garden Path,Residential,Townhouse,2648,1563,2025,3,3,280000,105.74,2026-04-13,Active,active,501601,https://juanjoseelizondo.idxbroker.com/idx/details/listing/d337/501601/2603-E-Solar-Drive-Mission-TX?widgetReferer=true,Imputed-land calc: take 18-22% of price as land share,Active/pending listing — market floor signal
C,IDX-juanjoseelizondo,townhouse_retail,900 S Bicentennial Boulevard,McAllen,TX,78501,Guerra,Residential,Townhouse,2613,1574,2026,3,3,299000,114.43,2026-04-09,Active,active,501282,https://juanjoseelizondo.idxbroker.com/idx/details/listing/d337/501282/900-S-Bicentennial-Boulevard-McAllen-TX?widgetReferer=true,Imputed-land calc: take 18-22% of price as land share,Active/pending listing — market floor signal
C,IDX-juanjoseelizondo,townhouse_retail,822 Bicentennial Boulevard,McAllen,TX,78501,Guerra,Residential,Townhouse,2499,1574,2025,3,3,299000,119.65,2026-04-08,Active,active,501133,https://juanjoseelizondo.idxbroker.com/idx/details/listing/d337/501133/822-Bicentennial-Boulevard-McAllen-TX?widgetReferer=true,Imputed-land calc: take 18-22% of price as land share,Active/pending listing — market floor signal
D,IDX-juanjoseelizondo,townhouse_retail,2332 N Peking Street,McAllen,TX,78501,Villas At La Vista,Residential,Single Family Residence,5218,2277,2025,3,3,336000,64.39,2026-04-07,Active,active,501071,https://juanjoseelizondo.idxbroker.com/idx/details/listing/d337/501071/2332-N-Peking-Street-McAllen-TX?widgetReferer=true,Imputed-land calc: take 18-22% of price as land share,Larger-lot townhouse — broad-market context
C,IDX-juanjoseelizondo,townhouse_retail,900 E Dallas Avenue UT18,McAllen,TX,78501,Royal Village,Residential,Condominium,4830,1371,1981,2,2,138900,28.76,2026-04-01,Active,active,500441,https://juanjoseelizondo.idxbroker.com/idx/details/listing/d337/500441/900-E-Dallas-Avenue-UT18-McAllen-TX?widgetReferer=true,Imputed-land calc: take 18-22% of price as land share,Active/pending listing — market floor signal
C,IDX-juanjoseelizondo,townhouse_retail,1405 N 15th Street B-16,McAllen,TX,78501,Boulevard Heights,Residential,Condominium,2255,1146,1989,2,3,175000,77.61,2024-04-10,Active,active,433424,https://juanjoseelizondo.idxbroker.com/idx/details/listing/d337/433424/1405-N-15th-Street-B-16-McAllen-TX?widgetReferer=true,Imputed-land calc: take 18-22% of price as land share,Active/pending listing — market floor signal
C,IDX-juanjoseelizondo,townhouse_retail,810 Bicentennial Boulevard,McAllen,TX,78501,Guerra,Residential,Townhouse,2266,2022,2025,3,3,364000,160.64,2025-03-18,Active,active,465500,https://juanjoseelizondo.idxbroker.com/idx/details/listing/d337/465500/810-Bicentennial-Boulevard-McAllen-TX?widgetReferer=true,Imputed-land calc: take 18-22% of price as land share,Active/pending listing — market floor signal
C,IDX-juanjoseelizondo,townhouse_retail,808 Bicentennial Boulevard,McAllen,TX,78501,Guerra,Residential,Townhouse,2266,2022,2025,3,3,364000,160.64,2025-03-18,Active,active,465498,https://juanjoseelizondo.idxbroker.com/idx/details/listing/d337/465498/808-Bicentennial-Boulevard-McAllen-TX?widgetReferer=true,Imputed-land calc: take 18-22% of price as land share,Active/pending listing — market floor signal
D,IDX-juanjoseelizondo,townhouse_retail,2417 W Iris Avenue,McAllen,TX,78501,Maravillas #1,Residential,Single Family Residence,5998,1838,1978,3,2,183500,30.59,2025-05-23,Active,active,471832,https://juanjoseelizondo.idxbroker.com/idx/details/listing/d337/471832/2417-W-Iris-Avenue-McAllen-TX?widgetReferer=true,Imputed-land calc: take 18-22% of price as land share,Larger-lot townhouse — broad-market context
C,IDX-juanjoseelizondo,townhouse_retail,800 E Dallas Avenue 7,McAllen,TX,78501,Hawaiian Village,Residential,Condominium,3919,1423,1973,2,2,145000,37.0,2025-06-06,Active,active,473118,https://juanjoseelizondo.idxbroker.com/idx/details/listing/d337/473118/800-E-Dallas-Avenue-7-McAllen-TX?widgetReferer=true,Imputed-land calc: take 18-22% of price as land share,Active/pending listing — market floor signal
C,IDX-juanjoseelizondo,townhouse_retail,2401 N I Street,McAllen,TX,78501,Clocktower Village,Residential,Condominium,3171,1438,1995,3,2,205000,64.65,2025-08-08,Active,active,475625,https://juanjoseelizondo.idxbroker.com/idx/details/listing/d337/475625/2401-N-I-Street-McAllen-TX?widgetReferer=true,Imputed-land calc: take 18-22% of price as land share,Active/pending listing — market floor signal
C,IDX-juanjoseelizondo,townhouse_retail,820 S Bicentennial Boulevard,McAllen,TX,78501,Guerra,Residential,Townhouse,2499,1690,2025,3,3,314900,126.01,2025-09-05,Active,active,479071,https://juanjoseelizondo.idxbroker.com/idx/details/listing/d337/479071/820-S-Bicentennial-Boulevard-McAllen-TX?widgetReferer=true,Imputed-land calc: take 18-22% of price as land share,Active/pending listing — market floor signal
C,IDX-juanjoseelizondo,townhouse_retail,2922 N 50th Lane,McAllen,TX,78501,Las Villas De Camila,Residential,Single Family Residence,2914,1575,2016,3,2,255000,87.51,2025-10-11,Active,active,483112,https://juanjoseelizondo.idxbroker.com/idx/details/listing/d337/483112/2922-N-50th-Lane-McAllen-TX?widgetReferer=true,Imputed-land calc: take 18-22% of price as land share,Active/pending listing — market floor signal
C,IDX-juanjoseelizondo,townhouse_retail,3201 N 25 1/2 Street,McAllen,TX,78501,Palm Gardens Condominiums,Residential,Condominium,3053,690,1982,1,1,105000,34.39,2025-12-02,Active,active,488012,https://juanjoseelizondo.idxbroker.com/idx/details/listing/d337/488012/3201-N-25-1-2-Street-McAllen-TX?widgetReferer=true,Imputed-land calc: take 18-22% of price as land share,Active/pending listing — market floor signal
C,IDX-juanjoseelizondo,townhouse_retail,800 E Dallas Avenue 17,McAllen,TX,78501,Hawaiian Village,Residential,Condominium,3919,1390,1973,2,2,149000,38.02,2025-12-04,Active,active,488338,https://juanjoseelizondo.idxbroker.com/idx/details/listing/d337/488338/800-E-Dallas-Avenue-17-McAllen-TX?widgetReferer=true,Imputed-land calc: take 18-22% of price as land share,Active/pending listing — market floor signal
C,IDX-juanjoseelizondo,townhouse_retail,410 N 38th Street,McAllen,TX,78501,Golden Acres Retirement,Residential,Townhouse,3301,1210,1979,3,1,150000,45.44,2026-01-22,Active,active,492686,https://juanjoseelizondo.idxbroker.com/idx/details/listing/d337/492686/410-N-38th-Street-McAllen-TX?widgetReferer=true,Imputed-land calc: take 18-22% of price as land share,Active/pending listing — market floor signal
C,IDX-juanjoseelizondo,townhouse_retail,103 S 48th Lane 1,McAllen,TX,78501,Shary Condominiums,Residential,Condominium,4007,1272,2007,3,3,160000,39.93,2026-01-23,Active,active,492979,https://juanjoseelizondo.idxbroker.com/idx/details/listing/d337/492979/103-S-48th-Lane-1-McAllen-TX?widgetReferer=true,Imputed-land calc: take 18-22% of price as land share,Active/pending listing — market floor signal
C,IDX-juanjoseelizondo,townhouse_retail,103 S 48th Lane 4,McAllen,TX,78501,Shary Condominiums,Residential,Condominium,4007,1272,2007,3,3,160000,39.93,2026-01-23,Active,active,492976,https://juanjoseelizondo.idxbroker.com/idx/details/listing/d337/492976/103-S-48th-Lane-4-McAllen-TX?widgetReferer=true,Imputed-land calc: take 18-22% of price as land share,Active/pending listing — market floor signal
C,IDX-juanjoseelizondo,townhouse_retail,3605 Cedar Avenue,McAllen,TX,78501,Tropical Village,Residential,Single Family Residence,4298,1381,1990,2,2,169000,39.32,2025-12-05,Pending,active,488230,https://juanjoseelizondo.idxbroker.com/idx/details/listing/d337/488230/3605-Cedar-Avenue-McAllen-TX?widgetReferer=true,Imputed-land calc: take 18-22% of price as land share,Active/pending listing — market floor signal
D,IDX-juanjoseelizondo,townhouse_retail,1827 Sunset Drive,Mission,TX,78572,Sunset Meadows,Residential,Townhouse,2299,1535,2022,3,3,279000,121.36,5/03/2023,Closed,sold,399213,https://juanjoseelizondo.idxbroker.com/idx/details/listing/d337/399213/1827-Sunset-Drive-Mission-TX?widgetReferer=true,Imputed-land calc: take 18-22% of price as land share,Larger-lot townhouse — broad-market context
D,IDX-juanjoseelizondo,townhouse_retail,3600 Denia Court,Mission,TX,78572,Las Villas At Lago Escondido,Residential,Single Family Residence,5949,3085,2013,4,5,356500,59.93,5/19/2023,Closed,sold,389230,https://juanjoseelizondo.idxbroker.com/idx/details/listing/d337/389230/3600-Denia-Court-Mission-TX?widgetReferer=true,Imputed-land calc: take 18-22% of price as land share,Larger-lot townhouse — broad-market context
D,IDX-juanjoseelizondo,townhouse_retail,4006 Mallard Drive,Mission,TX,78572,Retama Village,Residential,Single Family Residence,3199,240,2007,0,1,48000,15.0,6/09/2023,Closed,sold,378049,https://juanjoseelizondo.idxbroker.com/idx/details/listing/d337/378049/4006-Mallard-Drive-Mission-TX?widgetReferer=true,Imputed-land calc: take 18-22% of price as land share,Larger-lot townhouse — broad-market context
D,IDX-juanjoseelizondo,townhouse_retail,1829 Sunset Drive,Mission,TX,78572,Sunset Meadows,Residential,Townhouse,2299,1535,2022,3,3,274000,119.18,6/22/2023,Closed,sold,391589,https://juanjoseelizondo.idxbroker.com/idx/details/listing/d337/391589/1829-Sunset-Drive-Mission-TX?widgetReferer=true,Imputed-land calc: take 18-22% of price as land share,Larger-lot townhouse — broad-market context
D,IDX-juanjoseelizondo,townhouse_retail,3317 Marla Drive,Palmview,TX,78572,Villa Rama #4,Residential,Single Family Residence,5998,1248,2005,4,2,158000,26.34,6/28/2023,Closed,sold,401840,https://juanjoseelizondo.idxbroker.com/idx/details/listing/d337/401840/3317-Marla-Drive-Palmview-TX?widgetReferer=true,Imputed-land calc: take 18-22% of price as land share,Larger-lot townhouse — broad-market context
B,IDX-juanjoseelizondo,townhouse_retail,4011 Lark Drive,Mission,TX,78572,Retama Village,Residential,Single Family Residence,3199,240,2007,0,0,50000,15.63,4/26/2024,Closed,sold,403360,https://juanjoseelizondo.idxbroker.com/idx/details/listing/d337/403360/4011-Lark-Drive-Mission-TX?widgetReferer=true,Imputed-land calc: take 18-22% of price as land share,"Sold townhouse w/in 24mo, lot 1,500-5,000 SF — secondary imputed-land basis"
A,IDX-juanjoseelizondo,townhouse_retail,4109 Mallard Drive,Mission,TX,78572,Retama Village,Residential,Single Family Residence,3199,240,2007,0,1,54000,16.88,1/30/2026,Closed,sold,461181,https://juanjoseelizondo.idxbroker.com/idx/details/listing/d337/461181/4109-Mallard-Drive-Mission-TX?widgetReferer=true,Imputed-land calc: take 18-22% of price as land share,"Recent sold townhouse, lot 1,500-3,500 SF, w/in 12 mo — for imputed-land calc"
B,IDX-juanjoseelizondo,townhouse_retail,2323 Dorado Drive,Mission,TX,78573,Mar,Residential,Townhouse,2813,1661,2017,3,3,230000,81.76,1/31/2025,Closed,sold,456929,https://juanjoseelizondo.idxbroker.com/idx/details/listing/d337/456929/2323-Dorado-Drive-Mission-TX?widgetReferer=true,Imputed-land calc: take 18-22% of price as land share,"Sold townhouse w/in 24mo, lot 1,500-5,000 SF — secondary imputed-land basis"
A,IDX-juanjoseelizondo,townhouse_retail,2208 N Mayberry Road,Mission,TX,78573,Vista Verde Villas Condos,Residential,Condominium,3484,1000,1983,2,2,140000,40.18,7/31/2025,Closed,sold,475828,https://juanjoseelizondo.idxbroker.com/idx/details/listing/d337/475828/2208-N-Mayberry-Road-Mission-TX?widgetReferer=true,Imputed-land calc: take 18-22% of price as land share,"Recent sold townhouse, lot 1,500-3,500 SF, w/in 12 mo — for imputed-land calc"
C,IDX-juanjoseelizondo,townhouse_retail,608 Mountain Road 9A,Mission,TX,78573,"Trosper Creek ""p"" Condominiums",Residential,Condominium,2613,1131,2026,3,2,179000,68.5,2026-04-24,Active,active,502720,https://juanjoseelizondo.idxbroker.com/idx/details/listing/d337/502720/608-Mountain-Road-9A-Mission-TX?widgetReferer=true,Imputed-land calc: take 18-22% of price as land share,Active/pending listing — market floor signal
C,IDX-juanjoseelizondo,townhouse_retail,602 Mountain Road 12-B,Mission,TX,78573,"Trosper Creek ""p"" Condominiums",Residential,Condominium,2613,1131,2026,3,2,179000,68.5,2026-04-24,Active,active,502684,https://juanjoseelizondo.idxbroker.com/idx/details/listing/d337/502684/602-Mountain-Road-12-B-Mission-TX?widgetReferer=true,Imputed-land calc: take 18-22% of price as land share,Active/pending listing — market floor signal
C,IDX-juanjoseelizondo,townhouse_retail,602 Mountain Road 12-A,Mission,TX,78573,"Trosper Creek ""p"" Condominiums",Residential,Condominium,2613,1131,2026,3,2,179000,68.5,2026-04-24,Active,active,502682,https://juanjoseelizondo.idxbroker.com/idx/details/listing/d337/502682/602-Mountain-Road-12-A-Mission-TX?widgetReferer=true,Imputed-land calc: take 18-22% of price as land share,Active/pending listing — market floor signal
C,IDX-juanjoseelizondo,townhouse_retail,611 Mountain Road 5A,Mission,TX,78573,Trosper,Residential,Condominium,2613,1210,2026,3,2,189000,72.33,2026-04-22,Active,active,502516,https://juanjoseelizondo.idxbroker.com/idx/details/listing/d337/502516/611-Mountain-Road-5A-Mission-TX?widgetReferer=true,Imputed-land calc: take 18-22% of price as land share,Active/pending listing — market floor signal
C,IDX-juanjoseelizondo,townhouse_retail,611 Mountain Road 5B,Mission,TX,78573,Trosper,Residential,Condominium,2613,1210,2026,3,2,189000,72.33,2026-04-22,Active,active,502519,https://juanjoseelizondo.idxbroker.com/idx/details/listing/d337/502519/611-Mountain-Road-5B-Mission-TX?widgetReferer=true,Imputed-land calc: take 18-22% of price as land share,Active/pending listing — market floor signal
C,IDX-juanjoseelizondo,townhouse_retail,2206 Corales Street,Mission,TX,78573,Mar,Residential,Townhouse,2813,1718,2025,3,3,295000,104.87,2026-04-17,Active,active,502075,https://juanjoseelizondo.idxbroker.com/idx/details/listing/d337/502075/2206-Corales-Street-Mission-TX?widgetReferer=true,Imputed-land calc: take 18-22% of price as land share,Active/pending listing — market floor signal
C,IDX-juanjoseelizondo,townhouse_retail,2715 Mimosa Street 7,Mission,TX,78573,The Haven At Adams Crossing,Residential,Condominium,1711,1209,2012,3,2,170000,99.36,2025-04-07,Active,active,466284,https://juanjoseelizondo.idxbroker.com/idx/details/listing/d337/466284/2715-Mimosa-Street-7-Mission-TX?widgetReferer=true,Imputed-land calc: take 18-22% of price as land share,Active/pending listing — market floor signal
D,IDX-juanjoseelizondo,townhouse_retail,3626 Ida Drive,Palmview,TX,78573,Villa Rama East,Residential,Single Family Residence,5999,1892,2008,4,2,240000,40.01,2025-04-19,Active,active,469090,https://juanjoseelizondo.idxbroker.com/idx/details/listing/d337/469090/3626-Ida-Drive-Palmview-TX?widgetReferer=true,Imputed-land calc: take 18-22% of price as land share,Larger-lot townhouse — broad-market context
D,IDX-juanjoseelizondo,townhouse_retail,3305 Harding Avenue,Alton,TX,78573,Villa Real Estates,Residential,Single Family Residence,5999,1496,2016,3,3,270000,45.01,2025-05-14,Active,active,471205,https://juanjoseelizondo.idxbroker.com/idx/details/listing/d337/471205/3305-Harding-Avenue-Alton-TX?widgetReferer=true,Imputed-land calc: take 18-22% of price as land share,Larger-lot townhouse — broad-market context
C,IDX-juanjoseelizondo,townhouse_retail,616 Mountain Road D,Mission,TX,78573,"Trosper Creek ""p"" Condominiums",Residential,Condominium,2613,1210,2026,3,2,175000,66.97,2026-04-03,Active,active,500836,https://juanjoseelizondo.idxbroker.com/idx/details/listing/d337/500836/616-Mountain-Road-D-Mission-TX?widgetReferer=true,Imputed-land calc: take 18-22% of price as land share,Active/pending listing — market floor signal
C,IDX-juanjoseelizondo,townhouse_retail,611 Mountain Road 19D,Mission,TX,78573,Trosper,Residential,Condominium,2613,1210,2026,3,2,179000,68.5,2026-04-07,Active,active,501030,https://juanjoseelizondo.idxbroker.com/idx/details/listing/d337/501030/611-Mountain-Road-19D-Mission-TX?widgetReferer=true,Imputed-land calc: take 18-22% of price as land share,Active/pending listing — market floor signal
D,IDX-juanjoseelizondo,townhouse_retail,2805 Mimosa Street 1,Mission,TX,78574,The Haven At Adams Crossing,Residential,Condominium,1711,1222,2009,2,2,162000,94.68,7/10/2023,Closed,sold,404297,https://juanjoseelizondo.idxbroker.com/idx/details/listing/d337/404297/2805-Mimosa-Street-1-Mission-TX?widgetReferer=true,Imputed-land calc: take 18-22% of price as land share,Larger-lot townhouse — broad-market context
C,IDX-juanjoseelizondo,townhouse_retail,2715 Mimosa Street 1,Mission,TX,78574,The Haven At Adams Crossing,Residential,Condominium,1711,1222,2012,3,2,135000,78.9,2026-04-17,Pending,active,502080,https://juanjoseelizondo.idxbroker.com/idx/details/listing/d337/502080/2715-Mimosa-Street-1-Mission-TX?widgetReferer=true,Imputed-land calc: take 18-22% of price as land share,Active/pending listing — market floor signal
C,IDX-juanjoseelizondo,townhouse_retail,2504 Ana Regina Street,Mission,TX,78574,Garden Path,Residential,Townhouse,3256,1944,2026,3,4,359640,110.45,2026-04-01,Active,active,500134,https://juanjoseelizondo.idxbroker.com/idx/details/listing/d337/500134/2504-Ana-Regina-Street-Mission-TX?widgetReferer=true,Imputed-land calc: take 18-22% of price as land share,Active/pending listing — market floor signal
C,IDX-juanjoseelizondo,townhouse_retail,2507 E Solar Drive,Mission,TX,78574,Garden Path,Residential,Townhouse,3365,1542,2024,3,4,326800,97.12,2024-12-13,Active,active,456753,https://juanjoseelizondo.idxbroker.com/idx/details/listing/d337/456753/2507-E-Solar-Drive-Mission-TX?widgetReferer=true,Imputed-land calc: take 18-22% of price as land share,Active/pending listing — market floor signal
C,IDX-juanjoseelizondo,townhouse_retail,2715 Mimosa Street 3,Mission,TX,78574,The Haven At Adams Crossing,Residential,Condominium,1711,1209,2012,2,2,155000,90.59,2025-01-23,Active,active,459516,https://juanjoseelizondo.idxbroker.com/idx/details/listing/d337/459516/2715-Mimosa-Street-3-Mission-TX?widgetReferer=true,Imputed-land calc: take 18-22% of price as land share,Active/pending listing — market floor signal
C,IDX-juanjoseelizondo,townhouse_retail,2611 E Solar Drive,Mission,TX,78574,Garden Path,Residential,Townhouse,2652,1550,2025,3,4,315000,118.78,2025-07-09,Pending,active,475542,https://juanjoseelizondo.idxbroker.com/idx/details/listing/d337/475542/2611-E-Solar-Drive-Mission-TX?widgetReferer=true,Imputed-land calc: take 18-22% of price as land share,Active/pending listing — market floor signal
C,IDX-juanjoseelizondo,townhouse_retail,1700 E 23rd Street 15,Mission,TX,78574,Northgate Manor,Residential,Condominium,2600,720,1985,2,2,117000,45.0,2025-07-31,Active,active,477312,https://juanjoseelizondo.idxbroker.com/idx/details/listing/d337/477312/1700-E-23rd-Street-15-Mission-TX?widgetReferer=true,Imputed-land calc: take 18-22% of price as land share,Active/pending listing — market floor signal
C,IDX-juanjoseelizondo,townhouse_retail,2815 Mimosa Street 10,Mission,TX,78574,The Haven At Adams Crossing,Residential,Condominium,1698,1419,2008,3,2,179000,105.42,2025-09-30,Active,active,482201,https://juanjoseelizondo.idxbroker.com/idx/details/listing/d337/482201/2815-Mimosa-Street-10-Mission-TX?widgetReferer=true,Imputed-land calc: take 18-22% of price as land share,Active/pending listing — market floor signal
C,IDX-juanjoseelizondo,townhouse_retail,2715 Mimosa Drive 12,Mission,TX,78574,The Haven At Adams Crossing,Residential,Condominium,1711,1408,2012,3,2,132000,77.15,2026-01-25,Active,active,493043,https://juanjoseelizondo.idxbroker.com/idx/details/listing/d337/493043/2715-Mimosa-Drive-12-Mission-TX?widgetReferer=true,Imputed-land calc: take 18-22% of price as land share,Active/pending listing — market floor signal
D,IDX-juanjoseelizondo,townhouse_retail,6707 S Amarillo Lane,Pharr,TX,78577,Villa Del Norte,Residential,Single Family Residence,5998,1407,2025,3,2,226000,37.68,3/31/2026,Closed,sold,487519,https://juanjoseelizondo.idxbroker.com/idx/details/listing/d337/487519/6707-S-Amarillo-Lane-Pharr-TX?widgetReferer=true,Imputed-land calc: take 18-22% of price as land share,Larger-lot townhouse — broad-market context
D,IDX-juanjoseelizondo,townhouse_retail,7221 S San Joaquin Street,Pharr,TX,78577,Villas Del Valle,Residential,Single Family Residence,6499,1200,1978,3,1,110000,16.93,3/06/2026,Closed,sold,491846,https://juanjoseelizondo.idxbroker.com/idx/details/listing/d337/491846/7221-S-San-Joaquin-Street-Pharr-TX?widgetReferer=true,Imputed-land calc: take 18-22% of price as land share,Larger-lot townhouse — broad-market context
D,IDX-juanjoseelizondo,townhouse_retail,8101 Morelos Street,Pharr,TX,78577,Villa San Roman Ph 1,Residential,Single Family Residence,6124,1250,2025,3,2,199000,32.5,2/09/2026,Closed,sold,486740,https://juanjoseelizondo.idxbroker.com/idx/details/listing/d337/486740/8101-Morelos-Street-Pharr-TX?widgetReferer=true,Imputed-land calc: take 18-22% of price as land share,Larger-lot townhouse — broad-market context
D,IDX-juanjoseelizondo,townhouse_retail,2900 Ashley Drive 202,Pharr,TX,78577,Plantation Condos,Residential,Condominium,2126,1001,1987,2,2,80000,37.63,5/23/2023,Closed,sold,399161,https://juanjoseelizondo.idxbroker.com/idx/details/listing/d337/399161/2900-Ashley-Drive-202-Pharr-TX?widgetReferer=true,Imputed-land calc: take 18-22% of price as land share,Larger-lot townhouse — broad-market context
D,IDX-juanjoseelizondo,townhouse_retail,2609 Melanie Drive,Pharr,TX,78577,Plantation South,Residential,Townhouse,1900,1230,2002,2,3,130000,68.42,6/08/2023,Closed,sold,404048,https://juanjoseelizondo.idxbroker.com/idx/details/listing/d337/404048/2609-Melanie-Drive-Pharr-TX?widgetReferer=true,Imputed-land calc: take 18-22% of price as land share,Larger-lot townhouse — broad-market context
D,IDX-juanjoseelizondo,townhouse_retail,5510 N Crown Point,Pharr,TX,78577,Cascades,Residential,Townhouse,2499,1900,2023,3,3,255000,102.04,6/28/2023,Closed,sold,407212,https://juanjoseelizondo.idxbroker.com/idx/details/listing/d337/407212/5510-N-Crown-Point-Pharr-TX?widgetReferer=true,Imputed-land calc: take 18-22% of price as land share,Larger-lot townhouse — broad-market context
D,IDX-juanjoseelizondo,townhouse_retail,5512 N Crown Point,Pharr,TX,78577,Cascades,Residential,Townhouse,2499,1700,2023,3,3,239900,96.0,6/30/2023,Closed,sold,406166,https://juanjoseelizondo.idxbroker.com/idx/details/listing/d337/406166/5512-N-Crown-Point-Pharr-TX?widgetReferer=true,Imputed-land calc: take 18-22% of price as land share,Larger-lot townhouse — broad-market context
D,IDX-juanjoseelizondo,townhouse_retail,707 W Longoria Street,Pharr,TX,78577,Villa San Miguel Ph 1,Residential,Single Family Residence,6270,1600,2000,4,2,157000,25.04,7/10/2023,Closed,sold,398422,https://juanjoseelizondo.idxbroker.com/idx/details/listing/d337/398422/707-W-Longoria-Street-Pharr-TX?widgetReferer=true,Imputed-land calc: take 18-22% of price as land share,Larger-lot townhouse — broad-market context
D,IDX-juanjoseelizondo,townhouse_retail,1307 W Fig Avenue C,Pharr,TX,78577,Sugar Creek,Residential,Condominium,2191,1298,2008,2,3,150000,68.46,7/13/2023,Closed,sold,402059,https://juanjoseelizondo.idxbroker.com/idx/details/listing/d337/402059/1307-W-Fig-Avenue-C-Pharr-TX?widgetReferer=true,Imputed-land calc: take 18-22% of price as land share,Larger-lot townhouse — broad-market context
D,IDX-juanjoseelizondo,townhouse_retail,304 Ashley Drive,Pharr,TX,78577,Plantation South #6,Residential,Townhouse,2339,1310,1997,2,3,138000,59.0,7/19/2023,Closed,sold,406881,https://juanjoseelizondo.idxbroker.com/idx/details/listing/d337/406881/304-Ashley-Drive-Pharr-TX?widgetReferer=true,Imputed-land calc: take 18-22% of price as land share,Larger-lot townhouse — broad-market context
D,IDX-juanjoseelizondo,townhouse_retail,3018 Casa Grande Drive,Weslaco,TX,78577,Siesta Village,Residential,Mobile Home,5001,924,1987,2,2,76500,15.3,10/27/2023,Closed,sold,412596,https://juanjoseelizondo.idxbroker.com/idx/details/listing/d337/412596/3018-Casa-Grande-Drive-Weslaco-TX?widgetReferer=true,Imputed-land calc: take 18-22% of price as land share,Larger-lot townhouse — broad-market context
C,IDX-juanjoseelizondo,townhouse_retail,715 W Seminole Avenue,Pharr,TX,78577,Cascades,Residential,Townhouse,2499,1802,2025,3,3,315000,126.05,2026-04-22,Active,active,502239,https://juanjoseelizondo.idxbroker.com/idx/details/listing/d337/502239/715-W-Seminole-Avenue-Pharr-TX?widgetReferer=true,Imputed-land calc: take 18-22% of price as land share,Active/pending listing — market floor signal
C,IDX-juanjoseelizondo,townhouse_retail,5406 N Crown Point,Pharr,TX,78577,Cascades,Residential,Townhouse,2499,1857,2023,3,3,265000,106.04,2026-04-15,Active,active,501815,https://juanjoseelizondo.idxbroker.com/idx/details/listing/d337/501815/5406-N-Crown-Point-Pharr-TX?widgetReferer=true,Imputed-land calc: take 18-22% of price as land share,Active/pending listing — market floor signal
C,IDX-juanjoseelizondo,townhouse_retail,1506 New Orleans Circle,Pharr,TX,78577,Plantation South,Residential,Townhouse,2266,1054,2019,2,2,179900,79.39,2026-04-13,Active,active,501644,https://juanjoseelizondo.idxbroker.com/idx/details/listing/d337/501644/1506-New-Orleans-Circle-Pharr-TX?widgetReferer=true,Imputed-land calc: take 18-22% of price as land share,Active/pending listing — market floor signal
D,IDX-juanjoseelizondo,townhouse_retail,6706 S Mariposa Lane,Pharr,TX,78577,Villa Del Norte,Residential,Single Family Residence,5998,728,1994,2,1,48500,8.09,2026-04-08,Pending,active,500950,https://juanjoseelizondo.idxbroker.com/idx/details/listing/d337/500950/6706-S-Mariposa-Lane-Pharr-TX?widgetReferer=true,Imputed-land calc: take 18-22% of price as land share,Larger-lot townhouse — broad-market context
C,IDX-juanjoseelizondo,townhouse_retail,5305 N Crown Point Street,Pharr,TX,78577,Cascades,Residential,Townhouse,2654,2221,2018,5,4,289000,108.89,2026-04-06,Active,active,500368,https://juanjoseelizondo.idxbroker.com/idx/details/listing/d337/500368/5305-N-Crown-Point-Street-Pharr-TX?widgetReferer=true,Imputed-land calc: take 18-22% of price as land share,Active/pending listing — market floor signal
D,IDX-juanjoseelizondo,townhouse_retail,6809 S Oro Lane,Pharr,TX,78577,Villa San Miguel Ph 1,Residential,Single Family Residence,5998,1418,2025,3,2,229000,38.18,2026-04-06,Active,active,500985,https://juanjoseelizondo.idxbroker.com/idx/details/listing/d337/500985/6809-S-Oro-Lane-Pharr-TX?widgetReferer=true,Imputed-land calc: take 18-22% of price as land share,Larger-lot townhouse — broad-market context
D,IDX-juanjoseelizondo,townhouse_retail,6803 S Azul Lane,Pharr,TX,78577,Villa San Miguel Ph 1,Residential,Single Family Residence,6104,1285,2026,3,2,207999,34.08,2026-03-27,Active,active,500225,https://juanjoseelizondo.idxbroker.com/idx/details/listing/d337/500225/6803-S-Azul-Lane-Pharr-TX?widgetReferer=true,Imputed-land calc: take 18-22% of price as land share,Larger-lot townhouse — broad-market context
C,IDX-juanjoseelizondo,townhouse_retail,2704 Ashley Court,Pharr,TX,78577,Plantation South #2,Residential,Townhouse,3001,1272,1992,2,2,160000,53.32,2025-06-17,Active,active,473614,https://juanjoseelizondo.idxbroker.com/idx/details/listing/d337/473614/2704-Ashley-Court-Pharr-TX?widgetReferer=true,Imputed-land calc: take 18-22% of price as land share,Active/pending listing — market floor signal
C,IDX-juanjoseelizondo,townhouse_retail,1309 W Fig Avenue,Pharr,TX,78577,Sugar Two Condominiums,Residential,Condominium,2190,1332,2007,4,3,184890,84.42,2025-06-27,Pending,active,474700,https://juanjoseelizondo.idxbroker.com/idx/details/listing/d337/474700/1309-W-Fig-Avenue-Pharr-TX?widgetReferer=true,Imputed-land calc: take 18-22% of price as land share,Active/pending listing — market floor signal
D,IDX-juanjoseelizondo,townhouse_retail,6707 S Rivera Street,Pharr,TX,78577,Villa San Miguel,Residential,Single Family Residence,5998,1328,2007,3,2,110000,18.34,2025-06-29,Active,active,474741,https://juanjoseelizondo.idxbroker.com/idx/details/listing/d337/474741/6707-S-Rivera-Street-Pharr-TX?widgetReferer=true,Imputed-land calc: take 18-22% of price as land share,Larger-lot townhouse — broad-market context
C,IDX-juanjoseelizondo,townhouse_retail,1500 Hummingbird Court 22,Pharr,TX,78577,Hummingbird,Residential,Condominium,1873,1278,2013,2,3,165000,88.09,2025-07-23,Active,active,476762,https://juanjoseelizondo.idxbroker.com/idx/details/listing/d337/476762/1500-Hummingbird-Court-22-Pharr-TX?widgetReferer=true,Imputed-land calc: take 18-22% of price as land share,Active/pending listing — market floor signal
C,IDX-juanjoseelizondo,townhouse_retail,5500 N Crown Point,Pharr,TX,78577,Cascades,Residential,Townhouse,2405,1857,2024,3,3,310000,128.9,2025-08-02,Active,active,477469,https://juanjoseelizondo.idxbroker.com/idx/details/listing/d337/477469/5500-N-Crown-Point-Pharr-TX?widgetReferer=true,Imputed-land calc: take 18-22% of price as land share,Active/pending listing — market floor signal
D,IDX-juanjoseelizondo,townhouse_retail,600 W Seminole Avenue,Pharr,TX,78577,Cascada At Tres Lagos Ph. 2,Residential,Townhouse,5728,2343,2024,3,3,325000,56.74,2025-08-24,Active,active,479218,https://juanjoseelizondo.idxbroker.com/idx/details/listing/d337/479218/600-W-Seminole-Avenue-Pharr-TX?widgetReferer=true,Imputed-land calc: take 18-22% of price as land share,Larger-lot townhouse — broad-market context
D,IDX-juanjoseelizondo,townhouse_retail,7016 S San Pedro Street,Pharr,TX,78577,Villas Del Valle,Residential,Single Family Residence,6499,896,1989,2,1,105000,16.16,2025-08-26,Active,active,479338,https://juanjoseelizondo.idxbroker.com/idx/details/listing/d337/479338/7016-S-San-Pedro-Street-Pharr-TX?widgetReferer=true,Imputed-land calc: take 18-22% of price as land share,Larger-lot townhouse — broad-market context
C,IDX-juanjoseelizondo,townhouse_retail,2900 Ashley Drive 505,Pharr,TX,78577,Plantation Condos,Residential,Condominium,2126,1001,1987,2,2,126000,59.27,2026-03-01,Pending,active,497033,https://juanjoseelizondo.idxbroker.com/idx/details/listing/d337/497033/2900-Ashley-Drive-505-Pharr-TX?widgetReferer=true,Imputed-land calc: take 18-22% of price as land share,Active/pending listing — market floor signal
C,IDX-juanjoseelizondo,townhouse_retail,2900 Ashley Drive 101,Pharr,TX,78577,Plantation Condos,Residential,Condominium,2126,1001,1987,2,2,135000,63.5,2026-01-16,Active,active,492355,https://juanjoseelizondo.idxbroker.com/idx/details/listing/d337/492355/2900-Ashley-Drive-101-Pharr-TX?widgetReferer=true,Imputed-land calc: take 18-22% of price as land share,Active/pending listing — market floor signal
C,IDX-juanjoseelizondo,townhouse_retail,917 E Deluxe Street B,Alamo,TX,78589,Alamo Heights,Residential,Condominium,2192,894,2024,2,2,155000,70.71,2025-11-01,Pending,active,485971,https://juanjoseelizondo.idxbroker.com/idx/details/listing/d337/485971/917-E-Deluxe-Street-B-Alamo-TX?widgetReferer=true,Imputed-land calc: take 18-22% of price as land share,Active/pending listing — market floor signal
B,IDX-juanjoseelizondo,townhouse_retail,215 S Valley View Road 81,Donna,TX,78537,Quiet Village Ii,Residential,Mobile Home,4000,1040,2015,2,2,60000,15.0,4/20/2026,Closed,sold,501242,https://juanjoseelizondo.idxbroker.com/idx/details/listing/d337/501242/215-S-Valley-View-Road-81-Donna-TX?widgetReferer=true,Imputed-land calc: take 18-22% of price as land share,"Sold townhouse w/in 24mo, lot 1,500-5,000 SF — secondary imputed-land basis"
A,IDX-juanjoseelizondo,townhouse_retail,215 S Valley View Road 5,Donna,TX,78537,Quiet Village Ii,Residential,Mobile Home,2800,560,1996,1,1,53000,18.93,3/14/2026,Closed,sold,496911,https://juanjoseelizondo.idxbroker.com/idx/details/listing/d337/496911/215-S-Valley-View-Road-5-Donna-TX?widgetReferer=true,Imputed-land calc: take 18-22% of price as land share,"Recent sold townhouse, lot 1,500-3,500 SF, w/in 12 mo — for imputed-land calc"
B,IDX-juanjoseelizondo,townhouse_retail,215 S Valley View Road 34,Donna,TX,78537,Quiet Village Ii,Residential,Mobile Home,4000,896,1996,2,2,53000,13.25,3/04/2026,Closed,sold,492805,https://juanjoseelizondo.idxbroker.com/idx/details/listing/d337/492805/215-S-Valley-View-Road-34-Donna-TX?widgetReferer=true,Imputed-land calc: take 18-22% of price as land share,"Sold townhouse w/in 24mo, lot 1,500-5,000 SF — secondary imputed-land basis"
A,IDX-juanjoseelizondo,townhouse_retail,122 Whisper Meadows Lane,Donna,TX,78537,Quiet Village Ii,Residential,Mobile Home,2699,756,1989,2,1,35000,12.97,1/30/2026,Closed,sold,491182,https://juanjoseelizondo.idxbroker.com/idx/details/listing/d337/491182/122-Whisper-Meadows-Lane-Donna-TX?widgetReferer=true,Imputed-land calc: take 18-22% of price as land share,"Recent sold townhouse, lot 1,500-3,500 SF, w/in 12 mo — for imputed-land calc"
A,IDX-juanjoseelizondo,townhouse_retail,159 Bubbling Brook Street,Donna,TX,78537,Quiet Village Ii,Residential,Mobile Home,1799,560,1989,1,1,35000,19.46,11/14/2025,Closed,sold,476059,https://juanjoseelizondo.idxbroker.com/idx/details/listing/d337/476059/159-Bubbling-Brook-Street-Donna-TX?widgetReferer=true,Imputed-land calc: take 18-22% of price as land share,"Recent sold townhouse, lot 1,500-3,500 SF, w/in 12 mo — for imputed-land calc"
B,IDX-juanjoseelizondo,townhouse_retail,116 Whisper Meadows Lane 116,Donna,TX,78537,Quiet Village Ii,Residential,Mobile Home,3599,936,2001,1,1,38000,10.56,12/22/2025,Closed,sold,486228,https://juanjoseelizondo.idxbroker.com/idx/details/listing/d337/486228/116-Whisper-Meadows-Lane-116-Donna-TX?widgetReferer=true,Imputed-land calc: take 18-22% of price as land share,"Sold townhouse w/in 24mo, lot 1,500-5,000 SF — secondary imputed-land basis"
B,IDX-juanjoseelizondo,townhouse_retail,92 S Quiet Village Drive,Donna,TX,78537,Quiet Village Ii,Residential,Mobile Home,3998,1020,1999,3,2,42000,10.51,4/23/2025,Closed,sold,464150,https://juanjoseelizondo.idxbroker.com/idx/details/listing/d337/464150/92-S-Quiet-Village-Drive-Donna-TX?widgetReferer=true,Imputed-land calc: take 18-22% of price as land share,"Sold townhouse w/in 24mo, lot 1,500-5,000 SF — secondary imputed-land basis"
B,IDX-juanjoseelizondo,townhouse_retail,171 Tranquility Lane,Donna,TX,78537,Quiet Village Ii,Residential,Mobile Home,1799,419,2009,1,1,47000,26.13,2/26/2025,Closed,sold,452290,https://juanjoseelizondo.idxbroker.com/idx/details/listing/d337/452290/171-Tranquility-Lane-Donna-TX?widgetReferer=true,Imputed-land calc: take 18-22% of price as land share,"Sold townhouse w/in 24mo, lot 1,500-5,000 SF — secondary imputed-land basis"
B,IDX-juanjoseelizondo,townhouse_retail,90 S Quiet Village Drive S,Donna,TX,78537,Quiet Village Ii,Residential,Mobile Home,3998,1016,1994,2,2,48000,12.01,10/13/2025,Closed,sold,470619,https://juanjoseelizondo.idxbroker.com/idx/details/listing/d337/470619/90-S-Quiet-Village-Drive-S-Donna-TX?widgetReferer=true,Imputed-land calc: take 18-22% of price as land share,"Sold townhouse w/in 24mo, lot 1,500-5,000 SF — secondary imputed-land basis"
B,IDX-juanjoseelizondo,townhouse_retail,134 Whisper Meadows Lane,Donna,TX,78537,Quiet Village Ii,Residential,Mobile Home,1799,480,2013,1,1,52000,28.9,7/02/2024,Closed,sold,430631,https://juanjoseelizondo.idxbroker.com/idx/details/listing/d337/430631/134-Whisper-Meadows-Lane-Donna-TX?widgetReferer=true,Imputed-land calc: take 18-22% of price as land share,"Sold townhouse w/in 24mo, lot 1,500-5,000 SF — secondary imputed-land basis"
B,IDX-juanjoseelizondo,townhouse_retail,2801 Mesa Verde Drive,Weslaco,TX,78537,Siesta Village,Residential,Mobile Home,3598,1886,1978,3,2,55000,15.29,6/26/2024,Closed,sold,439926,https://juanjoseelizondo.idxbroker.com/idx/details/listing/d337/439926/2801-Mesa-Verde-Drive-Weslaco-TX?widgetReferer=true,Imputed-land calc: take 18-22% of price as land share,"Sold townhouse w/in 24mo, lot 1,500-5,000 SF — secondary imputed-land basis"
B,IDX-juanjoseelizondo,townhouse_retail,215 Valley View Road,Donna,TX,78537,Quiet Village Ii,Residential,Single Family Residence,3839,1004,1992,2,2,70000,18.23,5/02/2025,Closed,sold,465636,https://juanjoseelizondo.idxbroker.com/idx/details/listing/d337/465636/215-Valley-View-Road-Donna-TX?widgetReferer=true,Imputed-land calc: take 18-22% of price as land share,"Sold townhouse w/in 24mo, lot 1,500-5,000 SF — secondary imputed-land basis"
D,IDX-juanjoseelizondo,townhouse_retail,886 Kennard Street,Donna,TX,78537,Village Grove #1,Residential,Mobile Home,6499,1364,1994,2,2,70000,10.77,8/05/2024,Closed,sold,430391,https://juanjoseelizondo.idxbroker.com/idx/details/listing/d337/430391/886-Kennard-Street-Donna-TX?widgetReferer=true,Imputed-land calc: take 18-22% of price as land share,Larger-lot townhouse — broad-market context
B,IDX-juanjoseelizondo,townhouse_retail,205 Peaceful Lane,Donna,TX,78537,Quiet Village Ii,Residential,Mobile Home,4500,871,1989,1,2,82500,18.33,2/21/2025,Closed,sold,433810,https://juanjoseelizondo.idxbroker.com/idx/details/listing/d337/433810/205-Peaceful-Lane-Donna-TX?widgetReferer=true,Imputed-land calc: take 18-22% of price as land share,"Sold townhouse w/in 24mo, lot 1,500-5,000 SF — secondary imputed-land basis"
C,IDX-juanjoseelizondo,townhouse_retail,113 Whisper Meadows Lane,Donna,TX,78537,Quiet Village Ii,Residential,Mobile Home,3599,408,2000,1,1,50000,13.89,2026-04-03,Active,active,500891,https://juanjoseelizondo.idxbroker.com/idx/details/listing/d337/500891/113-Whisper-Meadows-Lane-Donna-TX?widgetReferer=true,Imputed-land calc: take 18-22% of price as land share,Active/pending listing — market floor signal
C,IDX-juanjoseelizondo,townhouse_retail,215 S Valley View Road 115,Donna,TX,78537,Quiet Village Ii,Residential,Mobile Home,1799,535,1998,1,1,45000,25.01,2026-03-31,Active,active,500184,https://juanjoseelizondo.idxbroker.com/idx/details/listing/d337/500184/215-S-Valley-View-Road-115-Donna-TX?widgetReferer=true,Imputed-land calc: take 18-22% of price as land share,Active/pending listing — market floor signal
C,IDX-juanjoseelizondo,townhouse_retail,129 Whisper Meadows Lane,Donna,TX,78537,Quiet Village Ii,Residential,Single Family Residence,1799,700,1996,2,2,45000,25.01,2025-07-11,Active,active,475782,https://juanjoseelizondo.idxbroker.com/idx/details/listing/d337/475782/129-Whisper-Meadows-Lane-Donna-TX?widgetReferer=true,Imputed-land calc: take 18-22% of price as land share,Active/pending listing — market floor signal
C,IDX-juanjoseelizondo,townhouse_retail,215 S Valley View Road 227,Donna,TX,78537,Quiet Village Ii,Residential,Mobile Home,1799,204,1998,2,1,45000,25.01,2026-03-11,Active,active,497845,https://juanjoseelizondo.idxbroker.com/idx/details/listing/d337/497845/215-S-Valley-View-Road-227-Donna-TX?widgetReferer=true,Imputed-land calc: take 18-22% of price as land share,Active/pending listing — market floor signal
C,IDX-juanjoseelizondo,townhouse_retail,215 S Valley View Road,Donna,TX,78537,Quiet Village Ii,Residential,Mobile Home,3598,385,1992,1,1,52000,14.45,2026-03-01,Active,active,497005,https://juanjoseelizondo.idxbroker.com/idx/details/listing/d337/497005/215-S-Valley-View-Road-Donna-TX?widgetReferer=true,Imputed-land calc: take 18-22% of price as land share,Active/pending listing — market floor signal
D,IDX-juanjoseelizondo,townhouse_retail,215 S Valley View Road 15&16,Donna,TX,78537,Quiet Village Ii,Residential,Mobile Home,5039,896,1998,2,2,80000,15.88,2026-01-16,Active,active,491649,https://juanjoseelizondo.idxbroker.com/idx/details/listing/d337/491649/215-S-Valley-View-Road-1516-Donna-TX?widgetReferer=true,Imputed-land calc: take 18-22% of price as land share,Larger-lot townhouse — broad-market context
C,IDX-juanjoseelizondo,townhouse_retail,176 Tranquility Lane,Donna,TX,78537,Quiet Village Ii,Residential,Single Family Residence,3598,942,1989,2,1,84500,23.49,2026-02-05,Active,active,494086,https://juanjoseelizondo.idxbroker.com/idx/details/listing/d337/494086/176-Tranquility-Lane-Donna-TX?widgetReferer=true,Imputed-land calc: take 18-22% of price as land share,Active/pending listing — market floor signal
C,IDX-juanjoseelizondo,townhouse_retail,215 S Valley View Road Lot 252 & 253,Donna,TX,78537,Quiet Village Ii,Residential,Mobile Home,4020,1536,2013,3,2,135000,33.58,2026-01-15,Active,active,492288,https://juanjoseelizondo.idxbroker.com/idx/details/listing/d337/492288/215-S-Valley-View-Road-Lot-252--253-Donna-TX?widgetReferer=true,Imputed-land calc: take 18-22% of price as land share,Active/pending listing — market floor signal
A,IDX-juanjoseelizondo,townhouse_retail,3525 S K Center Street,McAllen,TX,78503,Georgetown Park,Residential,Townhouse,2459,1542,2025,3,3,252500,102.68,4/24/2026,Closed,sold,493171,https://juanjoseelizondo.idxbroker.com/idx/details/listing/d337/493171/3525-S-K-Center-Street-McAllen-TX?widgetReferer=true,Imputed-land calc: take 18-22% of price as land share,"Recent sold townhouse, lot 1,500-3,500 SF, w/in 12 mo — for imputed-land calc"
A,IDX-juanjoseelizondo,townhouse_retail,3521 S K Center Street,McAllen,TX,78503,Georgetown Park,Residential,Townhouse,2459,1542,2025,3,3,252500,102.68,4/24/2026,Closed,sold,498449,https://juanjoseelizondo.idxbroker.com/idx/details/listing/d337/498449/3521-S-K-Center-Street-McAllen-TX?widgetReferer=true,Imputed-land calc: take 18-22% of price as land share,"Recent sold townhouse, lot 1,500-3,500 SF, w/in 12 mo — for imputed-land calc"
A,IDX-juanjoseelizondo,townhouse_retail,3001 S L Street,McAllen,TX,78503,Amc Condominiums #4,Residential,Townhouse,2178,1210,2008,3,3,140000,64.28,3/31/2026,Closed,sold,492031,https://juanjoseelizondo.idxbroker.com/idx/details/listing/d337/492031/3001-S-L-Street-McAllen-TX?widgetReferer=true,Imputed-land calc: take 18-22% of price as land share,"Recent sold townhouse, lot 1,500-3,500 SF, w/in 12 mo — for imputed-land calc"
A,IDX-juanjoseelizondo,townhouse_retail,1413 E Keeton Avenue 20,McAllen,TX,78503,Las Jollas Condominiums,Residential,Condominium,2499,1349,2014,2,3,167000,66.83,3/30/2026,Closed,sold,458248,https://juanjoseelizondo.idxbroker.com/idx/details/listing/d337/458248/1413-E-Keeton-Avenue-20-McAllen-TX?widgetReferer=true,Imputed-land calc: take 18-22% of price as land share,"Recent sold townhouse, lot 1,500-3,500 SF, w/in 12 mo — for imputed-land calc"
A,IDX-juanjoseelizondo,townhouse_retail,1412 E Keeton Avenue 19,McAllen,TX,78503,Las Jollas Condominiums,Residential,Condominium,3013,1420,2008,2,3,157000,52.11,1/26/2026,Closed,sold,475800,https://juanjoseelizondo.idxbroker.com/idx/details/listing/d337/475800/1412-E-Keeton-Avenue-19-McAllen-TX?widgetReferer=true,Imputed-land calc: take 18-22% of price as land share,"Recent sold townhouse, lot 1,500-3,500 SF, w/in 12 mo — for imputed-land calc"
A,IDX-juanjoseelizondo,townhouse_retail,3109 S Casa Linda Street,McAllen,TX,78503,Fairway Grande Village,Residential,Townhouse,2100,2816,2014,3,3,244000,116.19,11/25/2025,Closed,sold,470156,https://juanjoseelizondo.idxbroker.com/idx/details/listing/d337/470156/3109-S-Casa-Linda-Street-McAllen-TX?widgetReferer=true,Imputed-land calc: take 18-22% of price as land share,"Recent sold townhouse, lot 1,500-3,500 SF, w/in 12 mo — for imputed-land calc"
A,IDX-juanjoseelizondo,townhouse_retail,901 E Yuma Avenue 1802,McAllen,TX,78503,Pyxis Heights,Residential,Condominium,1825,900,2022,2,2,143000,78.36,10/23/2025,Closed,sold,466492,https://juanjoseelizondo.idxbroker.com/idx/details/listing/d337/466492/901-E-Yuma-Avenue-1802-McAllen-TX?widgetReferer=true,Imputed-land calc: take 18-22% of price as land share,"Recent sold townhouse, lot 1,500-3,500 SF, w/in 12 mo — for imputed-land calc"
A,IDX-juanjoseelizondo,townhouse_retail,1200 E Pineridge Avenue 1,McAllen,TX,78503,Canadas,Residential,Condominium,2945,1190,2013,2,3,147000,49.92,9/04/2025,Closed,sold,472117,https://juanjoseelizondo.idxbroker.com/idx/details/listing/d337/472117/1200-E-Pineridge-Avenue-1-McAllen-TX?widgetReferer=true,Imputed-land calc: take 18-22% of price as land share,"Recent sold townhouse, lot 1,500-3,500 SF, w/in 12 mo — for imputed-land calc"
D,IDX-juanjoseelizondo,townhouse_retail,3100 S 2nd Street 2,McAllen,TX,78503,Chateau Heights,Residential,Townhouse,3280,3456,1981,4,5,399000,121.65,6/06/2023,Closed,sold,394167,https://juanjoseelizondo.idxbroker.com/idx/details/listing/d337/394167/3100-S-2nd-Street-2-McAllen-TX?widgetReferer=true,Imputed-land calc: take 18-22% of price as land share,Larger-lot townhouse — broad-market context
D,IDX-juanjoseelizondo,townhouse_retail,1412 E Keeton Avenue 12,McAllen,TX,78503,Las Jollas Condominiums,Residential,Condominium,3013,1345,2010,3,2,175000,58.08,6/16/2023,Closed,sold,395039,https://juanjoseelizondo.idxbroker.com/idx/details/listing/d337/395039/1412-E-Keeton-Avenue-12-McAllen-TX?widgetReferer=true,Imputed-land calc: take 18-22% of price as land share,Larger-lot townhouse — broad-market context
D,IDX-juanjoseelizondo,townhouse_retail,600 Wichita Avenue 205,McAllen,TX,78503,The Fairway Condominiums,Residential,Condominium,2330,1403,1978,3,2,195000,83.69,7/07/2023,Closed,sold,406030,https://juanjoseelizondo.idxbroker.com/idx/details/listing/d337/406030/600-Wichita-Avenue-205-McAllen-TX?widgetReferer=true,Imputed-land calc: take 18-22% of price as land share,Larger-lot townhouse — broad-market context
D,IDX-juanjoseelizondo,townhouse_retail,1317 E Olympia Avenue 3,McAllen,TX,78503,Amc Three Condominiums,Residential,Condominium,2553,1331,2007,2,3,155000,60.71,7/11/2023,Closed,sold,399566,https://juanjoseelizondo.idxbroker.com/idx/details/listing/d337/399566/1317-E-Olympia-Avenue-3-McAllen-TX?widgetReferer=true,Imputed-land calc: take 18-22% of price as land share,Larger-lot townhouse — broad-market context
D,IDX-juanjoseelizondo,townhouse_retail,1921 S 8th Street 9,McAllen,TX,78503,Rio Del Valle Condominiums,Residential,Condominium,2351,1540,1982,3,2,123000,52.32,7/12/2023,Closed,sold,404045,https://juanjoseelizondo.idxbroker.com/idx/details/listing/d337/404045/1921-S-8th-Street-9-McAllen-TX?widgetReferer=true,Imputed-land calc: take 18-22% of price as land share,Larger-lot townhouse — broad-market context
D,IDX-juanjoseelizondo,townhouse_retail,4908 Sonora Avenue,McAllen,TX,78503,Las Villas Del Rio,Residential,Single Family Residence,6306,2620,2017,4,4,352000,55.82,7/13/2023,Closed,sold,400698,https://juanjoseelizondo.idxbroker.com/idx/details/listing/d337/400698/4908-Sonora-Avenue-McAllen-TX?widgetReferer=true,Imputed-land calc: take 18-22% of price as land share,Larger-lot townhouse — broad-market context
D,IDX-juanjoseelizondo,townhouse_retail,3100 S 2nd Street 23,McAllen,TX,78503,Chateau Heights,Residential,Townhouse,3280,2298,1981,2,3,255000,77.74,7/27/2023,Closed,sold,400146,https://juanjoseelizondo.idxbroker.com/idx/details/listing/d337/400146/3100-S-2nd-Street-23-McAllen-TX?widgetReferer=true,Imputed-land calc: take 18-22% of price as land share,Larger-lot townhouse — broad-market context
D,IDX-juanjoseelizondo,townhouse_retail,1927 S 48th Lane,McAllen,TX,78503,Las Villas Del Rio,Residential,Single Family Residence,5745,1630,2017,3,3,315000,54.83,8/07/2023,Closed,sold,403488,https://juanjoseelizondo.idxbroker.com/idx/details/listing/d337/403488/1927-S-48th-Lane-McAllen-TX?widgetReferer=true,Imputed-land calc: take 18-22% of price as land share,Larger-lot townhouse — broad-market context
D,IDX-juanjoseelizondo,townhouse_retail,5013 Sonora Avenue,McAllen,TX,78503,Las Villas Del Rio,Residential,Single Family Residence,6172,2306,2022,4,4,367000,59.46,8/08/2023,Closed,sold,398826,https://juanjoseelizondo.idxbroker.com/idx/details/listing/d337/398826/5013-Sonora-Avenue-McAllen-TX?widgetReferer=true,Imputed-land calc: take 18-22% of price as land share,Larger-lot townhouse — broad-market context
D,IDX-juanjoseelizondo,townhouse_retail,1305 E Olympia Avenue B,McAllen,TX,78503,Athena Condominiums,Residential,Condominium,1998,1388,2008,2,3,150000,75.08,8/22/2023,Closed,sold,410046,https://juanjoseelizondo.idxbroker.com/idx/details/listing/d337/410046/1305-E-Olympia-Avenue-B-McAllen-TX?widgetReferer=true,Imputed-land calc: take 18-22% of price as land share,Larger-lot townhouse — broad-market context
D,IDX-juanjoseelizondo,townhouse_retail,426 Toronto Avenue 28,McAllen,TX,78503,Townhomes Of Los Alegres #2,Residential,Townhouse,2395,1668,1990,2,3,190000,79.33,8/29/2023,Closed,sold,411508,https://juanjoseelizondo.idxbroker.com/idx/details/listing/d337/411508/426-Toronto-Avenue-28-McAllen-TX?widgetReferer=true,Imputed-land calc: take 18-22% of price as land share,Larger-lot townhouse — broad-market context
D,IDX-juanjoseelizondo,townhouse_retail,3003 S L Lane C,McAllen,TX,78503,Las Canadas,Residential,Condominium,2731,1263,2008,3,2,159000,58.22,9/20/2023,Closed,sold,404288,https://juanjoseelizondo.idxbroker.com/idx/details/listing/d337/404288/3003-S-L-Lane-C-McAllen-TX?widgetReferer=true,Imputed-land calc: take 18-22% of price as land share,Larger-lot townhouse — broad-market context
D,IDX-juanjoseelizondo,townhouse_retail,2332 S 43rd Street,McAllen,TX,78503,Falling Water,Residential,Townhouse,3199,2461,2022,4,3,325000,101.59,9/26/2023,Closed,sold,393383,https://juanjoseelizondo.idxbroker.com/idx/details/listing/d337/393383/2332-S-43rd-Street-McAllen-TX?widgetReferer=true,Imputed-land calc: take 18-22% of price as land share,Larger-lot townhouse — broad-market context
B,IDX-juanjoseelizondo,townhouse_retail,3016 S L Street 1,McAllen,TX,78503,Canadas,Residential,Condominium,2988,1739,2013,3,3,24300,8.13,5/22/2024,Closed,sold,432195,https://juanjoseelizondo.idxbroker.com/idx/details/listing/d337/432195/3016-S-L-Street-1-McAllen-TX?widgetReferer=true,Imputed-land calc: take 18-22% of price as land share,"Sold townhouse w/in 24mo, lot 1,500-5,000 SF — secondary imputed-land basis"
B,IDX-juanjoseelizondo,townhouse_retail,1921 S 8th Street 39,McAllen,TX,78503,Rio Del Valle Condominiums,Residential,Condominium,1843,1016,1982,2,2,95000,51.55,5/23/2024,Closed,sold,423038,https://juanjoseelizondo.idxbroker.com/idx/details/listing/d337/423038/1921-S-8th-Street-39-McAllen-TX?widgetReferer=true,Imputed-land calc: take 18-22% of price as land share,"Sold townhouse w/in 24mo, lot 1,500-5,000 SF — secondary imputed-land basis"
B,IDX-juanjoseelizondo,townhouse_retail,600 Toronto Avenue 18,McAllen,TX,78503,La Plaza Regency Condominiums,Residential,Condominium,2181,1066,1981,2,2,105000,48.14,8/19/2024,Closed,sold,429901,https://juanjoseelizondo.idxbroker.com/idx/details/listing/d337/429901/600-Toronto-Avenue-18-McAllen-TX?widgetReferer=true,Imputed-land calc: take 18-22% of price as land share,"Sold townhouse w/in 24mo, lot 1,500-5,000 SF — secondary imputed-land basis"
A,IDX-juanjoseelizondo,townhouse_retail,600 Wichita Avenue 108,McAllen,TX,78503,The Fairway Condominiums,Residential,Condominium,1863,871,1978,1,1,119000,63.88,7/07/2025,Closed,sold,472233,https://juanjoseelizondo.idxbroker.com/idx/details/listing/d337/472233/600-Wichita-Avenue-108-McAllen-TX?widgetReferer=true,Imputed-land calc: take 18-22% of price as land share,"Recent sold townhouse, lot 1,500-3,500 SF, w/in 12 mo — for imputed-land calc"
B,IDX-juanjoseelizondo,townhouse_retail,4101 Ben Hogan Avenue,McAllen,TX,78503,Victorian Square,Residential,Townhouse,2836,1418,1994,2,3,125000,44.08,2/21/2025,Closed,sold,446250,https://juanjoseelizondo.idxbroker.com/idx/details/listing/d337/446250/4101-Ben-Hogan-Avenue-McAllen-TX?widgetReferer=true,Imputed-land calc: take 18-22% of price as land share,"Sold townhouse w/in 24mo, lot 1,500-5,000 SF — secondary imputed-land basis"
D,IDX-juanjoseelizondo,townhouse_retail,4908 Sweetwater Avenue,McAllen,TX,78503,Las Villas Del Rio,Residential,Single Family Residence,5922,2180,2020,3,3,389000,65.69,2026-04-17,Active,active,502098,https://juanjoseelizondo.idxbroker.com/idx/details/listing/d337/502098/4908-Sweetwater-Avenue-McAllen-TX?widgetReferer=true,Imputed-land calc: take 18-22% of price as land share,Larger-lot townhouse — broad-market context
C,IDX-juanjoseelizondo,townhouse_retail,4217 Colbath Avenue 250b,McAllen,TX,78503,The Palms Villas Condominiums,Residential,Condominium,2346,1333,2010,3,2,180000,76.73,2026-04-10,Active,active,501342,https://juanjoseelizondo.idxbroker.com/idx/details/listing/d337/501342/4217-Colbath-Avenue-250b-McAllen-TX?widgetReferer=true,Imputed-land calc: take 18-22% of price as land share,Active/pending listing — market floor signal
C,IDX-juanjoseelizondo,townhouse_retail,2036 S 5th Street 8,McAllen,TX,78503,Townhomes Of Los Alegres #1,Residential,Townhouse,2427,2962,1997,4,3,350000,144.21,2026-03-30,Active,active,500420,https://juanjoseelizondo.idxbroker.com/idx/details/listing/d337/500420/2036-S-5th-Street-8-McAllen-TX?widgetReferer=true,Imputed-land calc: take 18-22% of price as land share,Active/pending listing — market floor signal
C,IDX-juanjoseelizondo,townhouse_retail,412 Toronto Avenue 34,McAllen,TX,78503,Townhomes Of Los Alegres #1,Residential,Townhouse,3000,2234,1990,3,2,279000,93.0,2026-03-26,Active,active,500244,https://juanjoseelizondo.idxbroker.com/idx/details/listing/d337/500244/412-Toronto-Avenue-34-McAllen-TX?widgetReferer=true,Imputed-land calc: take 18-22% of price as land share,Active/pending listing — market floor signal
C,IDX-juanjoseelizondo,townhouse_retail,1305 E Olympia Avenue E A,McAllen,TX,78503,Athena Condominiums,Residential,Condominium,1998,1273,2008,2,3,165000,82.58,2026-03-26,Active,active,500208,https://juanjoseelizondo.idxbroker.com/idx/details/listing/d337/500208/1305-E-Olympia-Avenue-E-A-McAllen-TX?widgetReferer=true,Imputed-land calc: take 18-22% of price as land share,Active/pending listing — market floor signal
C,IDX-juanjoseelizondo,townhouse_retail,4217 130B Colbath Avenue,McAllen,TX,78503,The Palms Villas Condominiums,Residential,Condominium,2346,1333,2010,3,2,195000,83.12,2026-03-25,Active,active,500008,https://juanjoseelizondo.idxbroker.com/idx/details/listing/d337/500008/4217-130B-Colbath-Avenue-McAllen-TX?widgetReferer=true,Imputed-land calc: take 18-22% of price as land share,Active/pending listing — market floor signal
C,IDX-juanjoseelizondo,townhouse_retail,4217 Colbath Avenue 210A,McAllen,TX,78503,The Palms Villas Condominiums,Residential,Condominium,2346,1333,2010,3,2,180000,76.73,2026-03-20,Active,active,498750,https://juanjoseelizondo.idxbroker.com/idx/details/listing/d337/498750/4217-Colbath-Avenue-210A-McAllen-TX?widgetReferer=true,Imputed-land calc: take 18-22% of price as land share,Active/pending listing — market floor signal
C,IDX-juanjoseelizondo,townhouse_retail,3527 K Center Street,McAllen,TX,78503,Georgetown Park,Residential,Townhouse,2459,1446,2025,3,3,270000,109.8,2026-03-19,Active,active,498556,https://juanjoseelizondo.idxbroker.com/idx/details/listing/d337/498556/3527-K-Center-Street-McAllen-TX?widgetReferer=true,Imputed-land calc: take 18-22% of price as land share,Active/pending listing — market floor signal
C,IDX-juanjoseelizondo,townhouse_retail,901 Yuma Avenue 1000,McAllen,TX,78503,Pyxis Heights,Residential,Condominium,2438,1200,2025,2,2,175000,71.78,2026-02-25,Active,active,496766,https://juanjoseelizondo.idxbroker.com/idx/details/listing/d337/496766/901-Yuma-Avenue-1000-McAllen-TX?widgetReferer=true,Imputed-land calc: take 18-22% of price as land share,Active/pending listing — market floor signal
C,IDX-juanjoseelizondo,townhouse_retail,3016 S L Street 1,McAllen,TX,78503,Canadas,Residential,Condominium,2988,1739,2013,3,3,235000,78.65,2026-02-20,Active,active,496378,https://juanjoseelizondo.idxbroker.com/idx/details/listing/d337/496378/3016-S-L-Street-1-McAllen-TX?widgetReferer=true,Imputed-land calc: take 18-22% of price as land share,Active/pending listing — market floor signal
C,IDX-juanjoseelizondo,townhouse_retail,3501 S L Street,McAllen,TX,78503,Georgetown Park,Residential,Townhouse,3024,1403,2026,3,3,300000,99.21,2026-02-19,Active,active,495205,https://juanjoseelizondo.idxbroker.com/idx/details/listing/d337/495205/3501-S-L-Street-McAllen-TX?widgetReferer=true,Imputed-land calc: take 18-22% of price as land share,Active/pending listing — market floor signal
C,IDX-juanjoseelizondo,townhouse_retail,901 E Yuma Avenue 1002,McAllen,TX,78503,Pyxis Heights,Residential,Condominium,1825,1050,2025,2,2,160000,87.67,2026-02-15,Active,active,494712,https://juanjoseelizondo.idxbroker.com/idx/details/listing/d337/494712/901-E-Yuma-Avenue-1002-McAllen-TX?widgetReferer=true,Imputed-land calc: take 18-22% of price as land share,Active/pending listing — market floor signal
C,IDX-juanjoseelizondo,townhouse_retail,901 E Yuma Avenue 1003,McAllen,TX,78503,Pyxis Heights,Residential,Condominium,1825,1050,2025,2,2,160000,87.67,2026-02-15,Active,active,494885,https://juanjoseelizondo.idxbroker.com/idx/details/listing/d337/494885/901-E-Yuma-Avenue-1003-McAllen-TX?widgetReferer=true,Imputed-land calc: take 18-22% of price as land share,Active/pending listing — market floor signal
C,IDX-juanjoseelizondo,townhouse_retail,1921 S 8th Street 15,McAllen,TX,78503,Rio Del Valle Condominiums,Residential,Apartment,1843,1016,1982,2,2,90000,48.83,2026-02-13,Active,active,494716,https://juanjoseelizondo.idxbroker.com/idx/details/listing/d337/494716/1921-S-8th-Street-15-McAllen-TX?widgetReferer=true,Imputed-land calc: take 18-22% of price as land share,Active/pending listing — market floor signal
C,IDX-juanjoseelizondo,townhouse_retail,1921 S 8th Street 19,McAllen,TX,78503,Rio Del Valle Condominiums,Residential,Apartment,1843,1016,1982,2,2,110000,59.69,2026-02-13,Active,active,494720,https://juanjoseelizondo.idxbroker.com/idx/details/listing/d337/494720/1921-S-8th-Street-19-McAllen-TX?widgetReferer=true,Imputed-land calc: take 18-22% of price as land share,Active/pending listing — market floor signal
C,IDX-juanjoseelizondo,townhouse_retail,1304 E Pineridge Avenue 3,McAllen,TX,78503,Canadas Iv Condomiums,Residential,Condominium,2469,1544,2010,2,2,195000,78.98,2025-01-07,Active,active,458100,https://juanjoseelizondo.idxbroker.com/idx/details/listing/d337/458100/1304-E-Pineridge-Avenue-3-McAllen-TX?widgetReferer=true,Imputed-land calc: take 18-22% of price as land share,Active/pending listing — market floor signal
C,IDX-juanjoseelizondo,townhouse_retail,3107 S 6th Lane,McAllen,TX,78503,La Paz,Residential,Townhouse,2648,2995,2003,3,4,340000,128.4,2025-05-23,Active,active,471610,https://juanjoseelizondo.idxbroker.com/idx/details/listing/d337/471610/3107-S-6th-Lane-McAllen-TX?widgetReferer=true,Imputed-land calc: take 18-22% of price as land share,Active/pending listing — market floor signal
C,IDX-juanjoseelizondo,townhouse_retail,1412 E Keeton Avenue 25,McAllen,TX,78503,Las Jollas Condominiums,Residential,Condominium,3013,1345,2008,3,2,141000,46.8,2025-07-21,Active,active,476519,https://juanjoseelizondo.idxbroker.com/idx/details/listing/d337/476519/1412-E-Keeton-Avenue-25-McAllen-TX?widgetReferer=true,Imputed-land calc: take 18-22% of price as land share,Active/pending listing — market floor signal
C,IDX-juanjoseelizondo,townhouse_retail,3013 S L Street C,McAllen,TX,78503,Las Canadas,Residential,Condominium,2945,1175,2018,3,2,170000,57.72,2025-08-22,Active,active,478978,https://juanjoseelizondo.idxbroker.com/idx/details/listing/d337/478978/3013-S-L-Street-C-McAllen-TX?widgetReferer=true,Imputed-land calc: take 18-22% of price as land share,Active/pending listing — market floor signal
C,IDX-juanjoseelizondo,townhouse_retail,3100 S 2nd Street 2,McAllen,TX,78503,Chateau Heights,Residential,Townhouse,3280,3456,1981,4,5,442500,134.91,2025-09-26,Active,active,481503,https://juanjoseelizondo.idxbroker.com/idx/details/listing/d337/481503/3100-S-2nd-Street-2-McAllen-TX?widgetReferer=true,Imputed-land calc: take 18-22% of price as land share,Active/pending listing — market floor signal
C,IDX-juanjoseelizondo,townhouse_retail,2113 S 3rd Street,McAllen,TX,78503,Townhomes Of Los Alegres # 3,Residential,Townhouse,3087,1394,2000,2,2,265000,85.84,2025-09-29,Active,active,482062,https://juanjoseelizondo.idxbroker.com/idx/details/listing/d337/482062/2113-S-3rd-Street-McAllen-TX?widgetReferer=true,Imputed-land calc: take 18-22% of price as land share,Active/pending listing — market floor signal
C,IDX-juanjoseelizondo,townhouse_retail,1200 E Pineridge Avenue 4,McAllen,TX,78503,Amc Condominiums #8,Residential,Condominium,2945,1190,2013,2,3,152500,51.78,2025-10-08,Active,active,482911,https://juanjoseelizondo.idxbroker.com/idx/details/listing/d337/482911/1200-E-Pineridge-Avenue-4-McAllen-TX?widgetReferer=true,Imputed-land calc: take 18-22% of price as land share,Active/pending listing — market floor signal
C,IDX-juanjoseelizondo,townhouse_retail,2000 S 5th Street 21,McAllen,TX,78503,Townhomes Of Los Alegres #1,Residential,Condominium,1715,1990,1990,3,3,275000,160.35,2025-10-10,Active,active,483048,https://juanjoseelizondo.idxbroker.com/idx/details/listing/d337/483048/2000-S-5th-Street-21-McAllen-TX?widgetReferer=true,Imputed-land calc: take 18-22% of price as land share,Active/pending listing — market floor signal
C,IDX-juanjoseelizondo,townhouse_retail,3426 K Lane,McAllen,TX,78503,Georgetown Park,Residential,Townhouse,2459,1446,2025,3,3,275000,111.83,2025-10-21,Active,active,481880,https://juanjoseelizondo.idxbroker.com/idx/details/listing/d337/481880/3426-K-Lane-McAllen-TX?widgetReferer=true,Imputed-land calc: take 18-22% of price as land share,Active/pending listing — market floor signal
C,IDX-juanjoseelizondo,townhouse_retail,901 E Yuma Avenue 504,McAllen,TX,78503,Pyxis Heights,Residential,Condominium,1825,900,2022,2,2,144500,79.18,2025-10-31,Active,active,485852,https://juanjoseelizondo.idxbroker.com/idx/details/listing/d337/485852/901-E-Yuma-Avenue-504-McAllen-TX?widgetReferer=true,Imputed-land calc: take 18-22% of price as land share,Active/pending listing — market floor signal
C,IDX-juanjoseelizondo,townhouse_retail,4101 Ben Hogan Avenue,McAllen,TX,78503,Victorian Square,Residential,Townhouse,2836,1418,1994,2,3,192500,67.88,2025-10-31,Active,active,485853,https://juanjoseelizondo.idxbroker.com/idx/details/listing/d337/485853/4101-Ben-Hogan-Avenue-McAllen-TX?widgetReferer=true,Imputed-land calc: take 18-22% of price as land share,Active/pending listing — market floor signal
C,IDX-juanjoseelizondo,townhouse_retail,3007 S L Lane S,McAllen,TX,78503,Las Canadas,Residential,Condominium,2478,1550,2008,3,3,203000,81.92,2025-11-22,Active,active,487616,https://juanjoseelizondo.idxbroker.com/idx/details/listing/d337/487616/3007-S-L-Lane-S-McAllen-TX?widgetReferer=true,Imputed-land calc: take 18-22% of price as land share,Active/pending listing — market floor signal
C,IDX-juanjoseelizondo,townhouse_retail,4217 Colbath Avenue 120A,McAllen,TX,78503,The Palms Villas,Residential,Condominium,2346,1300,2010,3,2,185000,78.86,2025-12-04,Active,active,488334,https://juanjoseelizondo.idxbroker.com/idx/details/listing/d337/488334/4217-Colbath-Avenue-120A-McAllen-TX?widgetReferer=true,Imputed-land calc: take 18-22% of price as land share,Active/pending listing — market floor signal
C,IDX-juanjoseelizondo,townhouse_retail,2016 S 5th Street 17,McAllen,TX,78503,Townhomes Of Los Alegres #1,Residential,Condominium,2351,1691,1990,2,2,129000,54.87,2025-12-16,Pending,active,489155,https://juanjoseelizondo.idxbroker.com/idx/details/listing/d337/489155/2016-S-5th-Street-17-McAllen-TX?widgetReferer=true,Imputed-land calc: take 18-22% of price as land share,Active/pending listing — market floor signal
C,IDX-juanjoseelizondo,townhouse_retail,600 Wichita Avenue 107,McAllen,TX,78503,The Fairway Condominiums,Residential,Condominium,2290,1616,1978,3,2,249000,108.73,2025-12-19,Active,active,490404,https://juanjoseelizondo.idxbroker.com/idx/details/listing/d337/490404/600-Wichita-Avenue-107-McAllen-TX?widgetReferer=true,Imputed-land calc: take 18-22% of price as land share,Active/pending listing — market floor signal
C,IDX-juanjoseelizondo,townhouse_retail,412 Toronto Avenue 37,McAllen,TX,78503,Townhomes Of Los Alegres #2,Residential,Townhouse,1572,1828,2002,2,3,209500,133.27,2026-01-05,Active,active,491210,https://juanjoseelizondo.idxbroker.com/idx/details/listing/d337/491210/412-Toronto-Avenue-37-McAllen-TX?widgetReferer=true,Imputed-land calc: take 18-22% of price as land share,Active/pending listing — market floor signal
C,IDX-juanjoseelizondo,townhouse_retail,1921 S 8th Street 23,McAllen,TX,78503,Rio Del Valle Condominiums,Residential,Condominium,1843,1016,1982,2,2,117500,63.75,2026-01-12,Active,active,491891,https://juanjoseelizondo.idxbroker.com/idx/details/listing/d337/491891/1921-S-8th-Street-23-McAllen-TX?widgetReferer=true,Imputed-land calc: take 18-22% of price as land share,Active/pending listing — market floor signal
C,IDX-juanjoseelizondo,townhouse_retail,1921 S 8th Street 11,McAllen,TX,78503,Rio Del Valle Condominiums,Residential,Apartment,1843,1016,1982,2,2,129000,69.99,2026-02-05,Pending,active,493919,https://juanjoseelizondo.idxbroker.com/idx/details/listing/d337/493919/1921-S-8th-Street-11-McAllen-TX?widgetReferer=true,Imputed-land calc: take 18-22% of price as land share,Active/pending listing — market floor signal
C,IDX-juanjoseelizondo,townhouse_retail,3005 S L Street 3,McAllen,TX,78503,Las Canadas,Residential,Condominium,2200,1300,2008,3,3,165000,75.0,2026-01-17,Active,active,492436,https://juanjoseelizondo.idxbroker.com/idx/details/listing/d337/492436/3005-S-L-Street-3-McAllen-TX?widgetReferer=true,Imputed-land calc: take 18-22% of price as land share,Active/pending listing — market floor signal
C,IDX-juanjoseelizondo,townhouse_retail,1412 E Keeton Street 31,McAllen,TX,78503,Las Jollas Condominiums,Residential,Condominium,3013,1420,2008,3,2,170000,56.42,2026-01-30,Active,active,493535,https://juanjoseelizondo.idxbroker.com/idx/details/listing/d337/493535/1412-E-Keeton-Street-31-McAllen-TX?widgetReferer=true,Imputed-land calc: take 18-22% of price as land share,Active/pending listing — market floor signal
D,IDX-juanjoseelizondo,townhouse_retail,844 N 7th Street,Alamo,TX,78516,Nebraska Village,Residential,Single Family Residence,6250,1512,2002,3,2,207000,33.12,7/20/2023,Closed,sold,406415,https://juanjoseelizondo.idxbroker.com/idx/details/listing/d337/406415/844-N-7th-Street-Alamo-TX?widgetReferer=true,Imputed-land calc: take 18-22% of price as land share,Larger-lot townhouse — broad-market context
D,IDX-juanjoseelizondo,townhouse_retail,836 N 7 1/2 Street,Alamo,TX,78516,Nebraska Village,Residential,Single Family Residence,6272,1339,2004,3,2,185000,29.5,8/10/2023,Closed,sold,409365,https://juanjoseelizondo.idxbroker.com/idx/details/listing/d337/409365/836-N-7-1-2-Street-Alamo-TX?widgetReferer=true,Imputed-land calc: take 18-22% of price as land share,Larger-lot townhouse — broad-market context
D,IDX-juanjoseelizondo,townhouse_retail,709 Carey Lane,Alamo,TX,78516,Nebraska Village,Residential,Single Family Residence,6499,1523,2025,3,2,250000,38.47,2025-10-16,Pending,active,483492,https://juanjoseelizondo.idxbroker.com/idx/details/listing/d337/483492/709-Carey-Lane-Alamo-TX?widgetReferer=true,Imputed-land calc: take 18-22% of price as land share,Larger-lot townhouse — broad-market context
D,IDX-juanjoseelizondo,townhouse_retail,818 S 13th Street,Alamo,TX,78516,South Alamo Village,Residential,Mobile Home,6249,1140,2020,3,2,129000,20.64,2025-12-04,Active,active,487837,https://juanjoseelizondo.idxbroker.com/idx/details/listing/d337/487837/818-S-13th-Street-Alamo-TX?widgetReferer=true,Imputed-land calc: take 18-22% of price as land share,Larger-lot townhouse — broad-market context
A,HCAD-acttax,cad_vacant,N WOODY ST,Edinburg,TX,78541,Russell Village,Townhouse Lot,,,,,,,55242,,2026 CAD,CAD_assessed,cad,R469800000001400,https://actweb.acttax.com/act_webdev/hidalgo/showdetail2.jsp?can=R469800000001400,"CAD land=$55,242 impr=$0 | legal: RUSSELL VILLAGE LOT 14",Russell Village = SAME BUILDER prior platted product — strongest behavioral comp
A,HCAD-acttax,cad_improved,2233 N WOODY RD,Edinburg,TX,78541,Russell Village,Townhouse Lot,,,,,,,54731,,2026 CAD,CAD_improved,cad,R469800000000700,https://actweb.acttax.com/act_webdev/hidalgo/showdetail2.jsp?can=R469800000000700,"CAD land=$54,731 impr=$209,737 | legal: RUSSELL VILLAGE LOT 7",Russell Village = SAME BUILDER prior platted product — strongest behavioral comp
A,HCAD-acttax,cad_improved,N WOODY ST,Edinburg,TX,78541,Russell Village,Townhouse Lot,,,,,,,54731,,2026 CAD,CAD_improved,cad,R469800000001100,https://actweb.acttax.com/act_webdev/hidalgo/showdetail2.jsp?can=R469800000001100,"CAD land=$54,731 impr=$174,787 | legal: RUSSELL VILLAGE LOT 11",Russell Village = SAME BUILDER prior platted product — strongest behavioral comp
A,HCAD-acttax,cad_improved,2215 N WOODY RD,Edinburg,TX,78541,Russell Village,Townhouse Lot,,,,,,,54731,,2026 CAD,CAD_improved,cad,R469800000000300,https://actweb.acttax.com/act_webdev/hidalgo/showdetail2.jsp?can=R469800000000300,"CAD land=$54,731 impr=$207,804 | legal: RUSSELL VILLAGE LOT 3",Russell Village = SAME BUILDER prior platted product — strongest behavioral comp
A,HCAD-acttax,cad_improved,2229 N WOODY RD,Edinburg,TX,78541,Russell Village,Townhouse Lot,,,,,,,54731,,2026 CAD,CAD_improved,cad,R469800000000600,https://actweb.acttax.com/act_webdev/hidalgo/showdetail2.jsp?can=R469800000000600,"CAD land=$54,731 impr=$195,616 | legal: RUSSELL VILLAGE LOT 6",Russell Village = SAME BUILDER prior platted product — strongest behavioral comp
A,HCAD-acttax,cad_improved,2317 N WOODY RD,Edinburg,TX,78541,Russell Village,Townhouse Lot,,,,,,,55242,,2026 CAD,CAD_improved,cad,R469800000001300,https://actweb.acttax.com/act_webdev/hidalgo/showdetail2.jsp?can=R469800000001300,"CAD land=$55,242 impr=$195,616 | legal: RUSSELL VILLAGE LOT 13",Russell Village = SAME BUILDER prior platted product — strongest behavioral comp
A,HCAD-acttax,cad_improved,2313 N WOODY ST,Edinburg,TX,78541,Russell Village,Townhouse Lot,,,,,,,55242,,2026 CAD,CAD_improved,cad,R469800000001200,https://actweb.acttax.com/act_webdev/hidalgo/showdetail2.jsp?can=R469800000001200,"CAD land=$55,242 impr=$184,444 | legal: RUSSELL VILLAGE LOT 12",Russell Village = SAME BUILDER prior platted product — strongest behavioral comp
A,HCAD-acttax,cad_improved,N WOODY ST,Edinburg,TX,78541,Russell Village,Townhouse Lot,,,,,,,54731,,2026 CAD,CAD_improved,cad,R469800000000800,https://actweb.acttax.com/act_webdev/hidalgo/showdetail2.jsp?can=R469800000000800,"CAD land=$54,731 impr=$185,508 | legal: RUSSELL VILLAGE LOT 8",Russell Village = SAME BUILDER prior platted product — strongest behavioral comp
A,HCAD-acttax,cad_improved,2305 N WOODY ST,Edinburg,TX,78541,Russell Village,Townhouse Lot,,,,,,,54731,,2026 CAD,CAD_improved,cad,R469800000001000,https://actweb.acttax.com/act_webdev/hidalgo/showdetail2.jsp?can=R469800000001000,"CAD land=$54,731 impr=$181,805 | legal: RUSSELL VILLAGE LOT 10",Russell Village = SAME BUILDER prior platted product — strongest behavioral comp
A,HCAD-acttax,cad_improved,N WOODY ST,Edinburg,TX,78541,Russell Village,Townhouse Lot,,,,,,,54731,,2026 CAD,CAD_improved,cad,R469800000000500,https://actweb.acttax.com/act_webdev/hidalgo/showdetail2.jsp?can=R469800000000500,"CAD land=$54,731 impr=$197,407 | legal: RUSSELL VILLAGE LOT 5",Russell Village = SAME BUILDER prior platted product — strongest behavioral comp
A,HCAD-acttax,cad_improved,N WOODY ST,Edinburg,TX,78541,Russell Village,Townhouse Lot,,,,,,,54731,,2026 CAD,CAD_improved,cad,R469800000000400,https://actweb.acttax.com/act_webdev/hidalgo/showdetail2.jsp?can=R469800000000400,"CAD land=$54,731 impr=$207,560 | legal: RUSSELL VILLAGE LOT 4",Russell Village = SAME BUILDER prior platted product — strongest behavioral comp
A,HCAD-acttax,cad_vacant,N WOODY ST,Edinburg,TX,78541,Russell Village,Townhouse Lot,,,,,,,55242,,2026 CAD,CAD_assessed,cad,R469800000001600,https://actweb.acttax.com/act_webdev/hidalgo/showdetail2.jsp?can=R469800000001600,"CAD land=$55,242 impr=$0 | legal: RUSSELL VILLAGE LOT 16",Russell Village = SAME BUILDER prior platted product — strongest behavioral comp
A,HCAD-acttax,cad_improved,2201 N WOODY ST,Edinburg,TX,78541,Russell Village,Townhouse Lot,,,,,,,72540,,2026 CAD,CAD_improved,cad,R469800000000100,https://actweb.acttax.com/act_webdev/hidalgo/showdetail2.jsp?can=R469800000000100,"CAD land=$72,540 impr=$200,834 | legal: RUSSELL VILLAGE LOT 1",Russell Village = SAME BUILDER prior platted product — strongest behavioral comp
A,HCAD-acttax,cad_vacant,N WOODY ST,Edinburg,TX,78541,Russell Village,Townhouse Lot,,,,,,,53410,,2026 CAD,CAD_assessed,cad,R469800000001800,https://actweb.acttax.com/act_webdev/hidalgo/showdetail2.jsp?can=R469800000001800,"CAD land=$53,410 impr=$0 | legal: RUSSELL VILLAGE LOT 18",Russell Village = SAME BUILDER prior platted product — strongest behavioral comp
A,HCAD-acttax,cad_vacant,N WOODY ST,Edinburg,TX,78541,Russell Village,Townhouse Lot,,,,,,,55242,,2026 CAD,CAD_assessed,cad,R469800000001500,https://actweb.acttax.com/act_webdev/hidalgo/showdetail2.jsp?can=R469800000001500,"CAD land=$55,242 impr=$0 | legal: RUSSELL VILLAGE LOT 15",Russell Village = SAME BUILDER prior platted product — strongest behavioral comp
A,HCAD-acttax,cad_vacant,N WOODY ST,Edinburg,TX,78541,Russell Village,Townhouse Lot,,,,,,,54731,,2026 CAD,CAD_assessed,cad,R469800000000900,https://actweb.acttax.com/act_webdev/hidalgo/showdetail2.jsp?can=R469800000000900,"CAD land=$54,731 impr=$0 | legal: RUSSELL VILLAGE LOT 9",Russell Village = SAME BUILDER prior platted product — strongest behavioral comp
A,HCAD-acttax,cad_improved,1017 W CLOUD 9 LN,Edinburg,TX,78541,Russell Village,Townhouse Lot,,,,,,,59846,,2026 CAD,CAD_improved,cad,R469800000005700,https://actweb.acttax.com/act_webdev/hidalgo/showdetail2.jsp?can=R469800000005700,"CAD land=$59,846 impr=$186,793 | legal: RUSSELL VILLAGE LOT 57",Russell Village = SAME BUILDER prior platted product — strongest behavioral comp
A,HCAD-acttax,cad_vacant,W CLOUD 9 LANE,Edinburg,TX,78541,Russell Village,Townhouse Lot,,,,,,,70657,,2026 CAD,CAD_assessed,cad,R469800000004800,https://actweb.acttax.com/act_webdev/hidalgo/showdetail2.jsp?can=R469800000004800,"CAD land=$70,657 impr=$0 | legal: RUSSELL VILLAGE LOT 48",Russell Village = SAME BUILDER prior platted product — strongest behavioral comp
A,HCAD-acttax,cad_improved,W CLOUD 9 LN,Edinburg,TX,78541,Russell Village,Townhouse Lot,,,,,,,59846,,2026 CAD,CAD_improved,cad,R469800000005800,https://actweb.acttax.com/act_webdev/hidalgo/showdetail2.jsp?can=R469800000005800,"CAD land=$59,846 impr=$208,130 | legal: RUSSELL VILLAGE LOT 58",Russell Village = SAME BUILDER prior platted product — strongest behavioral comp
A,HCAD-acttax,cad_improved,1025 W CLOUD 9 LN,Edinburg,TX,78541,Russell Village,Townhouse Lot,,,,,,,59846,,2026 CAD,CAD_improved,cad,R469800000005500,https://actweb.acttax.com/act_webdev/hidalgo/showdetail2.jsp?can=R469800000005500,"CAD land=$59,846 impr=$216,035 | legal: RUSSELL VILLAGE LOT 55",Russell Village = SAME BUILDER prior platted product — strongest behavioral comp
A,HCAD-acttax,cad_improved,1009 W CLOUD 9 LN,Edinburg,TX,78541,Russell Village,Townhouse Lot,,,,,,,64240,,2026 CAD,CAD_improved,cad,R469800000005900,https://actweb.acttax.com/act_webdev/hidalgo/showdetail2.jsp?can=R469800000005900,"CAD land=$64,240 impr=$208,904 | legal: RUSSELL VILLAGE LOT 59",Russell Village = SAME BUILDER prior platted product — strongest behavioral comp
A,HCAD-acttax,cad_vacant,N REVOLUTION ST,Edinburg,TX,78541,Russell Village,Townhouse Lot,,,,,,,55242,,2026 CAD,CAD_assessed,cad,R469800000003500,https://actweb.acttax.com/act_webdev/hidalgo/showdetail2.jsp?can=R469800000003500,"CAD land=$55,242 impr=$0 | legal: RUSSELL VILLAGE LOT 35",Russell Village = SAME BUILDER prior platted product — strongest behavioral comp
A,HCAD-acttax,cad_improved,2408 N REVOLUTION ST,Edinburg,TX,78541,Russell Village,Townhouse Lot,,,,,,,55242,,2026 CAD,CAD_improved,cad,R469800000003200,https://actweb.acttax.com/act_webdev/hidalgo/showdetail2.jsp?can=R469800000003200,"CAD land=$55,242 impr=$92,659 | legal: RUSSELL VILLAGE LOT 32",Russell Village = SAME BUILDER prior platted product — strongest behavioral comp
A,HCAD-acttax,cad_improved,2412 N REVOLUTION ST,Edinburg,TX,78541,Russell Village,Townhouse Lot,,,,,,,55242,,2026 CAD,CAD_improved,cad,R469800000003100,https://actweb.acttax.com/act_webdev/hidalgo/showdetail2.jsp?can=R469800000003100,"CAD land=$55,242 impr=$109,736 | legal: RUSSELL VILLAGE LOT 31",Russell Village = SAME BUILDER prior platted product — strongest behavioral comp
A,HCAD-acttax,cad_improved,2404 N REVOLUTION ST,Edinburg,TX,78541,Russell Village,Townhouse Lot,,,,,,,55242,,2026 CAD,CAD_improved,cad,R469800000003300,https://actweb.acttax.com/act_webdev/hidalgo/showdetail2.jsp?can=R469800000003300,"CAD land=$55,242 impr=$93,489 | legal: RUSSELL VILLAGE LOT 33",Russell Village = SAME BUILDER prior platted product — strongest behavioral comp
A,HCAD-acttax,cad_improved,N REVOLUTION ST,Edinburg,TX,78541,Russell Village,Townhouse Lot,,,,,,,53410,,2026 CAD,CAD_improved,cad,R469800000003000,https://actweb.acttax.com/act_webdev/hidalgo/showdetail2.jsp?can=R469800000003000,"CAD land=$53,410 impr=$142,902 | legal: RUSSELL VILLAGE LOT 30",Russell Village = SAME BUILDER prior platted product — strongest behavioral comp
A,HCAD-acttax,cad_improved,2228 N REVOLUTION ST,Edinburg,TX,78541,Russell Village,Townhouse Lot,,,,,,,54731,,2026 CAD,CAD_improved,cad,R469800000004200,https://actweb.acttax.com/act_webdev/hidalgo/showdetail2.jsp?can=R469800000004200,"CAD land=$54,731 impr=$192,540 | legal: RUSSELL VILLAGE LOT 42",Russell Village = SAME BUILDER prior platted product — strongest behavioral comp
A,HCAD-acttax,cad_improved,N REVOLUTION ST,Edinburg,TX,78541,Russell Village,Townhouse Lot,,,,,,,54731,,2026 CAD,CAD_improved,cad,R469800000003800,https://actweb.acttax.com/act_webdev/hidalgo/showdetail2.jsp?can=R469800000003800,"CAD land=$54,731 impr=$196,599 | legal: RUSSELL VILLAGE LOT 38",Russell Village = SAME BUILDER prior platted product — strongest behavioral comp
A,HCAD-acttax,cad_improved,2224 N REVOLUTION ST,Edinburg,TX,78541,Russell Village,Townhouse Lot,,,,,,,54731,,2026 CAD,CAD_improved,cad,R469800000004300,https://actweb.acttax.com/act_webdev/hidalgo/showdetail2.jsp?can=R469800000004300,"CAD land=$54,731 impr=$180,833 | legal: RUSSELL VILLAGE LOT 43",Russell Village = SAME BUILDER prior platted product — strongest behavioral comp
A,HCAD-acttax,cad_improved,N REVOLUTION ST,Edinburg,TX,78541,Russell Village,Townhouse Lot,,,,,,,54731,,2026 CAD,CAD_improved,cad,R469800000004100,https://actweb.acttax.com/act_webdev/hidalgo/showdetail2.jsp?can=R469800000004100,"CAD land=$54,731 impr=$182,681 | legal: RUSSELL VILLAGE LOT 41",Russell Village = SAME BUILDER prior platted product — strongest behavioral comp
A,HCAD-acttax,cad_improved,2312 N REVOLUTION ST,Edinburg,TX,78541,Russell Village,Townhouse Lot,,,,,,,55242,,2026 CAD,CAD_improved,cad,R469800000003600,https://actweb.acttax.com/act_webdev/hidalgo/showdetail2.jsp?can=R469800000003600,"CAD land=$55,242 impr=$195,616 | legal: RUSSELL VILLAGE LOT 36",Russell Village = SAME BUILDER prior platted product — strongest behavioral comp
A,HCAD-acttax,cad_improved,2400 N REVOLUTION ST,Edinburg,TX,78541,Russell Village,Townhouse Lot,,,,,,,55242,,2026 CAD,CAD_improved,cad,R469800000003400,https://actweb.acttax.com/act_webdev/hidalgo/showdetail2.jsp?can=R469800000003400,"CAD land=$55,242 impr=$236,501 | legal: RUSSELL VILLAGE LOT 34",Russell Village = SAME BUILDER prior platted product — strongest behavioral comp
A,HCAD-acttax,cad_improved,N REVOLUTION ST,Edinburg,TX,78541,Russell Village,Townhouse Lot,,,,,,,54731,,2026 CAD,CAD_improved,cad,R469800000004000,https://actweb.acttax.com/act_webdev/hidalgo/showdetail2.jsp?can=R469800000004000,"CAD land=$54,731 impr=$188,588 | legal: RUSSELL VILLAGE LOT 40",Russell Village = SAME BUILDER prior platted product — strongest behavioral comp
A,HCAD-acttax,cad_vacant,N REVOLUTION ST,Edinburg,TX,78541,Russell Village,Townhouse Lot,,,,,,,69103,,2026 CAD,CAD_assessed,cad,R469800000002900,https://actweb.acttax.com/act_webdev/hidalgo/showdetail2.jsp?can=R469800000002900,"CAD land=$69,103 impr=$0 | legal: RUSSELL VILLAGE LOT 29",Russell Village = SAME BUILDER prior platted product — strongest behavioral comp
A,HCAD-acttax,cad_improved,N REVOLUTION ST,Edinburg,TX,78541,Russell Village,Townhouse Lot,,,,,,,54731,,2026 CAD,CAD_improved,cad,R469800000003900,https://actweb.acttax.com/act_webdev/hidalgo/showdetail2.jsp?can=R469800000003900,"CAD land=$54,731 impr=$220,327 | legal: RUSSELL VILLAGE LOT 39",Russell Village = SAME BUILDER prior platted product — strongest behavioral comp
A,HCAD-acttax,cad_improved,N REVOLUTION ST,Edinburg,TX,78541,Russell Village,Townhouse Lot,,,,,,,54731,,2026 CAD,CAD_improved,cad,R469800000004400,https://actweb.acttax.com/act_webdev/hidalgo/showdetail2.jsp?can=R469800000004400,"CAD land=$54,731 impr=$192,694 | legal: RUSSELL VILLAGE LOT 44",Russell Village = SAME BUILDER prior platted product — strongest behavioral comp
A,HCAD-acttax,cad_improved,2214 N REVOLUTION ST,Edinburg,TX,78541,Russell Village,Townhouse Lot,,,,,,,54731,,2026 CAD,CAD_improved,cad,R469800000004500,https://actweb.acttax.com/act_webdev/hidalgo/showdetail2.jsp?can=R469800000004500,"CAD land=$54,731 impr=$194,310 | legal: RUSSELL VILLAGE LOT 45",Russell Village = SAME BUILDER prior platted product — strongest behavioral comp
D,Crexi,crexi_land,"0.08 acres

325 S 17th Street McAllen, TX 78501",th Street McAllen,TX,,,land,,3484,,,,,235000,,2026 active,active,cross_check,,,"Crexi data: $2,937,500/ac",Crexi cross-check — broader Hidalgo land market
D,Crexi,crexi_land,"0.097 acres

215 S 17th Street McAllen, TX 78501",th Street McAllen,TX,,,land,,4225,,,,,475000,,2026 active,active,cross_check,,,"Crexi data: $4,896,907/ac",Crexi cross-check — broader Hidalgo land market
D,Crexi,crexi_land,"0.199 acres

809 N Ware Road McAllen, TX 78501",N Ware Road McAllen,TX,,,land,,8668,,,,,695000,,2026 active,active,cross_check,,,"Crexi data: $3,492,462/ac",Crexi cross-check — broader Hidalgo land market
D,Crexi,crexi_land,"0.321 acres

2245 Erie Avenue McAllen, TX 78501",Erie Avenue McAllen,TX,,,land,,13982,,,,,299000,,2026 active,active,cross_check,,,"Crexi data: $931,464/ac",Crexi cross-check — broader Hidalgo land market
D,Crexi,crexi_land,"0.62 acres

Lot 5 Buddy Owens Blvd McAllen, TX 78504",Buddy Owens Blvd McAllen,TX,,,land,,27007,,,,,391500,,2026 active,active,cross_check,,,"Crexi data: $631,452/ac",Crexi cross-check — broader Hidalgo land market
D,Crexi,crexi_land,"0.62 acres

Lot 9 Buddy Owens Blvd McAllen, TX 78504",Buddy Owens Blvd McAllen,TX,,,land,,27007,,,,,391500,,2026 active,active,cross_check,,,"Crexi data: $631,452/ac",Crexi cross-check — broader Hidalgo land market
D,Crexi,crexi_land,"0.62 acres

Lot 6 Buddy Owens Blvd McAllen McAllen, TX 78504",Buddy Owens Blvd McAllen McAllen,TX,,,land,,27007,,,,,607500,,2026 active,active,cross_check,,,"Crexi data: $979,839/ac",Crexi cross-check — broader Hidalgo land market
D,Crexi,crexi_land,"0.68 acres

2431 S McColl Rd McAllen, TX 78503",S McColl Rd McAllen,TX,,,land,,29620,,,,,355450,,2026 active,active,cross_check,,,"Crexi data: $522,721/ac",Crexi cross-check — broader Hidalgo land market
D,Crexi,crexi_land,"0.725 acres

2817 N 29th Street McAllen, TX 78504",th Street McAllen,TX,,,land,,31581,,,,,521021,,2026 active,active,cross_check,,,"Crexi data: $718,650/ac",Crexi cross-check — broader Hidalgo land market
D,Crexi,crexi_land,"0.75 acres

3750 N Jackson Road Pharr, TX 78577",N Jackson Road Pharr,TX,,,land,,32670,,,,,750000,,2026 active,active,cross_check,,,"Crexi data: $1,000,000/ac",Crexi cross-check — broader Hidalgo land market
D,Crexi,crexi_land,"800,000

721 E Nolana Avenue

Commercial Land I 0.77 Acres Available

721 E Nolana Avenue Edinburg, TX 78504",E Nolana Avenue Edinburg,TX,,,land,,33541,,,,,800000,,2026 active,active,cross_check,,,"Crexi data: $1,038,961/ac",Crexi cross-check — broader Hidalgo land market
D,Crexi,crexi_land,"s premier retai

4325 N 10th Street McAllen, TX 78504",th Street McAllen,TX,,,land,,35719,,,,,2050000,,2026 active,active,cross_check,,,"Crexi data: $2,500,000/ac",Crexi cross-check — broader Hidalgo land market
D,Crexi,crexi_land,"0.832 acres

3612 N 29th Street McAllen, TX 78504",th Street McAllen,TX,,,land,,36241,,,,,543750,,2026 active,active,cross_check,,,"Crexi data: $653,546/ac",Crexi cross-check — broader Hidalgo land market
D,Crexi,crexi_land,"1.12 acres

Lot 1 Buddy Owens Blvd McAllen, TX 78504 McAllen, TX 78504",Buddy Owens Blvd McAllen,TX,,,land,,48787,,,,,876551,,2026 active,active,cross_check,,,"Crexi data: $782,635/ac",Crexi cross-check — broader Hidalgo land market
D,Crexi,crexi_land,"1.2 acres

1301 E Fern Avenue McAllen, TX 78501",E Fern Avenue McAllen,TX,,,land,,52272,,,,,545000,,2026 active,active,cross_check,,,"Crexi data: $454,167/ac",Crexi cross-check — broader Hidalgo land market
D,Crexi,crexi_land,"1.23 acres

LOT 1 E Dicker Road Hidalgo, TX 78557",E Dicker Road Hidalgo,TX,,,land,,53578,,,,,650000,,2026 active,active,cross_check,,,"Crexi data: $528,455/ac",Crexi cross-check — broader Hidalgo land market
D,Crexi,crexi_land,"1.34 acres

512 Ware Road McAllen, TX 78503",Ware Road McAllen,TX,,,land,,58370,,,,,1750000,,2026 active,active,cross_check,,,"Crexi data: $1,305,970/ac",Crexi cross-check — broader Hidalgo land market
D,Crexi,crexi_land,"1.36 acres

4500 N 29th Street McAllen, TX 78504",th Street McAllen,TX,,,land,,59241,,,,,650000,,2026 active,active,cross_check,,,"Crexi data: $477,941/ac",Crexi cross-check — broader Hidalgo land market
D,Crexi,crexi_land,"1.39 acres

6221 N Taylor Road Mission, TX 78504",N Taylor Road Mission,TX,,,land,,60548,,,,,1300000,,2026 active,active,cross_check,,,"Crexi data: $935,252/ac",Crexi cross-check — broader Hidalgo land market
D,Crexi,crexi_land,"1.45 acres

0 E Dicker Road McAllen, TX 78501",E Dicker Road McAllen,TX,,,land,,63162,,,,,309493,,2026 active,active,cross_check,,,"Crexi data: $213,443/ac",Crexi cross-check — broader Hidalgo land market
D,Crexi,crexi_land,"1.48 acres

1900 W Eldora Road Pharr, TX 78577",W Eldora Road Pharr,TX,,,land,,64468,,,,,1375000,,2026 active,active,cross_check,,,"Crexi data: $929,054/ac",Crexi cross-check — broader Hidalgo land market
D,Crexi,crexi_land,"1.51 acres

00 S Bales Road McAllen, TX 78501",S Bales Road McAllen,TX,,,land,,65775,,,,,875000,,2026 active,active,cross_check,,,"Crexi data: $579,470/ac",Crexi cross-check — broader Hidalgo land market
D,Crexi,crexi_land,"1.613 acres

3100 W University Drive Edinburg, TX 78539",W University Drive Edinburg,TX,,,land,,70262,,,,,1600050,,2026 active,active,cross_check,,,"Crexi data: $991,971/ac",Crexi cross-check — broader Hidalgo land market
D,Crexi,crexi_land,"1.946 acres

4705 N Mccoll Road McAllen, TX 78504",N Mccoll Road McAllen,TX,,,land,,84767,,,,,2500000,,2026 active,active,cross_check,,,"Crexi data: $1,284,687/ac",Crexi cross-check — broader Hidalgo land market
D,Crexi,crexi_land,"2.091 acres

2901-3029 N Jackson Road McAllen, TX 78501",N Jackson Road McAllen,TX,,,land,,91083,,,,,1093200,,2026 active,active,cross_check,,,"Crexi data: $522,812/ac",Crexi cross-check — broader Hidalgo land market
D,Crexi,crexi_land,"2.202 acres

5201 W Military Highway McAllen, TX 78503",W Military Highway McAllen,TX,,,land,,95919,,,,,1050000,,2026 active,active,cross_check,,,"Crexi data: $476,839/ac",Crexi cross-check — broader Hidalgo land market
D,Crexi,crexi_land,"2.22 acres

1101 E Jasmine Avenue McAllen, TX 78501",E Jasmine Avenue McAllen,TX,,,land,,96703,,,,,1165000,,2026 active,active,cross_check,,,"Crexi data: $524,775/ac",Crexi cross-check — broader Hidalgo land market
D,Crexi,crexi_land,"2.25 acres

4421 W Expressway 83 McAllen, TX 78501",McAllen,TX,,,land,,98010,,,,,1990000,,2026 active,active,cross_check,,,"Crexi data: $884,444/ac",Crexi cross-check — broader Hidalgo land market
D,Crexi,crexi_land,"2.34 acres

717 E Ridge Road E McAllen, TX 78503",E Ridge Road E McAllen,TX,,,land,,101930,,,,,1529000,,2026 active,active,cross_check,,,"Crexi data: $653,419/ac",Crexi cross-check — broader Hidalgo land market
D,Crexi,crexi_land,"2.681 acres

901 E Ridge Avenue McAllen, TX 78503",E Ridge Avenue McAllen,TX,,,land,,116784,,,,,1870000,,2026 active,active,cross_check,,,"Crexi data: $697,501/ac",Crexi cross-check — broader Hidalgo land market
D,Crexi,crexi_land,"2.692 acres

3801 W US Highway Business 83 Highway W McAllen, TX 78572",Highway W McAllen,TX,,,land,,117263,,,,,1099000,,2026 active,active,cross_check,,,"Crexi data: $408,247/ac",Crexi cross-check — broader Hidalgo land market
D,Crexi,crexi_land,"2.78 acres

200 Tulip Avenue McAllen, TX 78504",Tulip Avenue McAllen,TX,,,land,,121096,,,,,1699000,,2026 active,active,cross_check,,,"Crexi data: $611,151/ac",Crexi cross-check — broader Hidalgo land market
D,Crexi,crexi_land,"2.92 acres

TBD N Mccoll McAllen, TX 78504","acres

TBD N Mccoll McAllen",TX,,,land,,127195,,,,,2200000,,2026 active,active,cross_check,,,"Crexi data: $753,425/ac",Crexi cross-check — broader Hidalgo land market
D,Crexi,crexi_land,"3.279 acres

1401 E Jonquil Avenue McAllen, TX 78501",E Jonquil Avenue McAllen,TX,,,land,,142833,,,,,860000,,2026 active,active,cross_check,,,"Crexi data: $262,275/ac",Crexi cross-check — broader Hidalgo land market
D,Crexi,crexi_land,"3.306 acres

7300 N Ware Road McAllen, TX 78501",N Ware Road McAllen,TX,,,land,,144009,,,,,1400000,,2026 active,active,cross_check,,,"Crexi data: $423,472/ac",Crexi cross-check — broader Hidalgo land market
D,Crexi,crexi_land,"3.33 acres

4400 S State Highway 107 McAllen, TX 78504",McAllen,TX,,,land,,145054,,,,,1200000,,2026 active,active,cross_check,,,"Crexi data: $360,360/ac",Crexi cross-check — broader Hidalgo land market
D,Crexi,crexi_land,"0 Produce Road, Hidalgo, TX 78577",Hidalgo,TX,,,land,,165963,165963.6,,,,499000,3.01,2026 active,active,cross_check,,,"Crexi data: $130,971/ac",Crexi cross-check — broader Hidalgo land market
D,Crexi,crexi_land,"3.85 acres

4220 N Jackson Road McAllen, TX 78501",N Jackson Road McAllen,TX,,,land,,167706,,,,,2700000,,2026 active,active,cross_check,,,"Crexi data: $701,299/ac",Crexi cross-check — broader Hidalgo land market
D,Crexi,crexi_land,"3.88 acres

4600 Auburn Avenue McAllen, TX 78504",Auburn Avenue McAllen,TX,,,land,,169012,,,,,650000,,2026 active,active,cross_check,,,"Crexi data: $167,526/ac",Crexi cross-check — broader Hidalgo land market
D,Crexi,crexi_land,"4.19 acres

0 S 10th Street McAllen, TX 78501",th Street McAllen,TX,,,land,,182516,,,,,2200000,,2026 active,active,cross_check,,,"Crexi data: $525,060/ac",Crexi cross-check — broader Hidalgo land market
D,Crexi,crexi_land,"4.72 acres

4508 N Taylor Road McAllen, TX 78504",N Taylor Road McAllen,TX,,,land,,205603,,,,,1700000,,2026 active,active,cross_check,,,"Crexi data: $360,169/ac",Crexi cross-check — broader Hidalgo land market
D,Crexi,crexi_land,"4.82 acres

1625 W State Highway 107 Highway McAllen, TX 78504",Highway McAllen,TX,,,land,,209959,,,,,1000000,,2026 active,active,cross_check,,,"Crexi data: $207,469/ac",Crexi cross-check — broader Hidalgo land market
D,HCAD-developer-portfolio,developer_held,1406 S MICHIGAN STREET,,TX,,ALTON VILLAGE APARTMENTS,Lot,,,,,,,125388,,2026 CAD,CAD_developer_held,cad,A378000000002900,https://actweb.acttax.com/act_webdev/hidalgo/showdetail2.jsp?can=A378000000002900,TURQUESA Alton Village #29,Developer-held lot (Turquesa or Talgaos) — CAD basis only
D,HCAD-developer-portfolio,developer_held,1410 S MICHIGAN STREET,,TX,,ALTON VILLAGE APARTMENTS,Lot,,,,,,,125388,,2026 CAD,CAD_developer_held,cad,A378000000003000,https://actweb.acttax.com/act_webdev/hidalgo/showdetail2.jsp?can=A378000000003000,TURQUESA Alton Village #30,Developer-held lot (Turquesa or Talgaos) — CAD basis only
D,HCAD-developer-portfolio,developer_held,1104 E ACACIA DR,,TX,,OAK RIDGE ESTATES,Lot,,,,,,,75502,,2026 CAD,CAD_developer_held,cad,O064000000002000,https://actweb.acttax.com/act_webdev/hidalgo/showdetail2.jsp?can=O064000000002000,TURQUESA Oak Ridge #20,Developer-held lot (Turquesa or Talgaos) — CAD basis only
D,HCAD-developer-portfolio,developer_held,1817 N MANGROVE ST,,TX,,OAK RIDGE ESTATES,Lot,,,,,,,57432,,2026 CAD,CAD_developer_held,cad,O064000000012100,https://actweb.acttax.com/act_webdev/hidalgo/showdetail2.jsp?can=O064000000012100,TURQUESA Oak Ridge #121,Developer-held lot (Turquesa or Talgaos) — CAD basis only
D,HCAD-developer-portfolio,developer_held,1813 N MANGROVE ST,,TX,,OAK RIDGE ESTATES,Lot,,,,,,,57432,,2026 CAD,CAD_developer_held,cad,O064000000012200,https://actweb.acttax.com/act_webdev/hidalgo/showdetail2.jsp?can=O064000000012200,TURQUESA Oak Ridge #122,Developer-held lot (Turquesa or Talgaos) — CAD basis only
D,HCAD-developer-portfolio,developer_held,N. WOODY ST.,,TX,,RUSSELL VILLAGE,Lot,,,,,,,55242,,2026 CAD,CAD_developer_held,cad,R469800000001700,https://actweb.acttax.com/act_webdev/hidalgo/showdetail2.jsp?can=R469800000001700,TURQUESA Russell Village #17,Developer-held lot (Turquesa or Talgaos) — CAD basis only
D,HCAD-developer-portfolio,developer_held,1009 W CLOUD 9 LN,,TX,,RUSSELL VILLAGE,Lot,,,,,,,64240,,2026 CAD,CAD_developer_held,cad,R469800000005900,https://actweb.acttax.com/act_webdev/hidalgo/showdetail2.jsp?can=R469800000005900,TURQUESA Russell Village #59,Developer-held lot (Turquesa or Talgaos) — CAD basis only
D,HCAD-developer-portfolio,developer_held,ROGERS RD,,TX,,TEX-MEX SURVEY,Lot,,,,,,,155022,,2026 CAD,CAD_developer_held,cad,T210000244000808,https://actweb.acttax.com/act_webdev/hidalgo/showdetail2.jsp?can=T210000244000808,TURQUESA SUBJECT (Tex-Mex Sec 244),Developer-held lot (Turquesa or Talgaos) — CAD basis only
D,HCAD-developer-portfolio,developer_held,S MAYBERRY RD,,TX,,WEST ADDN TO SHARYLAND S10AC,Lot,,,,,,,520000,,2026 CAD,CAD_developer_held,cad,W010000038000900,https://actweb.acttax.com/act_webdev/hidalgo/showdetail2.jsp?can=W010000038000900,TALGAOS West Sharyland S10AC Lot 38-9,Developer-held lot (Turquesa or Talgaos) — CAD basis only
D,HCAD-developer-portfolio,developer_held,2208 VICTORIA ST,,TX,,LAS VILLAS DEL RIO PH 2B,Lot,,,,,,,65910,,2026 CAD,CAD_developer_held,cad,L33972B000024600,https://actweb.acttax.com/act_webdev/hidalgo/showdetail2.jsp?can=L33972B000024600,TALGAOS Las Villas del Rio #246,Developer-held lot (Turquesa or Talgaos) — CAD basis only
D,HCAD-developer-portfolio,developer_held,2323 DORADO DR,,TX,,MAR,Lot,,,,,,,49949,,2026 CAD,CAD_developer_held,cad,M082500000006700,https://actweb.acttax.com/act_webdev/hidalgo/showdetail2.jsp?can=M082500000006700,TALGAOS Mar Lot 67,Developer-held lot (Turquesa or Talgaos) — CAD basis only
D,HCAD-developer-portfolio,developer_held,3613 ZELMA ST,,TX,,MONMACK TERRACE NO. 2,Lot,,,,,,,130540,,2026 CAD,CAD_developer_held,cad,M572002000000200,https://actweb.acttax.com/act_webdev/hidalgo/showdetail2.jsp?can=M572002000000200,TALGAOS Monmack Terrace #2,Developer-held lot (Turquesa or Talgaos) — CAD basis only
