tier,score,name,category,city,rating,reviews,has_website,website_type,website_url,address,phone,rank_pos,search_query
HOT,150,YJ Home Repair / Drywall Repair/Handyman/plumbing/Electrician/painting/Bathroom Remodel,home remodeler,Edinburg,4.8,225,False,none,,15+ years in business,(956) 884-2695,1,home remodeler in Edinburg tx
HOT,150,Cindy Nail,nail salon,Harlingen,4.8,542,False,none,,,(956) 357-9046,1,nail salon in Harlingen tx
HOT,150,Rodeo Dental & Orthodontics of Edinburg,orthodontist,Edinburg,4.9,2500,False,none,,1560 E Canton Rd suite g,,1,best orthodontist in Edinburg texas
HOT,150,Rodeo Dental & Orthodontics of Mission,orthodontist,Mission,4.9,3900,False,none,,117 E Griffin Pkwy,,1,orthodontist in Mission tx
HOT,150,Rodeo Dental & Orthodontics of Harlingen,orthodontist,Harlingen,4.9,2200,False,none,,601 N 77 Sunshine Strip #4,,1,orthodontist in Harlingen tx
HOT,150,Dr. Scott and Associates - Optometrists in McAllen,optometrist,McAllen,4.8,506,False,none,,2200 S 10th St Suite B06,(956) 682-4459,1,optometrist in McAllen tx
HOT,150,Barajas Vision Clinic,optometrist,Mission,4.8,444,False,none,,1300 S Bryan Rd #105,(956) 581-6151,1,optometrist in Mission tx
HOT,150,Brownsville Eye Center,optometrist,Brownsville,4.8,559,False,none,,3107 Boca Chica Blvd Suite D,(956) 214-5019,1,best optometrist in Brownsville texas
HOT,150,Healing Escape Holistic,massage therapist,Pharr,4.8,224,False,none,,7+ years in business,(956) 200-0860,1,massage therapist in Pharr tx
HOT,150,El Botanero by 100% AM,restaurant,McAllen,4.7,748,False,none,,101 E Expressway 83 Suite 100,,1,restaurant in McAllen tx
HOT,150,The Loretto at Mission,restaurant,Mission,4.5,1200,False,none,,1233 E Griffin Pkwy,,1,restaurant in Mission tx
HOT,150,Dos Olivos Market Harlingen,restaurant,Harlingen,4.7,466,False,none,,6710 W Expy 83 Suite A-107,,1,restaurant in Harlingen tx
HOT,150,La Clandestina Brasa Argentina,restaurant,Brownsville,4.7,529,False,none,,2370 Frontage Rd,,1,top rated restaurant near Brownsville tx
HOT,150,Pappadeaux Seafood Kitchen,restaurant,Pharr,4.6,4400,False,none,,1610 W Expy 83,,1,restaurant in Pharr tx
HOT,150,Longhorn Cattle Company,restaurant,San Benito,4.5,2100,False,none,,3055 W Expy 83,,1,restaurant in San Benito tx
HOT,150,Ain’t She Grand BBQ Co.,restaurant,Donna,4.9,267,False,none,,3011 E Business Hwy 83 BLDG 2,,1,restaurant in Donna tx
HOT,150,The Landmark on Tower,restaurant,Alamo,4.6,308,False,none,,103 N Tower Rd,,1,best restaurant in Alamo texas
HOT,150,Domingo Restaurant,restaurant,Alamo,4.7,9300,False,none,,,,1,top rated restaurant near Alamo tx
HOT,150,Casa De Adobe,restaurant,Rio Grande City,4.5,563,False,none,,101 N Avasolo St,,1,restaurant in Rio Grande City tx
HOT,150,Henrietta's Bayfront Restaurant,restaurant,South Padre Island,4.8,680,False,none,,1707 Laguna Blvd,,1,best restaurant in South Padre Island texas
HOT,150,J. Castillo Cosmetic & Family Dentistry,cosmetic dentist,McAllen,4.9,910,False,none,,2215 W Fern Ln,,1,best cosmetic dentist in McAllen texas
HOT,150,The Lakes Family Dental,cosmetic dentist,Edinburg,4.8,1700,False,none,,3103 Center Pointe Dr,,1,cosmetic dentist in Edinburg tx
HOT,150,Rio Vista Dentistry,cosmetic dentist,Harlingen,4.9,432,False,none,,802 TX-499 Loop #1,,1,top rated cosmetic dentist near Harlingen tx
HOT,150,Legacy Dental,cosmetic dentist,Brownsville,4.9,2600,False,none,,2200 Boca Chica Blvd #138,,1,cosmetic dentist in Brownsville tx
HOT,150,Daydream Family Dentistry - Airway Dentistry,cosmetic dentist,Weslaco,5.0,501,False,none,,519 S Missouri Ave,,1,top rated cosmetic dentist near Weslaco tx
HOT,150,Rodeo Dental & Orthodontics of San Benito,cosmetic dentist,San Benito,4.9,3300,False,none,,1141 US-77 BUS #G,,1,top rated cosmetic dentist near San Benito tx
HOT,150,Rodeo Dental & Orthodontics of Donna,cosmetic dentist,Donna,5.0,1900,False,none,,1814 East Highway 2 Ste. D,,1,cosmetic dentist in Donna tx
HOT,150,"Texas Center for Cosmetic Dentistry, Dr. Guy Lewis and Dr. Teddy",cosmetic dentist,Donna,4.9,398,False,none,,Closes soon,,1,top rated cosmetic dentist near Donna tx
HOT,150,Alamo Family & Cosmetic Dentistry,cosmetic dentist,Alamo,4.9,312,False,none,,,,1,top rated cosmetic dentist near Alamo tx
HOT,150,J. Castillo Cosmetic & Family Dentistry,cosmetic dentist,Hidalgo,4.9,910,False,none,,Closes soon,,1,best cosmetic dentist in Hidalgo texas
HOT,150,"Hilda's Beauty Salon of Weslaco, TX",hair salon,Weslaco,4.6,326,False,none,,,(956) 314-8406,1,hair salon in Weslaco tx
HOT,150,City Cafe & Catering,catering,McAllen,4.7,277,False,none,,2901 N 10th St Suite H,,1,catering in McAllen tx
HOT,150,Todo Natural Restaurant & Catering,catering,Brownsville,4.8,243,False,none,,1100 North Expy,,1,catering in Brownsville tx
HOT,150,Agua Dental - Edinburg,dentist,Edinburg,4.9,1300,False,none,,307 E University Dr,,1,dentist in Edinburg tx
HOT,150,Smith Dental,dentist,Mission,4.9,534,False,none,,308 S Bryan Rd,,1,best dentist in Mission texas
HOT,150,Texas Dermatology - Alamo Heights,dermatologist,Alamo,4.8,1600,False,none,,Closes soon,,1,dermatologist in Alamo tx
HOT,145,Eagle Insurance,insurance agent,Mission,5.0,707,False,none,,7+ years in business,(956) 620-2028,2,best insurance agent in Mission texas
HOT,145,Red Square Dental & Orthodontics,orthodontist,Edinburg,4.8,850,False,none,,2702 Cornerstone Blvd,,2,best orthodontist in Edinburg texas
HOT,145,Rodeo Dental & Orthodontics,orthodontist,Mission,4.9,1200,False,none,,2423 E Expressway 83 #300,,2,orthodontist in Mission tx
HOT,145,"Dr. Stephen P. Shepard, D.D.S., M.S.D",orthodontist,Harlingen,4.9,203,False,none,,2022 E Harrison Ave,,2,orthodontist in Harlingen tx
HOT,145,Rodeo Dental & Orthodontics,orthodontist,Brownsville,4.9,2600,False,none,,2155 Ruben M Torres Blvd Suite 4,,2,top rated orthodontist near Brownsville tx
HOT,145,Optical Illusion,optometrist,McAllen,4.8,446,False,none,,423 W Nolana Ave,(956) 631-3366,2,optometrist in McAllen tx
HOT,145,Eyemart Express,optometrist,McAllen,4.8,1300,False,none,,506 E Expressway 83,(956) 664-2223,2,top rated optometrist near McAllen tx
HOT,145,Edinburg Vision Center - Oftalmologia,optometrist,Edinburg,4.3,1300,False,none,,"2301 South, US-281",(956) 383-5581,1,optometrist in Edinburg tx
HOT,145,Eyemart Express,optometrist,Brownsville,4.9,795,False,none,,101 Morrison Rd Ste C,(956) 465-0083,2,best optometrist in Brownsville texas
HOT,145,Ambra,restaurant,McAllen,4.8,2200,False,none,,1200 Auburn Ave Suite 200,,2,restaurant in McAllen tx
HOT,145,The Patio on Guerra,restaurant,McAllen,4.6,909,False,none,,116 S 17th St,,2,best restaurant in McAllen texas
HOT,145,Barrel House Kitchen & Bar,restaurant,Edinburg,4.3,352,False,none,,1927 S Tourist Dr,,1,restaurant in Edinburg tx
HOT,145,Sidebar RGV,restaurant,Edinburg,4.7,447,False,none,,215 E University Dr,,2,restaurant in Edinburg tx
HOT,145,Ambra,restaurant,Edinburg,4.8,2200,False,none,,,,2,best restaurant in Edinburg texas
HOT,145,Buena Vida Mexican Cuisine,restaurant,Mission,4.9,476,False,none,,2308 E 1st St suite. 2,,2,restaurant in Mission tx
HOT,145,Papas & Papas,restaurant,Harlingen,4.8,339,False,none,,6704 W Expy 83,,2,best restaurant in Harlingen texas
HOT,145,Southern Roots Blooms Bubbly & Brunch,restaurant,Pharr,4.5,226,False,none,,404 I-2 Building A Ste. 21,,2,restaurant in Pharr tx
HOT,145,El Botanero by 100% AM,restaurant,Pharr,4.7,748,False,none,,,,2,top rated restaurant near Pharr tx
HOT,145,Uncle Chops Food Court,restaurant,Weslaco,4.8,437,False,none,,200 S Border Ave,,2,best restaurant in Weslaco texas
HOT,145,Uncle Chops Food Court,restaurant,Donna,4.8,437,False,none,,,,2,top rated restaurant near Donna tx
HOT,145,The Republic of the Rio Grande,restaurant,Rio Grande City,4.7,3700,False,none,,,,2,restaurant in Rio Grande City tx
HOT,145,Pirates Landing Restaurant,restaurant,Port Isabel,4.3,4800,False,none,,110 N Garcia St,,1,restaurant in Port Isabel tx
HOT,145,Dirty Al's at Pelican Station,restaurant,Port Isabel,4.5,2800,False,none,,201 S Garcia St,,2,restaurant in Port Isabel tx
HOT,145,Blackbeards',restaurant,South Padre Island,4.4,7800,False,none,,103 E Saturn Ln,,1,restaurant in South Padre Island tx
HOT,145,LongBoard Bar and Grill,restaurant,South Padre Island,4.5,4100,False,none,,205 W Palm St,,2,best restaurant in South Padre Island texas
HOT,145,Tijerina Family & Cosmetic Dentistry of McAllen,cosmetic dentist,McAllen,5.0,516,False,none,,4121 N 22nd St,,2,best cosmetic dentist in McAllen texas
HOT,145,A.C. Villarreal Family Dental,cosmetic dentist,Edinburg,4.8,638,False,none,,1123 S 10th Ave,,2,cosmetic dentist in Edinburg tx
HOT,145,Drake Family Dentistry,cosmetic dentist,Harlingen,4.9,807,False,none,,2319 E Tyler Ave,,2,top rated cosmetic dentist near Harlingen tx
HOT,145,"Cristina Sosa Anderson, D.D.S.",cosmetic dentist,Brownsville,4.9,458,False,none,,800 E Los Ebanos Blvd,,2,cosmetic dentist in Brownsville tx
HOT,145,David Pedley D.D.S. Family and Cosmetic Dentistry,cosmetic dentist,Brownsville,4.9,304,False,none,,127 E Price Rd,,2,top rated cosmetic dentist near Brownsville tx
HOT,145,Smile Magic of Weslaco,cosmetic dentist,Weslaco,4.9,1800,False,none,,802 N Texas Blvd,,2,top rated cosmetic dentist near Weslaco tx
HOT,145,Martinez Dental Group,cosmetic dentist,San Benito,4.7,249,False,none,,985 S Sam Houston Blvd #3064,,2,top rated cosmetic dentist near San Benito tx
HOT,145,Rodeo Dental & Orthodontics of Alamo,cosmetic dentist,Alamo,4.9,1400,False,none,,1449 W Duranta Ave suite a,,2,best cosmetic dentist in Alamo texas
HOT,145,Arcade Dental - Pharr,cosmetic dentist,Hidalgo,5.0,978,False,none,,,,2,best cosmetic dentist in Hidalgo texas
HOT,145,Rio Grande Family Dental,cosmetic dentist,Rio Grande City,4.8,320,False,none,,,,2,best cosmetic dentist in Rio Grande City texas
HOT,145,Smiles On The Bay,cosmetic dentist,South Padre Island,5.0,1200,False,none,,Closes soon,,2,top rated cosmetic dentist near South Padre Island tx
HOT,145,Escobar Auto Electric & Parts,electrician,Weslaco,4.5,355,False,none,,,(956) 968-9542,2,best electrician in Weslaco texas
HOT,145,City Cafe & Catering,catering,Mission,4.7,277,False,none,,,,2,catering in Mission tx
HOT,145,Ain’t She Grand BBQ Co.,catering,Donna,4.9,267,False,none,,,(956) 975-0778,2,best catering in Donna texas
HOT,145,Westlake Family Dentistry,dentist,Brownsville,4.9,1000,False,none,,3020 W Alton Gloor Blvd Suite D,,2,top rated dentist near Brownsville tx
HOT,145,Southeast Texas Dermatology,dermatologist,Port Isabel,4.6,402,False,none,,Closes soon,(409) 729-2262,2,best dermatologist in Port Isabel texas
HOT,140,America's Best Contacts & Eyeglasses,optometrist,Mission,4.2,382,False,none,,2515 E Expressway 83 Suite 300,(956) 682-4058,2,optometrist in Mission tx
HOT,140,"Trevino,s auto repair body shop",auto body shop,Mercedes,,956,False,none,,213 S Ohio Ave,(956) 272-7527,1,auto body shop in Mercedes tx
HOT,140,Nana's Taqueria,restaurant,Weslaco,4.4,4700,False,none,,1806 S International Blvd,,2,restaurant in Weslaco tx
HOT,140,El Dorado Restaurant,restaurant,Alamo,4.3,1600,False,none,,755 Main St,,2,best restaurant in Alamo texas
HOT,140,Sea Ranch Restaurant,restaurant,South Padre Island,4.4,2900,False,none,,"1 Padre Blvd, 33330 State Park Rd HWY 100",,2,restaurant in South Padre Island tx
HOT,140,Head To Toes Rehab,physical therapist,Hidalgo,,956,False,none,,2251 N 10th St,(956) 843-2691,1,best physical therapist in Hidalgo texas
HOT,139,A Perfect Smile Orthodontics,orthodontist,Edinburg,4.9,2100,False,none,,,,3,best orthodontist in Edinburg texas
HOT,139,Rodeo Dental & Orthodontics,orthodontist,Brownsville,4.9,3900,False,none,,1634 Central Blvd,,3,top rated orthodontist near Brownsville tx
HOT,139,Idea Family Dentistry & Orthodontics,orthodontist,Pharr,5.0,577,False,none,,310 S Cage Blvd,(956) 223-4754,3,orthodontist in Pharr tx
HOT,139,Buena vista Optical & Eye Clinic,optometrist,McAllen,4.7,632,False,none,,521 S 10th St,(956) 468-4040,3,optometrist in McAllen tx
HOT,139,Walmart Vision & Glasses,optometrist,Edinburg,4.9,581,False,none,,1724 W University Dr,(956) 318-0995,3,best optometrist in Edinburg texas
HOT,139,LensCrafters,optometrist,Mission,4.9,798,False,none,,,(956) 682-4428,3,best optometrist in Mission texas
HOT,139,Visionworks Sunrise Mall,optometrist,Brownsville,4.9,477,False,none,,2370 Frontage Rd Space 1532,(956) 544-6405,3,best optometrist in Brownsville texas
HOT,139,Walmart Vision & Glasses,optometrist,San Benito,5.0,628,False,none,,1126 US-77,(956) 361-9047,3,best optometrist in San Benito texas
HOT,139,Oak Hill Eye Care,optometrist,Hidalgo,4.9,1600,False,none,,Closes soon,(512) 288-0444,3,top rated optometrist near Hidalgo tx
HOT,139,Moon Restaurant & Mixology,restaurant,Mission,4.7,441,False,none,,1603 E Griffin Pkwy suite A,,3,restaurant in Mission tx
HOT,139,"Walk-On's Sports Bistreaux - Harlingen, TX",restaurant,Harlingen,4.8,1200,False,none,,97 Bass Pro Drive,,3,restaurant in Harlingen tx
HOT,139,LA TORTERIA,restaurant,Pharr,4.9,461,False,none,,1401 S Jackson Rd #5,,3,restaurant in Pharr tx
HOT,139,Cortino's,restaurant,Weslaco,4.7,806,False,none,,3812 Business Hwy 83 E,,3,best restaurant in Weslaco texas
HOT,139,Cabo Bar and Grille,restaurant,San Benito,4.6,220,False,none,,2301 W US-77,,3,restaurant in San Benito tx
HOT,139,Dos Olivos Market Harlingen,restaurant,San Benito,4.7,466,False,none,,,,3,top rated restaurant near San Benito tx
HOT,139,Formacio Pizzeria,restaurant,Mercedes,4.7,1900,False,none,,342 W 3rd St,,3,restaurant in Mercedes tx
HOT,139,Café Nashta,restaurant,Mercedes,4.7,369,False,none,,7013 East Expressway 83 Suite A,,3,best restaurant in Mercedes texas
HOT,139,Joe's Oyster Bar,restaurant,Port Isabel,4.7,3700,False,none,,207 E Maxan St,,3,restaurant in Port Isabel tx
HOT,139,Hopper Haus Bar and Grill,restaurant,Port Isabel,4.7,587,False,none,,418 E Queen Isabella Blvd,,3,best restaurant in Port Isabel texas
HOT,139,Meza Family & Cosmetic Dentistry,cosmetic dentist,McAllen,4.9,352,False,none,,312 Pecan Blvd,,3,best cosmetic dentist in McAllen texas
HOT,139,Ethos Modern Dental - Edinburg & McAllen TX,cosmetic dentist,Edinburg,5.0,394,False,none,,1701 S McColl Rd Suite 9 & 10,,3,cosmetic dentist in Edinburg tx
HOT,139,Palm Valley Dental,cosmetic dentist,Edinburg,4.9,1300,False,none,,4649 S Jackson Rd,,3,best cosmetic dentist in Edinburg texas
HOT,139,Sabal Dental - Harlingen,cosmetic dentist,Harlingen,4.9,915,False,none,,321 S 13th St,,3,top rated cosmetic dentist near Harlingen tx
HOT,139,Southern Dental,cosmetic dentist,Weslaco,4.9,494,False,none,,1210 E 8th St Ste 2,,3,top rated cosmetic dentist near Weslaco tx
HOT,139,Smile Magic of San Juan,cosmetic dentist,San Benito,4.9,918,False,none,,,,3,top rated cosmetic dentist near San Benito tx
HOT,139,Alanis Dental Center,cosmetic dentist,Alamo,4.9,328,False,none,,109 S 6th St,(956) 787-3317,3,cosmetic dentist in Alamo tx
HOT,139,Alamo Ranch Dental,cosmetic dentist,Alamo,4.8,956,False,none,,Closes soon,,3,best cosmetic dentist in Alamo texas
HOT,139,Cosmetic Dentistry of San Antonio,cosmetic dentist,Alamo,5.0,978,False,none,,Closes soon,,3,top rated cosmetic dentist near Alamo tx
HOT,139,De La Garza Family Dental,cosmetic dentist,Mercedes,4.9,448,False,none,,Closes soon,,3,best cosmetic dentist in Mercedes texas
HOT,139,Smile Muse Spa,cosmetic dentist,Los Fresnos,4.9,291,False,none,,,,3,top rated cosmetic dentist near Los Fresnos tx
HOT,139,Schmidgall Dental Aesthetics,cosmetic dentist,Hidalgo,5.0,1000,False,none,,Closes soon,,3,top rated cosmetic dentist near Hidalgo tx
HOT,139,Valley Vet Services,veterinarian,Weslaco,4.5,483,False,none,,Closed,(956) 565-1027,3,veterinarian in Weslaco tx
HOT,139,Bertha's Beauty Salon,hair salon,Alamo,4.6,255,False,none,,Closed,(956) 702-1105,3,hair salon in Alamo tx
HOT,139,Ace's Income Tax,accountant,Brownsville,5.0,211,False,none,,5+ years in business,(956) 435-9561,3,best accountant in Brownsville texas
HOT,139,Uncle Chops Food Court,catering,Weslaco,4.8,437,False,none,,,(956) 252-9885,3,best catering in Weslaco texas
HOT,139,Los Tortugo's Seafood Market,catering,Port Isabel,4.6,1600,False,none,,318 E Queen Isabella Blvd,,3,catering in Port Isabel tx
HOT,139,Iman Dental Center,dentist,Mission,4.8,451,False,none,,801 N Conway Ave,,3,best dentist in Mission texas
HOT,139,Agua Dental,dentist,Brownsville,4.9,2400,False,none,,1873 Boca Chica Blvd,,3,top rated dentist near Brownsville tx
HOT,139,Jordan Dental,dentist,Weslaco,4.9,755,False,none,,415 S Airport Dr STE C,(956) 375-2248,3,top rated dentist near Weslaco tx
HOT,139,J&J AUTO SHOP,auto repair shop,Edinburg,4.8,382,False,none,,5+ years in business,(956) 348-5200,3,auto repair shop in Edinburg tx
HOT,135,Sabinos Auto Service,auto body shop,Mercedes,,956,False,none,,1020 N Baseline Rd,(956) 200-6270,2,auto body shop in Mercedes tx
HOT,135,Weslaco Animal Clinic,veterinarian,Weslaco,3.6,261,False,none,,Closed,(956) 968-2020,2,veterinarian in Weslaco tx
HOT,135,"Suzette Floyd, CPA",accountant,South Padre Island,,956,False,none,,10+ years in business,(956) 761-4380,2,accountant in South Padre Island tx
HOT,135,South Padre Island Roofing,roofing contractor,South Padre Island,,956,False,none,,,(956) 274-0873,2,best roofing contractor in South Padre Island texas
HOT,134,Brident Dental & Orthodontics,orthodontist,Harlingen,4.3,421,False,none,,1208 S Expressway 83,,3,orthodontist in Harlingen tx
HOT,134,RU RESTAURANT,restaurant,McAllen,4.3,496,False,none,,5800 N 10th St SUITE 340,,3,restaurant in McAllen tx
HOT,134,Cafe On The Beach,restaurant,South Padre Island,4.4,2600,False,none,,3616 Gulf Blvd,,3,restaurant in South Padre Island tx
HOT,134,Velma's Hair Of Illusions,hair salon,San Benito,4.3,395,False,none,,,(956) 399-0695,3,hair salon in San Benito tx
HOT,134,Lola's Bistro,catering,Brownsville,4.4,648,False,none,,1335 Palm Blvd,,3,catering in Brownsville tx
HOT,129,Southern Style Motor Company,auto body shop,Mercedes,,956,False,none,,825 W 2nd St,(956) 294-1002,3,auto body shop in Mercedes tx
HOT,129,Alanis Marko E DDS,dentist,Alamo,,956,False,none,,109 S 6th St,(956) 787-3317,3,best dentist in Alamo texas
HOT,125,Nail Spa Alamo TX,nail salon,Alamo,4.5,539,True,social,https://nailspaalamotx.com/,,(956) 783-1669,1,nail salon in Alamo tx
HOT,125,Shoreline Barbell Club,gym,Port Isabel,5.0,126,False,none,,5+ years in business,(956) 778-0360,1,gym in Port Isabel tx
HOT,125,Life Smiles - Dr.A,orthodontist,Brownsville,5.0,164,False,none,,4237 Frontage Rd 77 #1,,1,top rated orthodontist near Brownsville tx
HOT,125,Bella Vista Eye Care,optometrist,Pharr,4.7,173,False,none,,1001 E Ferguson Ave,(956) 782-9444,1,optometrist in Pharr tx
HOT,125,Beautiful Smiles,cosmetic dentist,Mission,4.9,175,False,none,,900 Plaza Dr STE 3,,1,cosmetic dentist in Mission tx
HOT,125,Arcade Dental - Pharr,cosmetic dentist,Pharr,5.0,978,True,social,https://www.arcadedentaltx.com/,8001 S Jackson Rd #4,(956) 300-4111,1,cosmetic dentist in Pharr tx
HOT,125,Cosmetic Dental Associates - Alamo Ranch,cosmetic dentist,Alamo,5.0,169,False,none,,Closes soon,,1,best cosmetic dentist in Alamo texas
HOT,125,Mercedes Family Dentistry,cosmetic dentist,Mercedes,5.0,120,False,none,,300 N Ohio Ave,,1,best cosmetic dentist in Mercedes texas
HOT,125,Los Fresnos Dental Center,cosmetic dentist,Los Fresnos,4.9,138,False,none,,810 W Ocean Blvd,,1,top rated cosmetic dentist near Los Fresnos tx
HOT,125,Eon Electric LLC.,electrician,McAllen,4.9,152,False,none,,,(956) 279-3603,1,electrician in McAllen tx
HOT,125,New Image Spa Beauty Salon,hair salon,Brownsville,4.8,166,False,none,,Closes soon,(956) 982-4455,1,hair salon in Brownsville tx
HOT,125,Legacy Dental,dentist,Brownsville,4.9,2600,True,social,https://www.legacydentaltx.com/?utm_source=google&amp;utm_medium=google_business_profile&amp;utm_campaign=website_click,2200 Boca Chica Blvd #138,(956) 986-2222,1,dentist in Brownsville tx
HOT,125,R&R auto repair,auto repair shop,Harlingen,4.7,130,False,none,,7+ years in business,(956) 734-5007,1,auto repair shop in Harlingen tx
HOT,125,Rick's Auto Service,auto repair shop,Brownsville,4.7,171,False,none,,10+ years in business,(956) 831-6655,1,auto repair shop in Brownsville tx
HOT,120,Infinity AC Service LLC.,hvac contractor,Pharr,5.0,250,True,social,https://infinityactx.com/,,(956) 306-1322,2,hvac contractor in Pharr tx
HOT,120,Zuluxury Spa,nail salon,Mission,4.9,123,False,none,,,(956) 905-7772,2,best nail salon in Mission texas
HOT,120,Nail Goddesses,nail salon,Weslaco,4.8,298,True,social,http://facebook.com/NailGoddessesllc/,,(956) 593-7794,2,nail salon in Weslaco tx
HOT,120,Velvet Nail Bar,nail salon,Alamo,4.9,391,True,social,https://velvetnailbartx.com/,,(210) 444-9020,2,best nail salon in Alamo texas
HOT,120,Yadi's Nails,nail salon,Los Fresnos,4.5,101,False,none,,,(956) 254-2070,2,nail salon in Los Fresnos tx
HOT,120,P I Nails,nail salon,Port Isabel,4.3,113,False,none,,Closed,(956) 943-4722,1,nail salon in Port Isabel tx
HOT,120,TND Nail Salon,nail salon,South Padre Island,4.3,154,False,none,,Closed,(956) 761-1429,1,nail salon in South Padre Island tx
HOT,120,FAITH Moving Service,moving company,Edinburg,4.6,104,False,none,,,(956) 600-2364,2,moving company in Edinburg tx
HOT,120,Gator Plumbing,plumber,Los Fresnos,4.8,154,False,none,,Closed,(956) 761-2620,2,plumber in Los Fresnos tx
HOT,120,The Grove FarmHouse,restaurant,Weslaco,4.4,130,False,none,,1322 S International Blvd,,1,restaurant in Weslaco tx
HOT,120,The Grove FarmHouse,restaurant,Mercedes,4.4,130,False,none,,,,1,restaurant in Mercedes tx
HOT,120,O’s Burgers & More,restaurant,Mercedes,4.6,162,False,none,,7013 W Expy 83 Suite I,,2,restaurant in Mercedes tx
HOT,120,Legacy Smiles,cosmetic dentist,San Benito,5.0,452,True,social,http://www.legacysmilestx.com/,Closes soon,(956) 622-3052,2,best cosmetic dentist in San Benito texas
HOT,120,Toothday Family Dentistry,cosmetic dentist,Donna,4.9,175,False,none,,309 N D Salinas Blvd,,2,cosmetic dentist in Donna tx
HOT,120,Yesenia Resendez Salon & Spa,hair salon,Edinburg,4.9,237,True,social,http://www.facebook.com/yeseniaresendezsalonandspa,,(956) 383-4331,2,hair salon in Edinburg tx
HOT,120,"Roxi's Hair, Makeup, Plus More (Unisex Salon)",hair salon,Los Fresnos,4.8,138,False,none,,Closes soon,(956) 589-1025,2,hair salon in Los Fresnos tx
HOT,120,Two Straws Co.,catering,Brownsville,5.0,106,False,none,,1044 E Taylor St,,2,best catering in Brownsville texas
HOT,120,Rancho La Pergola,catering,San Benito,4.6,135,False,none,,26867 N Sam Houston Blvd,,2,best catering in San Benito texas
HOT,120,Westlake Family Dentistry,dentist,Brownsville,4.9,1000,True,social,http://westlakefamilydentistrytx.com/,3020 W Alton Gloor Blvd Suite D,(956) 420-8689,2,best dentist in Brownsville texas
HOT,120,Golden State Dermatology,dermatologist,Alamo,4.9,184,False,none,,,,2,dermatologist in Alamo tx
HOT,120,Economy Auto Repair,auto repair shop,McAllen,4.9,162,False,none,,1721 W State Hwy 107,(956) 400-0911,2,best auto repair shop in McAllen texas
HOT,120,Dominguez Automobile Services,auto repair shop,Harlingen,4.5,141,False,none,,10+ years in business,(956) 428-4005,2,auto repair shop in Harlingen tx
HOT,115,Perez Remodeling,home remodeler,Mercedes,,956,True,social,https://www.facebook.com/perezremodeling.net,841 Dawson Rd,(956) 463-0965,1,best home remodeler in Mercedes texas
HOT,115,Alamo Nails,nail salon,Alamo,4.4,329,True,social,https://www.facebook.com/Alamo-Nails-623832884434876/,,(956) 783-2737,2,nail salon in Alamo tx
HOT,115,Cheddar's Scratch Kitchen,restaurant,Donna,4.1,189,False,none,,1510 E Interstate Hwy 2,,2,restaurant in Donna tx
HOT,114,Pinnacle Health,chiropractor,Alamo,4.8,104,False,none,,427 E Duranta Ave # 104,(956) 702-4255,3,best chiropractor in Alamo texas
HOT,114,Diva Nails,nail salon,Brownsville,4.7,443,True,social,https://www.facebook.com/share/1GZk1us7BN/?mibextid=wwXIfr,,(956) 544-0778,3,best nail salon in Brownsville texas
HOT,114,J&V Luxury Nails,nail salon,Weslaco,4.5,158,False,none,,,(956) 405-3064,3,top rated nail salon near Weslaco tx
HOT,114,Chillax Nail Lounge,nail salon,Mercedes,4.9,4400,True,social,https://www.facebook.com/share/1AT1bky8Mn/?mibextid=wwXIfr,,(832) 889-5280,3,best nail salon in Mercedes texas
HOT,114,A2 nails & spa,nail salon,Mercedes,4.9,158,False,none,,,(830) 375-8899,3,top rated nail salon near Mercedes tx
HOT,114,Cantu's Auto Repair & Wrecker,auto body shop,Port Isabel,4.5,133,False,none,,10+ years in business,(956) 943-1911,3,best auto body shop in Port Isabel texas
HOT,114,PROSPORTS MASSAGE CLINIC,massage therapist,Edinburg,4.9,276,True,social,https://www.facebook.com/prosportsmassagergv/,3009 Regency Dr,(956) 648-5791,3,massage therapist in Edinburg tx
HOT,114,Kitchen La Katrina,restaurant,Edinburg,4.9,106,False,none,,3201 S Alamo Rd,,3,restaurant in Edinburg tx
HOT,114,Southern Pour Sips & Bites,restaurant,Mission,4.9,143,False,none,,2600 E Griffin Pkwy Suite 2,,3,best restaurant in Mission texas
HOT,114,Mala Copa,restaurant,Brownsville,4.6,145,False,none,,3101 Pablo Kisel Blvd B1,,3,top rated restaurant near Brownsville tx
HOT,114,The Snapper Hole,restaurant,Pharr,4.8,117,False,none,,503 W Nolana Loop,,3,best restaurant in Pharr texas
HOT,114,Haley's,restaurant,Donna,4.5,196,False,none,,2507 E Business Hwy 83,,3,restaurant in Donna tx
HOT,114,Ground Savage Brazilian Jiu-Jitsu,martial arts,Brownsville,5.0,322,True,social,https://www.facebook.com/Groundsavagebjj?mibextid=LQQJ4d,5+ years in business,(956) 336-3116,3,martial arts in Brownsville tx
HOT,114,Emporio M Hairsalon,hair salon,McAllen,4.6,204,True,social,https://www.facebook.com/emporiomhairsalon?mibextid=ZbWKwL,,(956) 627-5976,3,best hair salon in McAllen texas
HOT,114,San Antonio Tax Services,accountant,Edinburg,4.9,144,False,none,,10+ years in business,(956) 316-2426,3,best accountant in Edinburg texas
HOT,114,F&J Tax Services,accountant,Alamo,5.0,126,False,none,,5+ years in business,(956) 414-5987,3,accountant in Alamo tx
HOT,114,Laurel Park Bistro,catering,Harlingen,4.7,119,False,none,,901 S 77 Sunshine Strip,,3,top rated catering near Harlingen tx
HOT,114,Texas Roofing and Construction,roofing contractor,South Padre Island,5.0,118,False,none,,Closed,(956) 299-3016,3,top rated roofing contractor near South Padre Island tx
HOT,114,Limas Auto Repair,auto repair shop,McAllen,4.9,107,False,none,,10+ years in business,(956) 687-1489,3,best auto repair shop in McAllen texas
HOT,110,Garcia Chiropractic,chiropractor,McAllen,5.0,383,True,real,http://www.garciachiropractic.com/,2921 N 23rd St,(956) 687-7878,1,best chiropractor in McAllen texas
HOT,110,Doctor Arevalo,chiropractor,Edinburg,4.9,241,True,real,https://drjosepharevalo.com/,3202 W Alberta Rd,(956) 335-2972,1,best chiropractor in Edinburg texas
HOT,110,Khit Chiropractic & Wellness Center,chiropractor,Mission,5.0,1100,True,real,https://www.khitchiropractic.com/,401 Bryan Rd,(956) 583-4300,1,chiropractor in Mission tx
HOT,110,Chiropractic Approach,chiropractor,Harlingen,4.9,522,True,real,https://chiroapproach.com/,,(718) 275-1313,1,chiropractor in Harlingen tx
HOT,110,Khit Chiropractic & Wellness Center,chiropractor,Harlingen,4.9,832,True,real,https://www.khitchiropractic.com/,602 E Harrison Ave,(956) 428-3627,1,best chiropractor in Harlingen texas
HOT,110,Khit Chiropractic & Wellness Center,chiropractor,Brownsville,5.0,586,True,real,https://www.khitchiropractic.com/,62 E Price Rd,(956) 621-1154,1,chiropractor in Brownsville tx
HOT,110,Khit Chiropractic & Wellness Center,chiropractor,Weslaco,5.0,858,True,real,https://www.khitchiropractic.com/,3202 W Expy 83,(956) 968-2787,1,best chiropractor in Weslaco texas
HOT,110,Texas Injury Chiropractic,chiropractor,San Benito,5.0,468,True,real,http://www.texasinjurychiro.com/,,(956) 399-7200,1,chiropractor in San Benito tx
HOT,110,The Joint Chiropractic,chiropractor,Alamo,4.8,917,True,real,https://www.thejoint.com/texas/san-antonio/alamo-ranch-28077,,(210) 741-8791,1,best chiropractor in Alamo texas
HOT,110,The Joint Chiropractic,chiropractor,South Padre Island,4.9,1100,True,real,https://www.thejoint.com/texas/corpus-christi/corpus-christi-28055,,(361) 256-5987,1,top rated chiropractor near South Padre Island tx
HOT,110,CareNow Urgent Care - Edinburg-McAllen,urgent care,Edinburg,4.6,1200,True,real,https://www.carenow.com/locations/rio-grande-valley/edinburg-mcallen?utm_campaign=corp_listings_mgmt&amp;utm_source=google&amp;utm_medium=business_listing,293 E Trenton Rd Suite 20,(956) 348-0140,1,urgent care in Edinburg tx
HOT,110,Valley Day & Night Clinic-Mission,urgent care,Mission,4.6,618,True,real,https://vdnclinic.com/,305 E Expressway 83,(956) 585-7401,1,urgent care in Mission tx
HOT,110,Alamo City Urgent Care | Brook Hollow,urgent care,Alamo,4.9,447,True,real,https://alamocityuc.com/locations/brook-hollow/,,(210) 941-2282,1,top rated urgent care near Alamo tx
HOT,110,Alex Martinez - El Gallo De La Ley,immigration lawyer,McAllen,4.8,595,True,real,https://elgallodelaley.com/,7+ years in business,(956) 540-2255,1,best immigration lawyer in McAllen texas
HOT,110,Gerardo Menchaca Immigration Lawyers,immigration lawyer,Donna,5.0,775,True,real,https://www.immigrationattorney.us.com/,,(210) 816-6666,1,best immigration lawyer in Donna texas
HOT,110,"Alonso & Alonso Attorneys at Law, PLLC",immigration lawyer,Alamo,4.9,8700,True,real,https://alonsoandalonsolaw.com/ubicacione/abogados-de-inmigracion-en-san-antonio-texas/?utm_source=google&amp;utm_medium=organic&amp;utm_campaign=sa_office&amp;utm_content=website_click,,(888) 390-6357,1,top rated immigration lawyer near Alamo tx
HOT,110,My Prime Air HVAC & $195 Duct Cleaning,hvac contractor,McAllen,5.0,1300,True,real,https://myprimeairhvac.com/,My Prime Air HVAC & $195 Duct Cleaning,(956) 305-5170,1,hvac contractor in McAllen tx
HOT,110,Cytech Heating & Cooling,hvac contractor,Edinburg,4.9,677,True,real,https://www.cytechheatingandcooling.com/,,(956) 553-3265,1,hvac contractor in Edinburg tx
HOT,110,Polar Air | Air Conditioning & Heating,hvac contractor,Pharr,4.9,855,True,real,https://polarair.net/?utm_source=gmb&amp;utm_medium=organic&amp;utm_campaign=gmb,,(956) 420-7486,1,hvac contractor in Pharr tx
HOT,110,"Joe's Comfort Air, LLC",hvac contractor,Weslaco,4.8,269,True,real,https://www.joescomfortair.com/,Closed,(956) 969-0202,1,hvac contractor in Weslaco tx
HOT,110,Hess Air - A/C Service & Repair,hvac contractor,Alamo,4.7,216,True,real,http://www.hessair.com/?utm_source=google&amp;utm_medium=local&amp;utm_campaign=1&amp;utm_content=primary,,(956) 702-4377,1,hvac contractor in Alamo tx
HOT,110,King Nails Spa,nail salon,McAllen,4.9,1200,True,real,https://kingnailsmcallen.com/,,(956) 731-4398,1,nail salon in McAllen tx
HOT,110,Pro Nails,nail salon,Edinburg,4.8,854,True,real,https://pronailsspaedinburg.com/,,(956) 380-6888,1,best nail salon in Edinburg texas
HOT,110,Coco Nails Bar ( WALK-IN AND BOOKING ),nail salon,Brownsville,4.9,535,True,real,https://coconailsbarbrownsville.com/,,(956) 280-5624,1,nail salon in Brownsville tx
HOT,110,9194 Luxury Nail Lounge San Antonio,nail salon,Alamo,4.9,1200,True,real,https://9194nails.hayven.ai/,9194 Luxury Nail Lounge San Antonio,(210) 255-8343,1,best nail salon in Alamo texas
HOT,110,LAVIE NAILS & SPA,nail salon,South Padre Island,4.9,421,True,real,https://booking.galaxyaccess.us/lavienailsandspa,,(361) 867-8008,1,best nail salon in South Padre Island texas
HOT,110,Texaswide Insurance Services,insurance agent,Edinburg,5.0,566,True,real,http://txwideinsurance.com/,20+ years in business,(956) 381-0055,1,insurance agent in Edinburg tx
HOT,110,Insurance Advisors Agency (IAA),insurance agent,Harlingen,4.9,416,True,real,http://ilovemyhealthplan.com/,20+ years in business,(956) 425-3535,1,insurance agent in Harlingen tx
HOT,110,Fiesta Auto Insurance & Tax Service,insurance agent,Brownsville,4.9,795,True,real,https://fiestainsurance.com/stores/fiesta-insurance-and-tax-brownsville-texas-tx019/,3+ years in business,(956) 544-5000,1,insurance agent in Brownsville tx
HOT,110,Michael De Los Santos - State Farm Insurance Agent,insurance agent,San Benito,5.0,550,True,real,https://www.theinsurancesaint.com/?cmpid=VABJLL_blm_0001,5+ years in business,(956) 399-5001,1,best insurance agent in San Benito texas
HOT,110,Abelardo Meda: Allstate Insurance,insurance agent,Rio Grande City,5.0,491,True,real,https://agents.allstate.com/abelardo-meda-rio-grande-city-tx.html?utm_source=GMB&amp;utm_medium=Website,10+ years in business,(956) 488-0160,1,best insurance agent in Rio Grande City texas
HOT,110,TruFit Athletic Clubs - 23rd St.,gym,McAllen,4.7,3300,True,real,https://trufitathleticclubs.com/locations/tx/mcallen-23rd-st/?utm_source=google&amp;utm_medium=organic&amp;utm_campaign=gmp,10+ years in business,(956) 668-7325,1,best gym in McAllen texas
HOT,110,TruFit Athletic Clubs - E. Exp 83,gym,Mission,4.8,2000,True,real,https://trufitathleticclubs.com/gym-near-me/tru-fit-texas/mission/e-expy-83/&amp;utm_source=google&amp;utm_medium=organic&amp;utm_campaign=gmb,3+ years in business,(956) 997-5111,1,gym in Mission tx
HOT,110,GENTRY GYM,gym,Harlingen,4.9,424,True,real,http://www.gentrygym.com/,7+ years in business,(956) 291-7068,1,gym in Harlingen tx
HOT,110,Top Gym,gym,Weslaco,4.9,504,True,real,https://topgymstore.com/,,(956) 903-4255,1,best gym in Weslaco texas
HOT,110,FlexGym,gym,Rio Grande City,4.8,233,True,real,https://sites.google.com/view/flexgymrgc/home,2546 Central Palm Drive #78582,(956) 422-0942,1,gym in Rio Grande City tx
HOT,110,Chapa's Moving Service,moving company,McAllen,4.7,791,True,real,https://chapasmoving.com/rio-grande-valley/mcallen-movers/?utm_source=gmb&amp;utm_medium=organic&amp;utm_campaign=listing&amp;utm_content=mcallen,,(956) 446-0010,1,moving company in McAllen tx
HOT,110,West Texas Master Movers LLC,moving company,Mission,5.0,981,True,real,https://www.westtexasmastermovers.com/,,(830) 243-5435,1,best moving company in Mission texas
HOT,110,A Perfect Smile Orthodontics,orthodontist,McAllen,4.9,2100,True,real,http://www.aperfectsmileorthodontics.com/,1400 E Expressway 83 #155,(956) 630-6166,1,orthodontist in McAllen tx
HOT,110,Rodeo Dental & Orthodontics of Harlingen,orthodontist,Harlingen,4.9,2200,True,real,https://www.rodeodental.com/locations/harlingen-tx/?utm_source=extnet&amp;utm_medium=organic&amp;utm_campaign=harlingen-tx-extnet,601 N 77 Sunshine Strip #4,(956) 370-3700,1,best orthodontist in Harlingen texas
HOT,110,Rodeo Dental & Orthodontics of San Benito,orthodontist,San Benito,4.9,3300,True,real,https://www.rodeodental.com/locations/san-benito-tx/?utm_source=extnet&amp;utm_medium=organic&amp;utm_campaign=san-benito-tx-extnet,1141 US-77 BUS #G,(956) 413-7539,1,orthodontist in San Benito tx
HOT,110,Rodeo Dental & Orthodontics of Donna,orthodontist,Donna,5.0,1900,True,real,https://www.rodeodental.com/locations/donna-tx/?utm_source=extnet&amp;utm_medium=organic&amp;utm_campaign=donna-tx-extnet,1814 East Highway 2 Ste. D,(956) 281-0770,1,orthodontist in Donna tx
HOT,110,Unique Orthodontics,orthodontist,Los Fresnos,4.9,2100,True,real,https://uniqueortho.com/,,(559) 222-2522,1,top rated orthodontist near Los Fresnos tx
HOT,110,Rodeo Dental & Orthodontics of Rio Grande City,orthodontist,Rio Grande City,5.0,3100,True,real,https://www.rodeodental.com/locations/rio-grande-city-tx/?utm_source=extnet&amp;utm_medium=organic&amp;utm_campaign=rio-grande-tx-extnet,4024 US-83 #100,(956) 413-7542,1,best orthodontist in Rio Grande City texas
HOT,110,SmileLife Orthodontics,orthodontist,South Padre Island,4.9,1400,True,real,https://smilelifebraces.com/locations/corpus-christi/,Closes soon,(361) 853-1900,1,best orthodontist in South Padre Island texas
HOT,110,Friendly Eyes Optometry,optometrist,Harlingen,4.9,239,True,real,https://local.lenscrafters.com/eyedoctors/tx/harlingen/914-dixieland-rd.html?cid=yext_odLCOD0863-110000775&amp;y_source=1_MjM2Mzg0OTMtNzE1LWxvY2F0aW9uLndlYnNpdGU%3D,914 Dixieland Rd Suite 200,(956) 428-9669,1,optometrist in Harlingen tx
HOT,110,Weslaco Vision Source,optometrist,Weslaco,4.8,365,True,real,http://weslacovisionsource.com/,415 S Airport Dr STE H,(956) 447-2020,1,optometrist in Weslaco tx
HOT,110,"John K. Nguyen, OD",optometrist,Alamo,4.9,886,True,real,https://doctors.visionworks.com/ll/US/TX/San-Antonio/5619-Loop-1604-N,,(210) 647-0728,1,top rated optometrist near Alamo tx
HOT,110,Dr. Ronald N. Smith & Dr. J. Mark Hooton: OD,optometrist,Mercedes,5.0,746,True,real,http://www.eyesoftyler.com/,Closes soon,(903) 597-9020,1,top rated optometrist near Mercedes tx
HOT,110,Fig Garden Optometry,optometrist,Los Fresnos,4.9,452,True,real,https://figgardenoptometry.com/?utm_source=gbp&amp;utm_medium=organic,,(559) 229-7202,1,best optometrist in Los Fresnos texas
HOT,110,"Drs. McIntyre, Garza, Avila and Jurica, Optometrists",optometrist,South Padre Island,4.7,874,True,real,http://www.cccontacts.com/,,(361) 994-0310,1,top rated optometrist near South Padre Island tx
HOT,110,Tijerina Legal Group P.C.,personal injury lawyer,McAllen,4.9,1600,True,real,https://www.tlegalgroup.com/,15+ years in business,(956) 777-7777,1,best personal injury lawyer in McAllen texas
HOT,110,"Law Office of Raul A. Guajardo, P.L.L.C.",personal injury lawyer,Edinburg,5.0,491,True,real,https://rguajardofirm.com/edinburg/,20+ years in business,(956) 276-8819,1,best personal injury lawyer in Edinburg texas
HOT,110,"The Law Office of Robert Davis Jr., P.L.L.C.",personal injury lawyer,Harlingen,4.9,245,True,real,http://www.harlingenattorney.com/,10+ years in business,(956) 291-7870,1,personal injury lawyer in Harlingen tx
HOT,110,Javier Villarreal Injury Law Firm,personal injury lawyer,Brownsville,4.9,1800,True,real,https://jvlawfirm.net/?utm_source=GBP&amp;utm_medium=GBP&amp;utm_campaign=GBP_Brownsville&amp;utm_id=GBP_Brownsville,20+ years in business,(956) 303-6482,1,personal injury lawyer in Brownsville tx
HOT,110,Hinojosa Law,personal injury lawyer,Weslaco,5.0,287,True,real,http://hinojosalaw.com/,15+ years in business,(956) 269-9550,1,personal injury lawyer in Weslaco tx
HOT,110,Carabin & Shaw,personal injury lawyer,Alamo,4.9,1200,True,real,https://www.carabinshaw.com/,,(210) 222-2288,1,top rated personal injury lawyer near Alamo tx
HOT,110,Moseley Collins Law,personal injury lawyer,Los Fresnos,5.0,549,True,real,https://www.moseleycollins.com/personal-injury-lawyer-in-fresno-ca.html,,(559) 777-5993,1,personal injury lawyer in Los Fresnos tx
HOT,110,All Valley Plumbing & A/C,plumber,McAllen,4.7,464,True,real,http://www.allvalleyplumbing.com/?utm_source=google&amp;utm_medium=organic&amp;utm_campaign=gbp_listing&amp;utm_content=website_button,,(956) 686-6656,1,plumber in McAllen tx
HOT,110,"Trevino Plumbing, Electrical & HVAC",plumber,Mission,4.9,1300,True,real,https://trevinorepairs.com/,,(956) 625-9034,1,best plumber in Mission texas
HOT,110,Roto-Rooter Plumbing & Drain - Lower RGV,plumber,Harlingen,4.8,778,True,real,https://www.rotorooter.com/harlingentx/,,(956) 224-9780,1,plumber in Harlingen tx
HOT,110,Rod's Plumbing Service,plumber,Los Fresnos,5.0,219,True,real,http://www.rodsplumbingservice.com/,,(559) 388-2600,1,plumber in Los Fresnos tx
HOT,110,"Paints, Dents & More (PDM Collision Repair Center)",auto body shop,McAllen,4.6,846,True,real,http://pdmcollision.com/,Closes soon,(956) 787-3368,1,top rated auto body shop near McAllen tx
HOT,110,HCD Auto Body,auto body shop,Harlingen,4.9,233,True,real,http://www.hcdautobody.com/,10+ years in business,(956) 275-3761,1,auto body shop in Harlingen tx
HOT,110,The Collision Stop,auto body shop,Harlingen,4.9,222,True,real,http://www.collisionstop.com/,7+ years in business,956-231-1010,1,top rated auto body shop near Harlingen tx
HOT,110,R & R Collision Center,auto body shop,Rio Grande City,4.8,471,True,real,http://rrcollisioncenter.com/,25+ years in business,(956) 488-1034,1,auto body shop in Rio Grande City tx
HOT,110,Sundara Spa,massage therapist,McAllen,4.8,282,True,real,https://sundaraspatexas.com/,203 N 15th St,(956) 627-5317,1,best massage therapist in McAllen texas
HOT,110,Desiree's Spa & Massage,massage therapist,Harlingen,5.0,1300,True,real,http://www.desireesspa.com/,15+ years in business,(956) 425-3303,1,massage therapist in Harlingen tx
HOT,110,Spavia Alamo Ranch,massage therapist,Alamo,4.8,519,True,real,https://sanantoniotx.spaviadayspa.com/,,(210) 338-3000,1,best massage therapist in Alamo texas
HOT,110,Revive Massage by Michael Tran,massage therapist,Hidalgo,5.0,391,True,real,https://revivemassagetyler.com/,,(903) 279-6382,1,best massage therapist in Hidalgo texas
HOT,110,Drake Family Dentistry,cosmetic dentist,Harlingen,4.9,807,True,real,https://www.drakefamilydentistry.com/,2319 E Tyler Ave,(956) 428-3300,1,cosmetic dentist in Harlingen tx
HOT,110,Daydream Family Dentistry - Airway Dentistry,cosmetic dentist,Weslaco,5.0,501,True,real,http://www.daydreamfamilydentistry.com/,519 S Missouri Ave,(956) 968-6561,1,cosmetic dentist in Weslaco tx
HOT,110,Martinez Dental Group,cosmetic dentist,San Benito,4.7,249,True,real,http://www.mtzdentalgroup.com/,985 S Sam Houston Blvd #3064,(956) 399-4312,1,cosmetic dentist in San Benito tx
HOT,110,North 10th Street Animal Hospital,veterinarian,McAllen,4.8,1400,True,real,https://www.north10thstreetanimalhospital.com/?utm_source=gmb&amp;utm_medium=organic&amp;y_source=1_MTE2Njg2MTMtNzE1LWxvY2F0aW9uLndlYnNpdGU%3D,10+ years in business,(956) 686-5871,1,veterinarian in McAllen tx
HOT,110,Boca Chica Animal Hospital,veterinarian,Brownsville,4.5,932,True,real,https://www.bocachicaanimalhospital.com/,10+ years in business,(956) 541-5249,1,veterinarian in Brownsville tx
HOT,110,Rio Grande Veterinary Clinic,veterinarian,Rio Grande City,4.9,296,True,real,http://www.riograndevet.com/,,(956) 508-8900,1,best veterinarian in Rio Grande City texas
HOT,110,Port Isabel Animal Clinic,veterinarian,Port Isabel,4.8,446,True,real,http://www.portisabelanimalclinic.com/,10+ years in business,(956) 943-6022,1,best veterinarian in Port Isabel texas
HOT,110,"The Barrera Law Firm, PC",divorce attorney,Harlingen,4.7,231,True,real,https://barrera-lawfirm.com/,15+ years in business,(956) 428-2822,1,divorce attorney in Harlingen tx
HOT,110,"Reynaldo Garza III, Attorney at Law",divorce attorney,Brownsville,4.9,253,True,real,https://www.rggarzalaw.com/,25+ years in business,(956) 300-2260,1,divorce attorney in Brownsville tx
HOT,110,"The Law Office of Arturo Martinez, PC",divorce attorney,Pharr,4.9,287,True,real,https://www.amtzlaw.com/,10+ years in business,(956) 781-6203,1,divorce attorney in Pharr tx
HOT,110,Top Notch Electrician,electrician,Mercedes,4.9,331,True,real,https://topnotchelectrician.com/,,(972) 379-8646,1,best electrician in Mercedes texas
HOT,110,Great Brother Electrical Solutions LLC,electrician,Los Fresnos,5.0,265,True,real,http://greatbrotherelectrical.com/,,(214) 881-2623,1,top rated electrician near Los Fresnos tx
HOT,110,CJE Construction LLC,general contractor,Edinburg,4.6,255,True,real,http://www.cjeconstruction.com/,Closed,(956) 207-0987,1,general contractor in Edinburg tx
HOT,110,Beauty Con Amor,hair salon,McAllen,4.8,493,True,real,http://beautyconamor.com/,Closed,(956) 928-9808,1,hair salon in McAllen tx
HOT,110,The Lokal Salon,hair salon,Edinburg,4.8,275,True,real,https://thelokalsalon.com/,Closed,(956) 270-5697,1,hair salon in Edinburg tx
HOT,110,Hair By Molly,hair salon,Mission,4.9,229,True,real,https://hairbymollyg.com/,Closes soon,(956) 887-2297,1,hair salon in Mission tx
HOT,110,Supercuts,hair salon,Harlingen,4.8,425,True,real,https://www.supercuts.com/locations/nearme/haircut/tx/harlingen/509-s-expressway-83-ste-e2/81532,,(956) 230-4248,1,best hair salon in Harlingen texas
HOT,110,Bixa Hair Studio,hair salon,Alamo,4.9,635,True,real,http://www.bixahairstudio.com/,,(210) 995-2447,1,top rated hair salon near Alamo tx
HOT,110,Dental Park,dentist,McAllen,5.0,1300,True,real,https://www.dentalparkmcallen.com/,930 E Expressway 83,(956) 540-7825,1,dentist in McAllen tx
HOT,110,Agua Dental - Edinburg,dentist,Edinburg,4.9,1300,True,real,https://www.aguadentaltexas.com/,307 E University Dr,(956) 380-2482,1,best dentist in Edinburg texas
HOT,110,Rodeo Dental & Orthodontics of Mission,dentist,Mission,4.9,3900,True,real,https://www.rodeodental.com/locations/mission-tx/?utm_source=extnet&amp;utm_medium=organic&amp;utm_campaign=mission-tx-extnet,117 E Griffin Pkwy,(956) 413-7541,1,dentist in Mission tx
HOT,110,Sabal Dental - Harlingen,dentist,Harlingen,4.9,915,True,real,https://www.sabaldental.com/,321 S 13th St,(956) 275-7596,1,dentist in Harlingen tx
HOT,110,Rodeo Dental & Orthodontics of Pharr,dentist,Pharr,4.9,4300,True,real,https://www.rodeodental.com/locations/pharr-tx/?utm_source=extnet&amp;utm_medium=organic&amp;utm_campaign=pharr-tx-extnet,1300 S Cage Blvd #K,(956) 413-7540,1,dentist in Pharr tx
HOT,110,Smile Magic of Weslaco,dentist,Weslaco,4.9,1800,True,real,https://mysmilemagic.com/locations/weslaco/,802 N Texas Blvd,(956) 242-4099,1,dentist in Weslaco tx
HOT,110,Rodeo Dental & Orthodontics of Alamo,dentist,Alamo,4.9,1400,True,real,https://www.rodeodental.com/locations/alamo-tx/?utm_source=extnet&amp;utm_medium=organic&amp;utm_campaign=alamo-extnet,1449 W Duranta Ave suite a,(956) 232-9939,1,dentist in Alamo tx
HOT,110,Pure Physical Therapy-McAllen-Texas,physical therapist,McAllen,4.9,457,True,real,https://pure-physicaltherapy.com/physical-therapy-clinic/mcallen-tx/,5413 N 23rd St,(956) 994-8880,1,best physical therapist in McAllen texas
HOT,110,Surge Mobile Physical Therapy,physical therapist,Port Isabel,5.0,234,True,real,https://surgemobilephysicaltherapy.com/port-isabel/,1765 TX-100,(956) 443-3844,1,physical therapist in Port Isabel tx
HOT,110,Dermatology Clinic of McAllen - Oasis Dermatology Group PLLC,dermatologist,McAllen,4.6,2000,True,real,https://oasisderm.com/dermatology_clinic_of_mcallen/,3100 Buddy Owens Blvd,(956) 971-0404,1,dermatologist in McAllen tx
HOT,110,Valley Dermatology Specialists,dermatologist,Edinburg,4.9,290,True,real,https://www.valleydermspecialists.com/,4937 S Jackson Rd,(956) 627-0232,1,dermatologist in Edinburg tx
HOT,110,Skin Perfections Med Spa,dermatologist,Brownsville,4.8,228,True,real,https://www.skinperfectionsrgv.com/,1201 E Alton Gloor Blvd,(956) 542-2325,1,top rated dermatologist near Brownsville tx
HOT,110,Dermatology Clinic of Weslaco - Oasis Dermatology Group PLLC,dermatologist,Weslaco,4.7,585,True,real,https://oasisderm.com/dermatology_clinic_of_weslaco/,217 S Oklahoma Ave # A,(956) 971-0404,1,best dermatologist in Weslaco texas
HOT,110,Sanova Dermatology | Bee Cave & Lakeway,dermatologist,San Benito,4.9,1500,True,real,https://www.sanovadermatology.com/locations/bee-cave/?utm_source=gmb&amp;utm_medium=organic&amp;utm_content=listing&amp;utm_campaign=sanovadermatology1,Closes soon,(512) 366-8568,1,top rated dermatologist near San Benito tx
HOT,110,Vista Dermatology,dermatologist,Los Fresnos,4.9,717,True,real,https://www.vistadermsa.com/,Closes soon,(210) 698-0500,1,dermatologist in Los Fresnos tx
HOT,110,Dermatology Clinic of Starr County - Oasis Dermatology Group PLLC,dermatologist,Rio Grande City,4.9,388,True,real,https://oasisderm.com/dermatology_clinic_of_starr_county/,410 W 2nd St,(956) 971-0404,1,best dermatologist in Rio Grande City texas
HOT,110,"Dermatology Specialists of Fort Worth, PLLC",dermatologist,Port Isabel,4.9,1100,True,real,http://www.fwdermatology.com/,Closed,(817) 989-1221,1,best dermatologist in Port Isabel texas
HOT,110,The Ricky Rod Law Group,criminal defense attorney,Edinburg,5.0,252,True,real,https://www.rickyrodlaw.com/,3+ years in business,(956) 294-0071,1,criminal defense attorney in Edinburg tx
HOT,110,The Law Office of Rene A. Flores PLLC,criminal defense attorney,Mission,4.9,291,True,real,https://www.reneaflores.com/?utm_source=GMB&amp;utm_medium=organic&amp;utm_campaign=mission,15+ years in business,(956) 316-1991,1,criminal defense attorney in Mission tx
HOT,110,Law Office of Mauricio Garcia,criminal defense attorney,Brownsville,4.9,223,True,real,https://www.garcialawpllc.com/,5+ years in business,(956) 548-4001,1,criminal defense attorney in Brownsville tx
HOT,110,"Ramos & Del Cueto, PLLC",criminal defense attorney,Alamo,5.0,546,True,real,https://www.ramosdelcueto.com/?npcmp=dir:local:5066836:78210,,(210) 761-6004,1,top rated criminal defense attorney near Alamo tx
HOT,110,McAllen Valley Roofing Co.,roofing contractor,McAllen,4.6,239,True,real,https://www.mcallenvalleyroofing.com/,,(956) 673-0780,1,roofing contractor in McAllen tx
HOT,110,Bison Roofing,roofing contractor,Mission,4.9,445,True,real,https://bisonroofing.net/rio-grande-valley-roofing/,,(956) 467-0084,1,top rated roofing contractor near Mission tx
HOT,110,CA Roofing,roofing contractor,Brownsville,5.0,245,True,real,http://www.caroofingsolutions.com/,,(956) 866-0271,1,best roofing contractor in Brownsville texas
HOT,110,Alpha Valley Roofing,roofing contractor,Weslaco,4.9,220,True,real,https://www.alphavalleyroofing.com/,,(956) 304-1403,1,roofing contractor in Weslaco tx
HOT,110,Legacy Roofing & General Contracting,roofing contractor,Mercedes,4.9,422,True,real,https://www.legacyroofinggc.com/,,(972) 362-6521,1,roofing contractor in Mercedes tx
HOT,110,Spa La Posada,day spa,McAllen,4.5,209,True,real,https://spalaposada.com/mcallen/,25+ years in business,(956) 687-7544,1,day spa in McAllen tx
HOT,110,Loma de Vida Spa & Wellness,day spa,Mission,4.5,494,True,real,https://www.hilton.com/en/hotels/satcnsa-signia-la-cantera-resort-and-spa/things-to-do/spa/?SEO_id=GMB-AMER--S-SATCNSA&amp;y_source=1_MjA0NDQ0MzkxNC03MTUtbG9jYXRpb24ud2Vic2l0ZQ%3D%3D,Closes soon,(210) 558-2252,1,best day spa in Mission texas
HOT,110,The One Med Spa,day spa,Hidalgo,4.9,2300,True,real,http://www.theonemedspa.com/,,(956) 627-3399,1,best day spa in Hidalgo texas
HOT,110,Virginia's Salon & Day Spa,day spa,Port Isabel,4.6,276,True,real,http://virginiassalonandspa.com/,Closed,(956) 943-5651,1,day spa in Port Isabel tx
HOT,110,The Ryan & Brian Real Estate Team,real estate agent,McAllen,5.0,702,True,real,https://www.ryanandbrian.com/,15+ years in business,(956) 998-4738,1,real estate agent in McAllen tx
HOT,110,The MBTeam - Top Realtor,real estate agent,Harlingen,4.9,272,True,real,http://www.monicabenavidesteam.com/,5+ years in business,(956) 357-4632,1,real estate agent in Harlingen tx
HOT,110,GRT Realty,real estate agent,Brownsville,4.9,219,True,real,https://grtrealty.net/,,(956) 254-0869,1,real estate agent in Brownsville tx
HOT,110,The Ryan & Brian Real Estate Team,real estate agent,Donna,5.0,702,True,real,https://www.ryanandbrian.com/,,956-998-4738,1,real estate agent in Donna tx
HOT,109,Alamo City Dermatology,dermatologist,Alamo,4.1,167,False,none,,Closed,,3,dermatologist in Alamo tx
HOT,109,JG Auto Services,auto repair shop,McAllen,4.4,124,False,none,,10+ years in business,(956) 928-1424,3,auto repair shop in McAllen tx
HOT,105,Dr. Pablo Tagle III Chiropractic Wellness Center,chiropractor,McAllen,4.7,235,True,real,http://www.drtaglechiro.com/,3130 N 23rd St,(956) 686-8060,2,chiropractor in McAllen tx
HOT,105,Khit Chiropractic & Wellness Center,chiropractor,McAllen,4.9,591,True,real,https://www.khitchiropractic.com/,708 W Nolana Ave,(956) 627-4750,2,best chiropractor in McAllen texas
HOT,105,Sharyland Chiropractic Center,chiropractor,Mission,4.9,269,True,real,https://www.sharylandchiropractic.com/,2422 E Griffin Pkwy,(956) 584-7388,2,chiropractor in Mission tx
HOT,105,AmeriWell Clinics,chiropractor,Harlingen,5.0,1600,True,real,https://ameriwellclinics.com/,,(301) 576-0500,2,chiropractor in Harlingen tx
HOT,105,The Joint Chiropractic,chiropractor,Harlingen,4.8,216,True,real,https://www.thejoint.com/texas/harlingen/harlingen-28133,2205 W Lincoln St,(956) 365-2014,2,best chiropractor in Harlingen texas
HOT,105,"Dora Cavazos, D.C. United Chiropractic & Rehabilitation",chiropractor,Donna,4.5,98,False,none,,1211 E Expressway 83 A,(956) 461-0777,1,chiropractor in Donna tx
HOT,105,"Dora Cavazos, D.C. United Chiropractic & Rehabilitation",chiropractor,Donna,4.5,98,False,none,,1211 E Expressway 83 A,956-461-0777,1,best chiropractor in Donna texas
HOT,105,Khit Chiropractic & Wellness Center,chiropractor,Donna,5.0,858,True,real,https://www.khitchiropractic.com/,,956-968-2787,2,best chiropractor in Donna texas
HOT,105,"DR JOEY LONGORIA, DC",chiropractor,Hidalgo,5.0,254,True,real,https://www.chiromcallen.com/,,(956) 687-7705,2,top rated chiropractor near Hidalgo tx
HOT,105,CareNow Urgent Care - McAllen,urgent care,McAllen,4.4,1200,True,real,https://www.carenow.com/locations/rio-grande-valley/mcallen?utm_campaign=corp_listings_mgmt&amp;utm_source=google&amp;utm_medium=business_listing,2901 W Nolana Ave,(956) 558-6090,1,urgent care in McAllen tx
HOT,105,South Texas Health System ER Mission,urgent care,Mission,4.7,2000,True,real,https://southtexashealthsystemermission.com/?utm_source=Google-Business-Yext&amp;utm_medium=organic,900 E Interstate Hwy 2,(956) 271-1200,2,urgent care in Mission tx
HOT,105,Advanced Urgent Care of Brownsville,urgent care,Brownsville,4.4,264,True,real,https://advancedurgentcarebville.com/,"1460 N. Expressway 77/83, 1460 North Expy A",(956) 405-3770,1,best urgent care in Brownsville texas
HOT,105,CareNow Urgent Care - Boca Chica,urgent care,Brownsville,4.7,496,True,real,https://www.carenow.com/locations/rio-grande-valley/boca-chica?utm_campaign=corp_listings_mgmt&amp;utm_source=google&amp;utm_medium=business_listing,2114 Boca Chica Blvd,(956) 866-8860,2,best urgent care in Brownsville texas
HOT,105,Concentra Urgent Care,urgent care,Pharr,4.4,1000,True,real,https://www.concentra.com/urgent-care-centers/texas/corpus-christi/mcallen-urgent-care/#nearbylocations_g=26.2010374881%7C-98.2049603167&amp;nearbylocations_o=DistanceMi%2CAscending&amp;nearbylocations_distancemi=20&amp;nearbylocations_DistanceMi=20,403 N Jackson Rd,(956) 429-3866,1,urgent care in Pharr tx
HOT,105,San Benito Medical Associates,urgent care,San Benito,4.7,1300,True,real,http://sanbenitomedical.com/,351 N Sam Houston Blvd,(956) 247-7000,2,best urgent care in San Benito texas
HOT,105,ER Valley Regional Medical Center,urgent care,Los Fresnos,4.5,635,True,real,https://valleyregionalmedicalcenter.com/locations/brownsville-er?utm_campaign=corp_listings_mgmt&amp;utm_source=google&amp;utm_medium=business_listing,,(956) 356-6000,2,urgent care in Los Fresnos tx
HOT,105,CareNow Urgent Care - San Juan,urgent care,Rio Grande City,4.7,567,True,real,https://www.carenow.com/locations/rio-grande-valley/san-juan?utm_campaign=corp_listings_mgmt&amp;utm_source=google&amp;utm_medium=business_listing,,(956) 904-4660,2,top rated urgent care near Rio Grande City tx
HOT,105,Texas Immigration Law Office PLLC,immigration lawyer,Weslaco,4.9,704,True,real,http://www.tximmigrantlaws.com/,,,2,best immigration lawyer in Weslaco texas
HOT,105,Frontier Cooling & Heating,hvac contractor,McAllen,4.9,2400,True,real,https://www.frontieraircon.com/?utm_source=google&amp;utm_medium=organic&amp;utm_campaign=mission_gbp,,(956) 476-2280,2,hvac contractor in McAllen tx
HOT,105,JC Air Conditioning & Heating,hvac contractor,Edinburg,4.8,211,True,real,https://www.jcair-rgv.com/,,(956) 358-6836,2,hvac contractor in Edinburg tx
HOT,105,"George Cunningham Co, Inc.",hvac contractor,Harlingen,4.8,783,True,real,http://www.cunninghamac.com/,70+ years in business,,2,top rated hvac contractor near Harlingen tx
HOT,105,1st Express Hvac specialist,hvac contractor,Brownsville,4.9,378,True,real,https://1stexpresshvac.com/,,(956) 295-4560,2,hvac contractor in Brownsville tx
HOT,105,TAS Air Conditioning and Heating,hvac contractor,Weslaco,4.7,416,True,real,https://tasairconditioning.com/,,(956) 314-9723,2,hvac contractor in Weslaco tx
HOT,105,Comfort Tech Service Now!,hvac contractor,Los Fresnos,4.9,1500,True,real,https://www.servicenowgroup.com/?utm_source=google&amp;utm_medium=organic&amp;utm_campaign=gbp,,(830) 774-6542,2,top rated hvac contractor near Los Fresnos tx
HOT,105,Logicool Air Solutions,hvac contractor,South Padre Island,4.9,1000,True,real,http://www.logicoolairsolutions.com/,,(361) 266-8292,2,best hvac contractor in South Padre Island texas
HOT,105,Alta RGV Construction LLC,home remodeler,Brownsville,5.0,211,True,real,https://altargvconstruction.com/,Closes soon,(956) 443-5704,2,best home remodeler in Brownsville texas
HOT,105,Allure Nails & Spa Mcallen,nail salon,McAllen,4.6,328,True,real,https://allurenailsspamcallen.com/,,(956) 800-4470,2,nail salon in McAllen tx
HOT,105,MODA NAILS & THREADING,nail salon,McAllen,5.0,520,True,real,https://www.vagaro.com/us04/modanailsandthreading,,(956) 627-3050,2,best nail salon in McAllen texas
HOT,105,Wildside Nails,nail salon,McAllen,4.9,738,True,real,http://wildsidenails.net/,,(956) 923-4555,2,top rated nail salon near McAllen tx
HOT,105,Brownsville Nails Spa - Walk in & booking,nail salon,Brownsville,4.8,604,True,real,https://brownsvillenailsandspa.com/,,(956) 479-8698,2,nail salon in Brownsville tx
HOT,105,"Infinity Insurance Agency, Inc.",insurance agent,McAllen,5.0,224,True,real,https://www.infinityauto.com/?utm_source=google&amp;utm_medium=local&amp;utm_campaign=mcallen,900 E Laurel Ave Suite 100,(877) 208-3085,2,insurance agent in McAllen tx
HOT,105,Madrinas Insurance Rio Grande Valley,insurance agent,Edinburg,4.9,1100,True,real,https://madrinasinsurance.com/obamacare-health-insurance-plans-in-texas/,1601 W Trenton Rd Suite H,(956) 450-7940,2,insurance agent in Edinburg tx
HOT,105,Pronto Insurance,insurance agent,Brownsville,4.7,299,True,real,http://www.prontoinsurance.com/,10+ years in business,(855) 200-4567,2,insurance agent in Brownsville tx
HOT,105,Farmers Insurance - Griselda Melendez,insurance agent,Pharr,5.0,648,True,real,https://agents.farmers.com/tx/pharr/griselda-melendez?SourceID=AMPALFGMAG&amp;utm_source=GMB&amp;utm_medium=Local&amp;y_source=1_MTU1MDcxMC03MTUtbG9jYXRpb24ud2Vic2l0ZQ==,Closes soon,(956) 622-5520,2,top rated insurance agent near Pharr tx
HOT,105,Amtex Insurance,insurance agent,Rio Grande City,4.9,548,True,real,http://www.amtexinsurance.com/,25+ years in business,(956) 352-6999,2,best insurance agent in Rio Grande City texas
HOT,105,Maxwell Financial Group: Allstate Insurance,insurance agent,South Padre Island,4.8,482,True,real,https://maxwellinsuranceagency.com/,Closes soon,(361) 317-6391,2,top rated insurance agent near South Padre Island tx
HOT,105,TruFit Athletic Clubs - 10th St,gym,McAllen,4.8,2800,True,real,https://trufitathleticclubs.com/locations/tx/mcallen-10th-st/?utm_source=google&amp;utm_medium=organic&amp;utm_campaign=gmp,5+ years in business,(956) 627-0381,2,best gym in McAllen texas
HOT,105,Crunch Fitness - Edinburg,gym,Edinburg,4.3,633,True,real,https://www.crunch.com/locations/edinburg,5+ years in business,(956) 609-9007,1,gym in Edinburg tx
HOT,105,TruFit Athletic Clubs - University Dr,gym,Edinburg,4.8,3300,True,real,https://trufitathleticclubs.com/locations/tx/edinburg-university-drive/?utm_source=google&amp;utm_medium=organic&amp;utm_campaign=gmp,5+ years in business,(956) 292-0010,2,gym in Edinburg tx
HOT,105,TruFit Athletic Clubs - Trenton,gym,Edinburg,4.6,2400,True,real,https://trufitathleticclubs.com/locations/tx/edinburg-trenton/?utm_source=google&amp;utm_medium=organic&amp;utm_campaign=gmp,10+ years in business,(956) 386-9970,2,best gym in Edinburg texas
HOT,105,Crunch Fitness - Brownsville,gym,Brownsville,4.5,464,True,real,https://www.crunch.com/locations/brownsville,7+ years in business,(956) 518-7416,2,gym in Brownsville tx
HOT,105,Crunch Fitness - Pharr,gym,Pharr,4.5,665,True,real,https://www.crunch.com/locations/pharr,7+ years in business,(956) 884-7119,2,gym in Pharr tx
HOT,105,Planet Fitness,gym,Alamo,4.2,220,True,real,https://www.planetfitness.com/gyms/alamo-tx?utm_medium=organic&amp;utm_source=extnet,3+ years in business,(361) 450-6682,1,gym in Alamo tx
HOT,105,Snap Fitness Rio Grande City,gym,Rio Grande City,4.8,225,True,real,https://www.snapfitness.com/us/gyms/rio-grande-city-tx/?utm_source=gmb&amp;utm_medium=yext,10+ years in business,(956) 263-1974,2,gym in Rio Grande City tx
HOT,105,McAllen Orthodontic Group,orthodontist,McAllen,5.0,1100,True,real,https://mcallenorthodonticgroup.com/,4900 N 10th St f2,(956) 687-2004,2,orthodontist in McAllen tx
HOT,105,Red Square Dental & Orthodontics,orthodontist,Edinburg,4.8,850,True,real,http://www.redsquaredentalcare.com/,2702 Cornerstone Blvd,(956) 686-5511,2,orthodontist in Edinburg tx
HOT,105,"Dr. Stephen P. Shepard, D.D.S., M.S.D",orthodontist,Harlingen,4.9,203,True,real,http://www.shepardsmiles.com/,2022 E Harrison Ave,(956) 423-4646,2,best orthodontist in Harlingen texas
HOT,105,Rodeo Dental & Orthodontics of Weslaco,orthodontist,Weslaco,4.9,3000,True,real,https://www.rodeodental.com/locations/weslaco-tx/?utm_source=extnet&amp;utm_medium=organic&amp;utm_campaign=weslaco-tx-extnet,1901 W Expy 83 #800,(956) 277-2414,2,orthodontist in Weslaco tx
HOT,105,Visionworks Shops at Valle Vista,optometrist,Harlingen,4.6,259,True,real,https://locations.visionworks.com/ll/US/TX/Harlingen/902-Dixieland-Rd?utm_medium=organic&amp;utm_source=gbp&amp;utm_campaign=website&amp;utm_content=sl&amp;utm_term=46,902 Dixieland Rd Ste 103-B,(956) 440-8785,2,optometrist in Harlingen tx
HOT,105,Visionworks Valley Crossing Shopping Center,optometrist,Weslaco,4.8,279,True,real,https://locations.visionworks.com/ll/US/TX/Weslaco/601-E-Expressway-83?utm_medium=organic&amp;utm_source=gbp&amp;utm_campaign=website&amp;utm_content=sl&amp;utm_term=100,601 E Expressway 83 Ste 100,(956) 969-2815,2,optometrist in Weslaco tx
HOT,105,Alamo Eye Care,optometrist,Alamo,4.8,569,True,real,https://www.alamoeyecare.com/,,(210) 403-9050,2,top rated optometrist near Alamo tx
HOT,105,Lifetime Optometric - Eye Doctor in Fresno,optometrist,Los Fresnos,4.9,479,True,real,https://lifetime-optometric.com/,,(559) 432-2200,2,best optometrist in Los Fresnos texas
HOT,105,Herrman & Herrman P.L.L.C.,personal injury lawyer,McAllen,4.9,685,True,real,https://www.herrmanandherrman.com/mcallen-tx-injury-lawyer/car-accident-attorney/?utm_source=local&amp;utm_medium=organic&amp;utm_campaign=mcallengmb,30+ years in business,(956) 815-0397,2,best personal injury lawyer in McAllen texas
HOT,105,"The Law Giant, Personal Injury & Accident Lawyers",personal injury lawyer,Brownsville,4.9,1100,True,real,https://www.texaslegalgroup.com/brownsville-personal-injury-lawyer/?utm_source=google&amp;utm_medium=maps&amp;utm_campaign=brownsville&amp;st-t=brownsville,20+ years in business,(956) 277-9116,2,personal injury lawyer in Brownsville tx
HOT,105,Williams Caputo PLLC,personal injury lawyer,South Padre Island,5.0,325,True,real,https://www.williamscaputo.com/?utm_campaign=gmb&amp;utm_medium=gbp&amp;utm_source=google&amp;utm_campaign=austin,,(512) 842-6554,2,top rated personal injury lawyer near South Padre Island tx
HOT,105,Mr. Rooter Plumbing of McAllen,plumber,McAllen,4.9,238,True,real,https://www.mrrooter.com/mcallen/?cid=LSTL_MRR000199&amp;utm_source=gmb&amp;utm_campaign=local&amp;utm_medium=organic,,(956) 405-7373,2,plumber in McAllen tx
HOT,105,Anchor Plumbing Services,plumber,Alamo,4.9,1700,True,real,https://anchorplumbingservices.com/?utm_source=google&amp;utm_medium=organic&amp;utm_campaign=gmb-profile-helotes,,(210) 468-8890,2,best plumber in Alamo texas
HOT,105,"Sunrise Landscape & Irrigation, LLC",landscaping,Rio Grande City,4.7,59,False,none,,Closes soon,(830) 719-2048,1,landscaping in Rio Grande City tx
HOT,105,Hacienda Collision Center,auto body shop,McAllen,4.4,913,True,real,https://www.haciendacollision.com/,7+ years in business,(956) 213-1000,1,auto body shop in McAllen tx
HOT,105,CARSTAR Collision Specialists,auto body shop,McAllen,4.6,423,True,real,https://www.carstar.com/locations/tx/mcallen-15321/,10+ years in business,(956) 682-1999,2,auto body shop in McAllen tx
HOT,105,The Collision Stop,auto body shop,Harlingen,4.9,222,True,real,http://www.collisionstop.com/,7+ years in business,(956) 231-1010,2,auto body shop in Harlingen tx
HOT,105,HCD Auto Body,auto body shop,Harlingen,4.9,233,True,real,http://www.hcdautobody.com/,10+ years in business,956-275-3761,2,top rated auto body shop near Harlingen tx
HOT,105,Hacienda Collision Center,auto body shop,Weslaco,4.5,421,True,real,https://www.haciendacollision.com/,7+ years in business,(956) 447-9777,2,auto body shop in Weslaco tx
HOT,105,One stop body shop,auto body shop,Los Fresnos,4.9,53,False,none,,Closes soon,(713) 384-1242,1,best auto body shop in Los Fresnos texas
HOT,105,SPI Mechanix Co. | Auto Repair Service,auto body shop,Port Isabel,4.5,54,False,none,,10+ years in business,(956) 943-4200,1,best auto body shop in Port Isabel texas
HOT,105,KB Massage Therapy Healing,massage therapist,Mission,4.9,59,False,none,,7+ years in business,(956) 258-3147,1,massage therapist in Mission tx
HOT,105,Sea Island Massage,massage therapist,South Padre Island,4.4,475,True,real,https://seaislandmassage.as.me/schedule.php,15+ years in business,(915) 886-0011,1,massage therapist in South Padre Island tx
HOT,105,Rio Vista Dentistry,cosmetic dentist,Harlingen,4.9,432,True,real,https://www.riovistadentistry.com/,802 TX-499 Loop #1,(956) 425-7726,2,cosmetic dentist in Harlingen tx
HOT,105,De La Garza Family Dental,cosmetic dentist,Weslaco,4.9,448,True,real,http://www.delagarzafamilydentaltexas.com/?utm_source=GBP&amp;utm_medium=Organic&amp;utm_campaign=GBPListing,461 N Westgate Dr,(956) 968-8713,2,cosmetic dentist in Weslaco tx
HOT,105,Alamo Family & Cosmetic Dentistry,cosmetic dentist,Alamo,4.9,312,True,real,http://alamodentalsa.com/,,(210) 348-8600,2,cosmetic dentist in Alamo tx
HOT,105,Padre Island Family Dentistry,cosmetic dentist,South Padre Island,4.7,79,False,none,,Closed,,1,top rated cosmetic dentist near South Padre Island tx
HOT,105,Nolana Animal Hospital,veterinarian,McAllen,4.6,532,True,real,https://nolanavet.com/,10+ years in business,(956) 686-3765,2,veterinarian in McAllen tx
HOT,105,Edinburg-McAllen Veterinary Clinic,veterinarian,Edinburg,4.3,1400,True,real,http://edinburgmcallenvetservices.com/,10+ years in business,(956) 383-5080,1,veterinarian in Edinburg tx
HOT,105,Veterinary Medical Center of Harlingen,veterinarian,Harlingen,4.9,222,True,real,https://veterinarymedicalcenterharlingen.com/,9302 W Expy 83,(956) 906-8624,2,veterinarian in Harlingen tx
HOT,105,Brownsville Spay Neuter Clinic,veterinarian,Brownsville,4.5,1000,True,real,https://brownsvillespayneuter.org/,10+ years in business,(956) 550-8366,2,veterinarian in Brownsville tx
HOT,105,Border Animal Hospital,veterinarian,Weslaco,4.4,1600,True,real,https://www.borderanimalhospital.com/,617 S International Blvd,(956) 968-3858,1,veterinarian in Weslaco tx
HOT,105,Alamo Area Veterinary Clinic,veterinarian,Alamo,4.8,411,True,real,http://www.alamovet.com/,Closes soon,(830) 931-3400,2,veterinarian in Alamo tx
HOT,105,CityVet | Southtown,veterinarian,Alamo,4.9,306,True,real,https://www.cityvet.com/southtown/?utm_source=yext&amp;utm_medium=organic&amp;utm_campaign=southtown,,(210) 622-8885,2,top rated veterinarian near Alamo tx
HOT,105,The Laguna Madre Humane Society,veterinarian,Port Isabel,4.7,204,True,real,http://lmhsclinic.com/,5+ years in business,(956) 266-3140,2,best veterinarian in Port Isabel texas
HOT,105,Everhart Animal Hospital,veterinarian,South Padre Island,4.6,850,True,real,https://everhartah.com/,,(361) 854-1439,2,top rated veterinarian near South Padre Island tx
HOT,105,CRGLAW | Law Office of Cerise Reyna De Garduño,divorce attorney,Brownsville,5.0,215,True,real,https://crglawoffice.com/,10+ years in business,(956) 546-4646,2,divorce attorney in Brownsville tx
HOT,105,Supercuts,hair salon,Mission,4.6,576,True,real,https://www.supercuts.com/locations/nearme/haircut/tx/mission/2307-e-griffin-pkwy-ste-d/80545,,(956) 584-7500,2,hair salon in Mission tx
HOT,105,E Salon and Barber,hair salon,Donna,4.9,65,False,none,,Closes soon,(956) 472-1314,1,best hair salon in Donna texas
HOT,105,Evolutions Hair Salon,hair salon,Alamo,4.7,62,False,none,,Closes soon,(956) 702-7765,1,hair salon in Alamo tx
HOT,105,SmartStyle,hair salon,Alamo,4.6,209,True,real,https://www.smartstyle.com/locations/nearme/haircut/tx/alamo/1421-w-frontage-rd/18781,,(956) 782-4807,2,hair salon in Alamo tx
HOT,105,City Cafe & Catering,catering,Edinburg,4.7,277,True,real,http://www.citycafeandcatering.com/,,(956) 682-8737,2,top rated catering near Edinburg tx
HOT,105,Campos Catering. LLC,catering,Mission,4.9,75,False,none,,815 N Francisco Ave,,1,catering in Mission tx
HOT,105,Holy Smokes BBQ & Catering,catering,Harlingen,4.6,56,False,none,,3825 S Expressway 83,,1,catering in Harlingen tx
HOT,105,GW’s BBQ Catering Co,catering,Pharr,4.6,779,True,real,https://www.gwsbbqco.com/,Closed,(956) 601-0056,2,catering in Pharr tx
HOT,105,Peggy's Cakes and More,catering,San Benito,5.0,65,False,none,,29760 FM1561,,1,best catering in San Benito texas
HOT,105,Corn Fed Catering,catering,Port Isabel,4.9,82,False,none,,Closes soon,,1,top rated catering near Port Isabel tx
HOT,105,Smile Magic of McAllen,dentist,McAllen,4.8,2300,True,real,https://mysmilemagic.com/locations/mcallen/,2708 W Nolana Ave Suite 120,(956) 278-8148,2,dentist in McAllen tx
HOT,105,The Lakes Family Dental,dentist,Edinburg,4.8,1700,True,real,https://www.thelakesfamilydental.com/?utm_source=Google&amp;utm_medium=Local&amp;utm_campaign&amp;utm_content=GMB,3103 Center Pointe Dr,(956) 567-9891,2,best dentist in Edinburg texas
HOT,105,Iman Dental Center,dentist,Mission,4.8,451,True,real,https://imandentalcenter.com/,801 N Conway Ave,(956) 585-2000,2,dentist in Mission tx
HOT,105,Los Ebanos Family Dentistry,dentist,Brownsville,4.9,236,True,real,http://www.losebanosfamilydentistry.com/,925 E Los Ebanos Blvd,(956) 542-1177,2,dentist in Brownsville tx
HOT,105,Moveo Performance,physical therapist,McAllen,5.0,425,True,real,https://www.moveoperformance.com/,6624 N 10th St Suite R,(956) 515-2055,2,best physical therapist in McAllen texas
HOT,105,DHR Health Rehabilitation Hospital,physical therapist,Edinburg,4.9,336,True,real,https://www.dhrhealth.com/services/rehabilitation-hospital/,5403 Doctor's Dr,(956) 362-3550,2,top rated physical therapist near Edinburg tx
HOT,105,Performance Therapeutics - Weslaco,physical therapist,Weslaco,5.0,281,True,real,https://performancetherapeutics.com/,1210 E 8th St Suite 1,(956) 351-5870,2,physical therapist in Weslaco tx
HOT,105,Valley Skin Institute,dermatologist,Los Fresnos,4.8,864,True,real,https://valleyskininstitute.com/,,(559) 472-7546,2,dermatologist in Los Fresnos tx
HOT,105,Center for Aesthetic and Laser Medicine,dermatologist,Hidalgo,4.9,1500,True,real,https://www.usdermatologypartners.com/locations/texas/tyler/4809-old-bullard-rd-ste-500/,Closes soon,(903) 579-7261,2,top rated dermatologist near Hidalgo tx
HOT,105,"Law Office of J.R. Ramirez, P.L.L.C.",criminal defense attorney,Edinburg,5.0,476,True,real,http://www.lawofficeofjrramirez.law/,7+ years in business,(956) 603-2352,2,criminal defense attorney in Edinburg tx
HOT,105,"The Law Office of Carlos A. García, PLLC",criminal defense attorney,Mission,4.9,204,True,real,https://www.thegarciafirm.com/?utm_source=GMB&amp;utm_medium=organic&amp;utm_campaign=mission,20+ years in business,(956) 584-1448,2,criminal defense attorney in Mission tx
HOT,105,"Leah Wise Law Firm, PLLC",criminal defense attorney,Pharr,5.0,881,True,real,https://leahwiselaw.com/personal-injury-lawyer-pharr-tx?utm_source=google&amp;utm_medium=organic&amp;utm_campaign=gbp_n_cage_blvd_pharr_tx_78577,7+ years in business,(956) 305-2867,2,best criminal defense attorney in Pharr texas
HOT,105,The Law Offices of Brian Powers,criminal defense attorney,Alamo,5.0,221,True,real,http://www.brianpowerslaw.com/,,(210) 222-9446,2,top rated criminal defense attorney near Alamo tx
HOT,105,Michael & Associates Criminal Defense Attorneys,criminal defense attorney,Mercedes,4.9,233,True,real,https://zealousadvocate.com/dwi-dui/texas/houston/?utm_source=google&amp;utm_medium=GoogleMyBusiness&amp;utm_campaign=gmb,,(713) 322-3965,2,best criminal defense attorney in Mercedes texas
HOT,105,Frontline Home Solutions,roofing contractor,Pharr,4.7,439,True,real,https://www.yourfrontline.com/,,(956) 261-5712,2,roofing contractor in Pharr tx
HOT,105,Alamo Roofing,roofing contractor,Alamo,4.9,525,True,real,http://alamoroofing.com/?utm_source=google&amp;utm_medium=organic&amp;utm_campaign=gbp,,(210) 942-5022,2,roofing contractor in Alamo tx
HOT,105,Premium Automotive Services - McAllen,auto repair shop,McAllen,4.5,399,True,real,http://www.wedrivetogether.com/,20+ years in business,(956) 618-9877,2,auto repair shop in McAllen tx
HOT,105,Mendoza Auto Service,auto repair shop,Mission,4.6,81,False,none,,10+ years in business,(956) 581-7719,1,auto repair shop in Mission tx
HOT,105,Pruneda Auto Mechanic,auto repair shop,Pharr,4.6,76,False,none,,10+ years in business,(956) 702-2065,1,auto repair shop in Pharr tx
HOT,105,Valley Auto & Machine Shop,auto repair shop,Weslaco,4.5,80,False,none,,10+ years in business,(956) 969-0981,1,auto repair shop in Weslaco tx
HOT,105,Firestone Complete Auto Care,auto repair shop,San Benito,4.2,271,True,real,https://www.firestonecompleteautocare.com/texas/san-benito/190-w-stenger-st/?utm_source=google&amp;utm_medium=organic&amp;utm_campaign=localmaps&amp;cmp=oloc_google_localmaps_maps,190 W Stenger St,(956) 622-4800,1,auto repair shop in San Benito tx
HOT,105,Reynas Automotive shop/Mobile Repair,auto repair shop,Donna,5.0,86,False,none,,6317 Whitetail Cir,(956) 974-5138,1,auto repair shop in Donna tx
HOT,105,Auto Rebuilders Services Center,auto repair shop,Rio Grande City,4.9,210,True,real,http://www.autorebuildersservicecenter.com/,Closes soon,(830) 774-6117,2,best auto repair shop in Rio Grande City texas
HOT,105,Spa Luxe,day spa,Hidalgo,4.7,354,True,real,http://www.spaluxe.com/,,(512) 646-2255,2,top rated day spa near Hidalgo tx
HOT,105,The Deldi Ortegon Real Estate Group,real estate agent,McAllen,4.9,305,True,real,http://www.sellingsouthtexas.com/,30+ years in business,(956) 648-6831,2,real estate agent in McAllen tx
HOT,104,Tavo's Auto Body Shop,auto body shop,Mercedes,,956,True,social,https://www.facebook.com/profile.php?id=100089835255406,Closed,(956) 314-7547,3,best auto body shop in Mercedes texas
HOT,100,Kaizen Clinical Partners (Donna Medical Clinic),urgent care,Donna,4.1,201,True,real,https://www.kaizenclinicalpartners.com/,307 N D Salinas Blvd Ste. D,(956) 464-2402,2,urgent care in Donna tx
HOT,100,Kaizen Clinical Partners (Donna Medical Clinic),urgent care,Donna,4.1,201,True,real,https://www.kaizenclinicalpartners.com/,307 N D Salinas Blvd Ste. D,956-464-2402,2,best urgent care in Donna texas
HOT,100,Gilberto Falcon Law Office,immigration lawyer,Rio Grande City,4.9,143,True,social,https://www.facebook.com/falconwingsofjustice/,10+ years in business,(956) 487-6363,1,best immigration lawyer in Rio Grande City texas
HOT,100,Air Systems RGV,hvac contractor,Weslaco,,956,True,real,https://www.airsystemsrgv.com/,Closed,(956) 376-3252,1,top rated hvac contractor near Weslaco tx
HOT,100,The Nail Studio at Shary,nail salon,Mission,4.7,91,False,none,,,(956) 483-6694,2,nail salon in Mission tx
HOT,100,TruFit Athletic Clubs - W Exp 83,gym,Weslaco,4.4,1400,True,real,https://trufitathleticclubs.com/locations/tx/mission-expressway-83/?utm_source=google&amp;utm_medium=organic&amp;utm_campaign=gmp,10+ years in business,(956) 854-4118,2,best gym in Weslaco texas
HOT,100,Stanton Optical,optometrist,Edinburg,4.7,91,False,none,,201 E Trenton Rd Suite 2,(956) 242-4334,2,optometrist in Edinburg tx
HOT,100,Island Family Eyecare,optometrist,South Padre Island,5.0,116,True,social,https://www.islandfamilyeyecaretx.com/,Closes soon,(361) 529-7570,1,best optometrist in South Padre Island texas
HOT,100,"Collision Stop, LLC",auto body shop,Mercedes,,956,True,real,http://www.collisionstop.com/,Closed,(956) 797-2525,1,top rated auto body shop near Mercedes tx
HOT,100,HEALTH & WELLNESS MASSAGE THERAPY,massage therapist,McAllen,4.8,73,False,none,,7+ years in business,(956) 569-3725,2,massage therapist in McAllen tx
HOT,100,Inner Peace Spa,massage therapist,Weslaco,5.0,64,False,none,,,(956) 903-0123,2,massage therapist in Weslaco tx
HOT,100,Le Rêve French-American Restaurant,restaurant,Brownsville,4.5,97,False,none,,1105 E Washington St,,2,top rated restaurant near Brownsville tx
HOT,100,San Benito Animal Hospital,veterinarian,San Benito,4.4,297,True,real,https://sanbenitoanimalhospital.com/,10+ years in business,(956) 399-3221,2,top rated veterinarian near San Benito tx
HOT,100,Hidalgo Veterinary Services,veterinarian,Hidalgo,4.9,73,False,none,,Closed,(361) 358-1811,2,veterinarian in Hidalgo tx
HOT,100,"LAW OFFICE OF FRANCISCO MARTINEZ, JR",divorce attorney,McAllen,4.6,87,False,none,,5+ years in business,(956) 971-0972,2,divorce attorney in McAllen tx
HOT,100,Erico Salon & Spa,hair salon,Weslaco,4.9,77,False,none,,,(956) 968-9999,2,hair salon in Weslaco tx
HOT,100,Rosie's Hair Salon,hair salon,San Benito,4.7,63,False,none,,Closes soon,(956) 361-3563,2,hair salon in San Benito tx
HOT,100,Martha's Beauty Parlor,hair salon,Mercedes,4.7,80,False,none,,Closes soon,(956) 565-0800,2,hair salon in Mercedes tx
HOT,100,Infinity Financial Services,accountant,Pharr,4.8,51,False,none,,15+ years in business,(956) 783-4323,2,top rated accountant near Pharr tx
HOT,100,Del Valle Tax Services,accountant,Donna,4.9,101,True,social,https://www.facebook.com/DelValleTaxServices956?mibextid=LQQJ4d,3+ years in business,(956) 420-1045,1,accountant in Donna tx
HOT,100,"Coastal Bend Financials, LLC",accountant,South Padre Island,,956,True,real,https://www.coastalbendfinancials.com/,7+ years in business,(956) 455-3884,1,accountant in South Padre Island tx
HOT,100,Port Isabel Event & Cultural Center,catering,Port Isabel,4.6,99,False,none,,309 Railroad St,,2,catering in Port Isabel tx
HOT,100,Gabriella's,catering,South Padre Island,4.4,4300,True,real,https://gabriellasspi.com/?utm_source=google,700 Padre Blvd Ste G,(956) 761-6111,2,best catering in South Padre Island texas
HOT,100,The Smile Clinic,dentist,Alamo,5.0,52,False,none,,725 N Tower Rd,(956) 787-4337,2,dentist in Alamo tx
HOT,100,"Quick Roofing & Restoration, LLC",roofing contractor,Hidalgo,4.9,112,True,social,http://quickroofingtx.com/,,(903) 505-5720,1,top rated roofing contractor near Hidalgo tx
HOT,100,Premium Automotive Services - Edinburg,auto repair shop,Edinburg,4.4,356,True,real,http://www.wedrivetogether.com/,20+ years in business,(956) 318-5126,2,auto repair shop in Edinburg tx
HOT,100,Pueblo Tires & Service - E. Expressway 83,auto repair shop,Mission,4.2,423,True,real,https://pueblotires.com/MyInstallers/view/7/Mission-TX,102 E Expressway 83,(956) 581-0212,2,auto repair shop in Mission tx
HOT,100,Picazo's Garage & Road Service,auto repair shop,Brownsville,4.9,50,False,none,,4620 Mar St Suite C,(956) 656-2038,2,auto repair shop in Brownsville tx
HOT,100,Firestone Complete Auto Care,auto repair shop,Weslaco,4.1,374,True,real,https://www.firestonecompleteautocare.com/texas/weslaco/525-w-business-83/?utm_source=google&amp;utm_medium=organic&amp;utm_campaign=localmaps&amp;cmp=oloc_google_localmaps_maps,525 W Business 83,(956) 332-1011,2,auto repair shop in Weslaco tx
HOT,100,J & J Tire & Auto,auto repair shop,San Benito,4.8,84,False,none,,10+ years in business,(956) 361-6041,2,auto repair shop in San Benito tx
HOT,100,Muses Day Spa,day spa,Los Fresnos,4.3,224,True,real,https://www.musesspa.com/book-appointment,,(559) 440-0772,2,day spa in Los Fresnos tx
HOT,100,Venus Spa,day spa,South Padre Island,4.2,200,True,real,http://www.venusspaspi.com/,7+ years in business,(956) 456-0195,2,day spa in South Padre Island tx
HOT,99,"Guajardo Chiropractic Clinic, LLC",chiropractor,McAllen,5.0,291,True,real,https://drsgtexas.com/,2217 Primrose Ave W,(956) 627-4995,3,chiropractor in McAllen tx
HOT,99,Airrosti Edinburg,chiropractor,Edinburg,5.0,242,True,real,https://www.airrosti.com/location/texas/edinburg-1601-w-trenton-edin,1601 W Trenton Rd Ste N,(956) 420-0045,3,best chiropractor in Edinburg texas
HOT,99,Whitmire Chiropractic,chiropractor,Harlingen,4.8,443,True,real,https://www.whitmirechiropracticwellness.com/,,(503) 362-1002,3,chiropractor in Harlingen tx
HOT,99,Texas Injury Chiropractic,chiropractor,Brownsville,5.0,566,True,real,http://www.texasinjurychiro.com/,2501 Paredes Line Rd B-10,(956) 550-0665,3,chiropractor in Brownsville tx
HOT,99,Airrosti Harlingen,chiropractor,San Benito,5.0,371,True,real,https://www.airrosti.com/location/texas/harlingen-6704-w-expressway-83-harli,Closes soon,(956) 420-0045,3,best chiropractor in San Benito texas
HOT,99,Airrosti Brownsville,chiropractor,Los Fresnos,5.0,268,True,real,https://www.airrosti.com/location/texas/brownsville-3819-n-expressway-bvill,,(956) 420-0045,3,top rated chiropractor near Los Fresnos tx
HOT,99,RGV Urgent Care,urgent care,McAllen,4.7,259,True,real,http://rgvurgentcareclinic.com/,2812 W Nolana Ave Suite 210,(956) 540-7046,3,urgent care in McAllen tx
HOT,99,RGV Urgent Care Clinic,urgent care,McAllen,4.7,431,True,real,https://www.rgvurgentcareclinic.com/?utm_source=gmb_auth,,(956) 803-0120,3,best urgent care in McAllen texas
HOT,99,Concentra Urgent Care,urgent care,Harlingen,4.7,844,True,real,https://www.concentra.com/urgent-care-centers/texas/corpus-christi/harlingen-urgent-care/#nearbylocations_g=26.1609836218%7C-97.6805637393&amp;nearbylocations_o=DistanceMi%2CAscending&amp;nearbylocations_distancemi=20&amp;nearbylocations_DistanceMi=20,216 N Ed Carey Dr #1,(956) 261-4700,3,top rated urgent care near Harlingen tx
HOT,99,South Texas Health System ER Pharr,urgent care,Pharr,4.7,540,True,real,https://www.southtexashealthsystem.com/our-facilities/south-texas-health-system-er-pharr?utm_source=Google&amp;utm_medium=Yext,435 W Ridge Rd,(956) 403-5550,3,best urgent care in Pharr texas
HOT,99,San Benito Medical Associates | Harlingen,urgent care,San Benito,4.7,1500,True,real,https://asashealthpartners.com/our-locations/locations/san-benito-medical-associates-harlingen/,Closed,(956) 247-7000,3,top rated urgent care near San Benito tx
HOT,99,RGV Urgent Care Clinic,urgent care,Donna,4.7,431,True,real,https://www.rgvurgentcareclinic.com/?utm_source=gmb_auth,,956-803-0120,3,best urgent care in Donna texas
HOT,99,Alamo City Urgent Care | Shaenfield,urgent care,Alamo,4.9,2100,True,real,https://alamocityuc.com/,,(210) 941-2282,3,top rated urgent care near Alamo tx
HOT,99,Access Total Care Corpus Christi/Padre Island,urgent care,Port Isabel,4.5,535,True,real,https://www.accesstotalcare.com/,,(361) 589-4068,3,top rated urgent care near Port Isabel tx
HOT,99,"Gregorio R. López, Attorney At Law",immigration lawyer,McAllen,4.9,486,True,real,https://stmaps.top/business/gregorio-r-lopez-attorney-at-law-wlxlun,,(956) 618-0837,3,best immigration lawyer in McAllen texas
HOT,99,R. Ramirez Attorneys and Counselors,immigration lawyer,McAllen,4.9,513,True,real,https://rramirezlaw.com/,Closes soon,(956) 664-1088,3,top rated immigration lawyer near McAllen tx
HOT,99,Ignacio G. Martinez Law Firm ABOGADO DE ACCIDENTES,immigration lawyer,Brownsville,4.8,514,True,real,http://www.martinezlegal.com/,20+ years in business,(956) 542-2264,3,top rated immigration lawyer near Brownsville tx
HOT,99,Martinez Immigration Global Law Firm PLLC,immigration lawyer,Mercedes,4.8,770,True,real,http://martinezimmigration.net/,Closes soon,(469) 296-9916,3,top rated immigration lawyer near Mercedes tx
HOT,99,A/C AMIGO LLC,hvac contractor,McAllen,4.9,229,True,real,http://www.acamigo.com/,,(956) 984-8182,3,best hvac contractor in McAllen texas
HOT,99,Colair,hvac contractor,McAllen,5.0,3300,True,real,https://colairinc.com/,,(956) 581-5212,3,top rated hvac contractor near McAllen tx
HOT,99,Mission Air Conditioning & Plumbing,hvac contractor,Mission,4.8,2900,True,real,https://www.missionac.com/locations/houston-tx/?utm_source=google&amp;utm_medium=organic&amp;utm_campaign=gbp,,(281) 502-2062,3,top rated hvac contractor near Mission tx
HOT,99,"George Cunningham Co, Inc.",hvac contractor,Harlingen,4.8,783,True,real,http://www.cunninghamac.com/,Closes soon,,3,best hvac contractor in Harlingen texas
HOT,99,American AC & Heating,hvac contractor,Harlingen,4.7,1400,True,real,https://www.myamericanac.com/,50+ years in business,(956) 300-4366,3,top rated hvac contractor near Harlingen tx
HOT,99,"Mighty Mike's Plumbing, Electrical & HVAC",hvac contractor,Pharr,4.9,2800,True,real,https://callmightymike.com/,,(956) 686-1353,3,hvac contractor in Pharr tx
HOT,99,Better Than Best A/C and Heating,hvac contractor,Port Isabel,5.0,494,True,real,https://www.betterthanbestac.com/,Closes soon,(281) 393-4660,3,best hvac contractor in Port Isabel texas
HOT,99,Triple A Air Conditioning & Heating,hvac contractor,Port Isabel,4.9,2100,True,real,https://www.aaaac.us/?utm_source=google&amp;utm_medium=organic&amp;utm_campaign=gmb-profile-corpuschristi,,(361) 320-7161,3,top rated hvac contractor near Port Isabel tx
HOT,99,Queen Nails,nail salon,McAllen,4.7,1200,True,real,http://queennailsmcallen.com/,,(956) 668-0999,3,nail salon in McAllen tx
HOT,99,Glossy Nail & Spa,nail salon,Mission,4.5,438,True,real,http://glossynailsmission.com/,,(956) 583-8888,3,nail salon in Mission tx
HOT,99,Jade Nails,nail salon,Pharr,4.6,293,True,real,https://jadenailspharr.com/,,(956) 603-7711,3,nail salon in Pharr tx
HOT,99,Meiji Nails And Spa,nail salon,Weslaco,4.5,206,True,real,https://meijiweslaco.com/,,(956) 232-8989,3,nail salon in Weslaco tx
HOT,99,Texas Nail House (10% OFF for Military),nail salon,Alamo,4.9,9100,True,real,http://www.texasnailhouse.com/,,(210) 202-1131,3,nail salon in Alamo tx
HOT,99,Dorado Nail Bar SANGER,nail salon,Mercedes,4.9,289,True,real,https://doradonailbarsanger.com/,,(940) 440-0267,3,nail salon in Mercedes tx
HOT,99,Raymond Longoria Insurance,insurance agent,Mission,4.9,229,True,real,https://www.rligroup.com/,10+ years in business,(956) 581-1034,3,insurance agent in Mission tx
HOT,99,Amtex Insurance,insurance agent,Pharr,4.9,458,True,real,http://www.amtexinsurance.com/,25+ years in business,(956) 283-1000,3,insurance agent in Pharr tx
HOT,99,Valley Insurance Providers,insurance agent,Pharr,4.9,267,True,real,http://vip-ins.net/,Closes soon,(956) 787-8536,3,top rated insurance agent near Pharr tx
HOT,99,Myriam Guerra: Allstate Insurance,insurance agent,Weslaco,4.8,463,True,real,https://agents.allstate.com/myriam-guerra-weslaco-tx.html,20+ years in business,(956) 305-3153,3,best insurance agent in Weslaco texas
HOT,99,TruFit Athletic Clubs - Ware Rd Exp 83,gym,McAllen,4.6,2100,True,real,https://trufitathleticclubs.com/locations/tx/mcallen-10th-st/?utm_source=google&amp;utm_medium=organic&amp;utm_campaign=gmp,10+ years in business,(956) 627-6631,3,best gym in McAllen texas
HOT,99,F.I.T Lab Fitness Edinburg,gym,Edinburg,4.9,220,True,real,https://www.fitlabfacilities.com/,7+ years in business,(956) 509-0675,3,gym in Edinburg tx
HOT,99,TruFit Athletic Clubs - Griffin Parkway,gym,Mission,4.7,1100,True,real,https://trufitathleticclubs.com/locations/tx/mission-griffin-parkway/?utm_source=google&amp;utm_medium=organic&amp;utm_campaign=gmp,10+ years in business,(956) 583-4040,3,gym in Mission tx
HOT,99,TruFit Athletic Clubs - Conway,gym,Mission,4.6,1300,True,real,https://trufitathleticclubs.com/locations/tx/mission-conway/?utm_source=google&amp;utm_medium=organic&amp;utm_campaign=gmp,7+ years in business,(956) 997-3633,3,best gym in Mission texas
HOT,99,TruFit Athletic Clubs - Ed Carey,gym,Harlingen,4.6,890,True,real,https://trufitathleticclubs.com/locations/tx/harlingen-ed-carey/?utm_source=google&amp;utm_medium=organic&amp;utm_campaign=gmp,7+ years in business,(956) 368-5634,3,gym in Harlingen tx
HOT,99,The Perfect Body Studio,gym,Harlingen,4.9,405,True,real,https://theperfectbodystudio.com/?utm_source=GMB&amp;utm_medium=organic,10+ years in business,(956) 230-0228,3,best gym in Harlingen texas
HOT,99,TruFit Athletic Clubs - Boca Chica,gym,Brownsville,4.5,1500,True,real,https://trufitathleticclubs.com/locations/tx/brownsville-boca-chica/?utm_source=google&amp;utm_medium=organic&amp;utm_campaign=gmp,10+ years in business,(956) 544-7867,3,gym in Brownsville tx
HOT,99,Ferral Moving Service,moving company,McAllen,5.0,354,True,real,https://ferralmovingservices.com/,,(956) 643-0420,3,moving company in McAllen tx
HOT,99,Move It Self Storage,moving company,San Benito,4.8,231,True,real,https://www.nsastorage.com/storage/texas/storage-units-san-benito/1770-W-Expy-83-106?utm_source=google&amp;utm_medium=local&amp;utm_content=106&amp;utm_campaign=localmaps,1770 W Expy 83,(956) 666-8555,3,moving company in San Benito tx
HOT,99,Freels Orthodontics,orthodontist,McAllen,5.0,518,True,real,https://www.freelsorthodontics.com/,3220 Buddy Owens Blvd suite 100,(956) 631-8181,3,orthodontist in McAllen tx
HOT,99,Rodeo Dental & Orthodontics of Edinburg,orthodontist,Edinburg,4.9,2500,True,real,https://www.rodeodental.com/locations/edinburg-tx/?utm_source=extnet&amp;utm_medium=organic&amp;utm_campaign=edinburg-tx-extnet,1560 E Canton Rd suite g,(956) 415-0343,3,orthodontist in Edinburg tx
HOT,99,Rodeo Dental & Orthodontics,orthodontist,Brownsville,4.9,2600,True,real,https://www.rodeodental.com/locations/brownsville-dentist-ruben-torres-blvd/?utm_source=extnet&amp;utm_medium=organic&amp;utm_campaign=brownsville-ruben-torres-extnet,2155 Ruben M Torres Blvd Suite 4,(956) 622-5838,3,orthodontist in Brownsville tx
HOT,99,Southern Dental,orthodontist,Weslaco,4.9,494,True,real,http://www.southernfamilydentaltexas.com/?utm_source=GBP&amp;utm_medium=Organic&amp;utm_campaign=GBPListing,1210 E 8th St Ste 2,(956) 969-2591,3,best orthodontist in Weslaco texas
HOT,99,Knowlton Family Orthodontics,orthodontist,Mercedes,5.0,325,True,real,http://www.knowltonortho.com/,Closes soon,(903) 771-2360,3,top rated orthodontist near Mercedes tx
HOT,99,TK Orthodontics (Havens Fresno),orthodontist,Los Fresnos,4.9,233,True,real,https://www.tk-ortho.com/?utm_source=google&amp;utm_medium=organic&amp;utm_campaign=gbp-listing,,(559) 448-9870,3,top rated orthodontist near Los Fresnos tx
HOT,99,Rio Dental & Orthodontics - Dallas,orthodontist,Rio Grande City,5.0,476,True,real,https://riodentalgroup.com/dallas/,,(469) 812-5407,3,top rated orthodontist near Rio Grande City tx
HOT,99,Corpus Christi Orthodontics,orthodontist,South Padre Island,5.0,440,True,real,https://www.ccbraces.com/,Closes soon,(361) 992-4746,3,best orthodontist in South Padre Island texas
HOT,99,LensCrafters,optometrist,Harlingen,4.9,773,True,real,https://local.lenscrafters.com/tx/harlingen/914-dixieland-rd.html?cid=yext_0863&amp;y_source=1_MTIxMDY4NC03MTUtbG9jYXRpb24ud2Vic2l0ZQ%3D%3D,914 Dixieland Rd Suite 200,(956) 428-9222,3,optometrist in Harlingen tx
HOT,99,Stanton Optical,optometrist,Harlingen,4.5,412,True,real,https://www.stantonoptical.com/locations/harlingen-tx/?utm_source=google&amp;utm_medium=organic&amp;utm_campaign=Harlingen-TX-Local,2801 W Expressway 83,(956) 291-0946,3,best optometrist in Harlingen texas
HOT,99,Barajas Vision Clinic,optometrist,Harlingen,4.8,210,True,real,https://www.barajasvisionclinic.com/hours-location/harlingen/,913 S Ed Carey Dr Ste C,(956) 428-0158,3,top rated optometrist near Harlingen tx
HOT,99,The Eye Experts - Weslaco,optometrist,Weslaco,4.6,439,True,real,http://theeyeexperts.com/?utm_source=GMBSocialClimb&amp;utm_medium=TheEyeExperts-Weslaco,"Medical Arts Bldg, 1315 E 6th St #5",(956) 969-3893,3,best optometrist in Weslaco texas
HOT,99,Alamo City Eye,optometrist,Alamo,4.7,484,True,real,http://www.alamocityeye.com/?utm_source=GMBSocialClimb&amp;utm_medium=AlamoCityEye,Closes soon,(210) 946-2020,3,top rated optometrist near Alamo tx
HOT,99,Patino Law Firm,personal injury lawyer,Mission,5.0,463,True,real,https://www.patinolawoffice.com/personal-injury-lawyers-mcallen/,,(956) 631-3535,3,best personal injury lawyer in Mission texas
HOT,99,"Herrman & Herrman, P.L.L.C. - Car Accident Lawyers",personal injury lawyer,Brownsville,4.9,405,True,real,https://www.herrmanandherrman.com/brownsville-personal-injury-lawyers/car-accidents/?utm_source=local&amp;utm_medium=organic&amp;utm_campaign=brownsvillegmb,30+ years in business,(956) 815-1270,3,personal injury lawyer in Brownsville tx
HOT,99,Kenny Perez Law- Personal Injury Lawyer,personal injury lawyer,Brownsville,4.8,327,True,real,https://kennyperezlaw.com/?utm_source=google&amp;utm_medium=organic&amp;utm_campaign=GoogleLocal-Brownsville,15+ years in business,(956) 544-9292,3,best personal injury lawyer in Brownsville texas
HOT,99,Freedman Law,personal injury lawyer,Los Fresnos,4.9,745,True,real,https://www.freedmanlaw.com/?utm_source=google-my-business&amp;utm_medium=organic&amp;utm_campaign=fresno&amp;utm_term=nettra,,(559) 447-9000,3,personal injury lawyer in Los Fresnos tx
HOT,99,J. Gonzalez Law Firm,personal injury lawyer,Hidalgo,4.5,377,True,real,https://jgonzalezlawfirm.com/?utm_source=GBP&amp;utm_medium=Organic&amp;utm_campaign=McAllen,,(956) 630-6700,3,personal injury lawyer in Hidalgo tx
HOT,99,Texas Best Plumbing And Services LLC,plumber,Rio Grande City,5.0,339,True,real,https://texasbestplumbing.com/friendswood-tx/,,(713) 429-5454,3,top rated plumber near Rio Grande City tx
HOT,99,Caliber Collision,auto body shop,McAllen,4.8,273,True,real,https://www.caliber.com/find-a-location/mcallen-whalen-rd?utm_source=google&amp;utm_medium=gbp-profile&amp;utm_campaign=webform-GBPwebsite&amp;utm_content=&amp;utm_term=&amp;utm_id=0966,3+ years in business,(956) 686-0911,3,best auto body shop in McAllen texas
HOT,99,Caliber Collision,auto body shop,Harlingen,4.9,264,True,real,https://www.caliber.com/find-a-location/harlingen?utm_source=google&amp;utm_medium=gbp-profile&amp;utm_campaign=webform-GBPwebsite&amp;utm_content=&amp;utm_term=&amp;utm_id=0966,3+ years in business,(956) 430-7060,3,auto body shop in Harlingen tx
HOT,99,Caliber Collision,auto body shop,Harlingen,4.9,264,True,real,https://www.caliber.com/find-a-location/harlingen?utm_source=google&amp;utm_medium=gbp-profile&amp;utm_campaign=webform-GBPwebsite&amp;utm_content=&amp;utm_term=&amp;utm_id=0966,3+ years in business,956-430-7060,3,top rated auto body shop near Harlingen tx
HOT,99,Quality Paint & Body Shop,auto body shop,Los Fresnos,4.8,366,True,real,http://qualitypbs.com/,Closes soon,(281) 431-0427,3,best auto body shop in Los Fresnos texas
HOT,99,Massage Heights Alamo Ranch,massage therapist,Alamo,4.8,834,True,real,https://www.heightswellnessretreat.com/alamo-ranch,,(210) 585-4362,3,massage therapist in Alamo tx
HOT,99,Oak Haven Massage,massage therapist,Alamo,4.9,1600,True,real,https://oakhavenmassage.com/,,(210) 492-0440,3,top rated massage therapist near Alamo tx
HOT,99,"Compassion Dental of Harlingen/Ricardo Guillen, DDS",cosmetic dentist,Harlingen,5.0,315,True,real,https://www.compassiondentalharlingen.com/,822 E Harrison Ave,(956) 428-4434,3,best cosmetic dentist in Harlingen texas
HOT,99,J. Castillo Cosmetic & Family Dentistry,cosmetic dentist,Pharr,4.9,910,True,real,https://castillocosmeticdentistry.com/,Closes soon,(956) 305-3172,3,best cosmetic dentist in Pharr texas
HOT,99,Affordable Dentist Near Me of Longview,cosmetic dentist,Hidalgo,4.9,708,True,real,Dr.Nat,,,3,best cosmetic dentist in Hidalgo texas
HOT,99,YMR Veterinary Services,veterinarian,McAllen,4.7,208,True,real,https://ymrvet.com/,1912 Beaumont Ave,(956) 306-8868,3,veterinarian in McAllen tx
HOT,99,Valley Animal Hospital,veterinarian,McAllen,4.7,592,True,real,http://www.valleyanimal.net/,,(956) 787-2709,3,best veterinarian in McAllen texas
HOT,99,Four Paws Animal Hospital,veterinarian,Edinburg,4.5,331,True,real,http://fourpawsanimalhospital.biz/,20+ years in business,(956) 383-2202,3,veterinarian in Edinburg tx
HOT,99,Altas Palmas Animal Clinic,veterinarian,Harlingen,4.5,525,True,real,https://altaspalmas.com/,7+ years in business,(956) 423-3322,3,veterinarian in Harlingen tx
HOT,99,Texas Wellness Spay & Neuter Clinic,veterinarian,Pharr,4.6,907,True,real,https://www.txwellness.com/,,(956) 638-2970,3,best veterinarian in Pharr texas
HOT,99,Honnas Veterinary,veterinarian,Donna,4.9,869,True,real,https://honnasvet.com/?utm_source=gbp_organic&amp;utm_medium=organic&amp;utm_campaign=gbp,,(512) 518-5674,3,best veterinarian in Donna texas
HOT,99,Alamo Ranch Animal Hospital,veterinarian,Alamo,4.5,344,True,real,http://alamoranchvets.com/?utm_source=yext&amp;utm_medium=organic&amp;utm_campaign=alamoranch,Closes soon,(210) 538-7484,3,veterinarian in Alamo tx
HOT,99,Alamo Heights Pet Clinic,veterinarian,Alamo,4.6,354,True,real,http://www.alamoheightspetclinic.com/,,(210) 821-5544,3,top rated veterinarian near Alamo tx
HOT,99,Rio Rico Ranch Equine Breeding Facility,veterinarian,Mercedes,4.5,227,True,real,https://rgvequineservices.com/,10+ years in business,(956) 514-5500,3,top rated veterinarian near Mercedes tx
HOT,99,Hawkins Pet & Exotic Animal Clinic,veterinarian,Hidalgo,4.6,268,True,real,http://hawkinsanimalclinic.com/,,(903) 769-2331,3,top rated veterinarian near Hidalgo tx
HOT,99,Villalobos Law Firm,divorce attorney,McAllen,4.9,635,True,real,http://villaloboslawfirm.com/,30+ years in business,(956) 682-3939,3,divorce attorney in McAllen tx
HOT,99,South TX Family Law,divorce attorney,San Benito,4.9,644,True,real,https://www.ldheard.com/,,(210) 775-0353,3,top rated divorce attorney near San Benito tx
HOT,99,"Varghese Summersett (Lawyers: Personal Injury, Criminal Defense, Family and Divorce)",divorce attorney,Donna,4.9,1300,True,real,https://www.versustexas.com/,,(817) 203-2220,3,divorce attorney in Donna tx
HOT,99,CRV Construction,general contractor,McAllen,4.9,219,True,real,https://www.crvconstruction.com/,Closes soon,(956) 467-0455,3,general contractor in McAllen tx
HOT,99,La Femme Beauty Lounge,hair salon,Los Fresnos,5.0,354,True,real,https://www.lafemmebeautylounge.net/,Closes soon,(281) 818-4483,3,top rated hair salon near Los Fresnos tx
HOT,99,Western Finance,accountant,Mercedes,4.9,201,True,real,https://westernshamrock.com/locations/texas/western-finance-mercedes-tx?utm_source=google&amp;utm_medium=organic&amp;utm_campaign=gbp+western+finance+mercedes+tx+location,15+ years in business,(956) 514-0292,3,best accountant in Mercedes texas
HOT,99,Palazzio Event Center,catering,Alamo,4.7,272,True,real,http://www.palazzioevent-center.com/,Closes soon,(956) 283-0403,3,catering in Alamo tx
HOT,99,Herm's Smokehouse,catering,Los Fresnos,4.8,254,True,real,https://www.hermssmokehouse.net/,Closed,(956) 254-2063,3,catering in Los Fresnos tx
HOT,99,Tijerina Family & Cosmetic Dentistry of McAllen,dentist,McAllen,5.0,516,True,real,https://www.tijerinadentistry.com/,4121 N 22nd St,(956) 687-6103,3,best dentist in McAllen texas
HOT,99,Palm Valley Dental,dentist,Edinburg,4.9,1300,True,real,https://mypalmvalleydental.com/?utm_source=google.com&amp;utm_medium=business+profile&amp;utm_campaign=,4649 S Jackson Rd,(956) 329-2808,3,best dentist in Edinburg texas
HOT,99,Mercy Dental,dentist,Edinburg,4.8,690,True,real,http://www.mercydentalgroup.com/,1905 E Monte Cristo Rd,(956) 720-4504,3,top rated dentist near Edinburg tx
HOT,99,Smith Dental,dentist,Mission,4.9,534,True,real,http://smithdentalrgv.com/,308 S Bryan Rd,(956) 585-2767,3,dentist in Mission tx
HOT,99,Key Dental,dentist,Brownsville,4.9,229,True,real,https://keydentalrgv.com/,1100 North Expy Suite B and C,(956) 382-6364,3,dentist in Brownsville tx
HOT,99,Agua Dental,dentist,Brownsville,4.9,2400,True,real,http://www.aguadentaltexas.com/,1873 Boca Chica Blvd,(956) 544-2482,3,best dentist in Brownsville texas
HOT,99,Agua Dental,dentist,Pharr,5.0,840,True,real,http://aguadentaltexas.com/,1233 S Cage Blvd #104,(956) 544-1806,3,top rated dentist near Pharr tx
HOT,99,Agua Dental,dentist,Weslaco,4.9,834,True,real,http://aguadentaltexas.com/,1503 N Texas Blvd,(956) 702-2401,3,best dentist in Weslaco texas
HOT,99,Rio Grande Family Dental,dentist,Rio Grande City,4.8,320,True,real,https://riograndefamilydental.com/,,(915) 603-4633,3,best dentist in Rio Grande City texas
HOT,99,Valley Healing Hands LLC,physical therapist,Brownsville,5.0,366,True,real,http://www.valleyhealinghands.com/,1225 Frontage Rd #2A,(956) 667-5050,3,physical therapist in Brownsville tx
HOT,99,Surge Mobile Physical Therapy,physical therapist,Brownsville,5.0,299,True,real,https://surgemobilephysicaltherapy.com/olmito/,,(956) 413-7799,3,top rated physical therapist near Brownsville tx
HOT,99,Weslaco Regional Rehabilitation Hospital,physical therapist,Weslaco,5.0,389,True,real,http://wrrh.ernesthealth.com/,906 James St,(956) 969-2222,3,best physical therapist in Weslaco texas
HOT,99,Airrosti Alamo Ranch,physical therapist,Alamo,4.9,414,True,real,https://www.airrosti.com/location/texas/san-antonio-11153-westwood-loop-alamo/,,(210) 940-4091,3,best physical therapist in Alamo texas
HOT,99,Allure Dermatology: Dr. Norma Magee,dermatologist,Edinburg,4.6,328,True,real,https://allure-derm.com/?utm_source=google&amp;utm_medium=organic&amp;utm_campaign=gbp,5009 S McColl Rd suite b,(956) 630-3376,3,dermatologist in Edinburg tx
HOT,99,Revelus Dermatology,dermatologist,San Benito,4.8,2300,True,real,https://revelusdermatology.com/?utm_source=google/waze%20maps&amp;utm_medium=organic%20maps&amp;utm_campaign=ongoing,Closes soon,(512) 815-2559,3,top rated dermatologist near San Benito tx
HOT,99,"Gemini Dermatology - Dr. Amit M. Patel, MD",dermatologist,Hidalgo,4.9,429,True,real,http://www.geminiderm.com/,Closes soon,(361) 808-4680,3,best dermatologist in Hidalgo texas
HOT,99,Dornburg Law,criminal defense attorney,Donna,5.0,362,True,real,https://www.dornburglaw.net/?npcmp=dir:local:5008845:77901,Closed,(361) 570-4444,3,top rated criminal defense attorney near Donna tx
HOT,99,The Law Office of Craig M. Greaves,criminal defense attorney,Mercedes,5.0,1300,True,real,http://www.greaveslaw.com/,,(979) 779-9388,3,best criminal defense attorney in Mercedes texas
HOT,99,Michael & Associates Criminal Defense Attorneys,criminal defense attorney,Los Fresnos,5.0,516,True,real,https://zealousadvocate.com/?utm_campaign=gmb&amp;utm_medium=googlemybusiness&amp;utm_source=google,,(512) 488-5775,3,best criminal defense attorney in Los Fresnos texas
HOT,99,Rick Canales Law Office,criminal defense attorney,Port Isabel,4.9,356,True,real,https://rickcanales.com/,Closed,(956) 546-7766,3,top rated criminal defense attorney near Port Isabel tx
HOT,99,"Robert J. Gonzalez, Attorney At Law",criminal defense attorney,South Padre Island,5.0,215,True,real,https://www.robertjgonzalez.com/,Closed,(361) 993-3333,3,top rated criminal defense attorney near South Padre Island tx
HOT,99,EDEL Roofing and Construction Inc.,roofing contractor,Edinburg,4.8,242,True,real,http://www.edelroofing.com/,Closed,(956) 997-9474,3,roofing contractor in Edinburg tx
HOT,99,Amstill Roofing,roofing contractor,Mercedes,4.9,1700,True,real,https://amstillroofing.com/houston-roofing/,,(281) 612-8747,3,top rated roofing contractor near Mercedes tx
HOT,99,Goodyear Auto Service,auto repair shop,Weslaco,4.7,344,True,real,https://www.goodyear.com/en-us/goodyearautoservice,1002 N Westgate Dr,(956) 968-2171,3,auto repair shop in Weslaco tx
HOT,99,Car Care 1,auto repair shop,Rio Grande City,4.8,309,True,real,https://www.carcarefirst.com/,7+ years in business,(956) 263-1862,3,auto repair shop in Rio Grande City tx
HOT,99,Woodhouse Spa - San Antonio - Quarry,day spa,Alamo,4.7,740,True,real,http://sanantonioquarry.woodhousespas.com/?utm_source=google&amp;utm_medium=yext,,(210) 822-8800,3,day spa in Alamo tx
HOT,97,RGV Orthodontics,orthodontist,McAllen,4.9,613,True,real,http://www.rgvorthodontics.com/,6316 North 10th Street building k,(956) 682-6114,4,top rated orthodontist near McAllen tx
HOT,95,Fancy Nails And Salon,nail salon,Mercedes,3.9,73,False,none,,,(956) 514-1300,1,nail salon in Mercedes tx
HOT,95,Iron Core Gym,gym,Harlingen,4.8,162,True,social,https://www.ironcoregymtx.com/,7+ years in business,(956) 216-7555,2,gym in Harlingen tx
HOT,95,Donna Eye Clinic & Optical,optometrist,Donna,2.8,82,False,none,,301 N D Salinas Blvd,(956) 464-8160,1,optometrist in Donna tx
HOT,95,Robert's Auto Repair,auto body shop,Port Isabel,4.8,121,True,social,https://www.facebook.com/pages/Roberts-Auto-Repair/154998974537174,10+ years in business,(956) 943-7333,2,best auto body shop in Port Isabel texas
HOT,95,Mesquite Valley Smokehouse,restaurant,Harlingen,4.4,86,False,none,,105 W Tyler Ave,,2,restaurant in Harlingen tx
HOT,95,Scott Electric Co,electrician,Weslaco,,956,True,real,https://www.scott-electric.com/,,(956) 968-9400,2,top rated electrician near Weslaco tx
HOT,95,My Hair Studio,hair salon,McAllen,4.8,104,True,social,https://www.facebook.com/myhairstudio2313/,,(956) 627-3305,2,hair salon in McAllen tx
HOT,95,"Paisano Income Tax, Insurance, Multiservices",accountant,Alamo,5.0,151,True,social,https://paisanotax.com/,5+ years in business,(956) 961-4900,2,accountant in Alamo tx
HOT,95,Elite Health & Rehab,physical therapist,Donna,,956,True,real,https://elitehealthrehab.com/mcallen-donna-corpus-christi/,221 N D Salinas Blvd,(956) 377-5786,2,physical therapist in Donna tx
HOT,95,Physio Plus,physical therapist,Hidalgo,5.0,123,True,social,http://www.physioplustx.com/,,(903) 492-5215,2,best physical therapist in Hidalgo texas
HOT,95,Castillo Roofing,roofing contractor,Harlingen,4.9,173,True,social,https://www.castillotx.com/,Closed,(956) 264-2477,2,best roofing contractor in Harlingen texas
HOT,95,Car Check Auto Service,auto repair shop,Pharr,4.2,66,False,none,,10+ years in business,(956) 787-7741,2,auto repair shop in Pharr tx
HOT,95,Woodhouse Spa - Highland Village,day spa,Mercedes,,817,True,real,http://highlandvillage.woodhousespas.com/?utm_source=google&amp;utm_medium=yext,,(817) 438-1772,2,top rated day spa near Mercedes tx
HOT,94,Mario Bros AC Heating LLC,hvac contractor,Weslaco,5.0,83,False,none,,,(956) 975-5928,3,hvac contractor in Weslaco tx
HOT,94,Lovely nails,nail salon,Rio Grande City,4.5,63,False,none,,,(956) 488-9708,3,top rated nail salon near Rio Grande City tx
HOT,94,Snap Insurance at Snap Cash Tax Services,insurance agent,Rio Grande City,4.9,54,False,none,,5+ years in business,(956) 317-1212,3,best insurance agent in Rio Grande City texas
HOT,94,Gold's Gym,gym,Pharr,4.0,232,True,real,https://www.goldsgym.com/pharrtx/,10+ years in business,(956) 781-4653,3,gym in Pharr tx
HOT,94,EC AUTO COLLISION,auto body shop,Brownsville,4.7,82,False,none,,10+ years in business,(956) 801-2204,3,auto body shop in Brownsville tx
HOT,94,Third Coast Paint & Kollision,auto body shop,Weslaco,5.0,94,False,none,,320 S Utah Ave Suite B,(956) 405-3180,3,best auto body shop in Weslaco texas
HOT,94,Petra & Pedro's Healing Hands Therapeutic Massage,massage therapist,Mission,4.5,73,False,none,,10+ years in business,(956) 583-3428,3,massage therapist in Mission tx
HOT,94,La Loncheria,restaurant,Weslaco,4.6,57,False,none,,1025 N Texas Blvd Ste 21i,,3,restaurant in Weslaco tx
HOT,94,Memestaurante Cafe,restaurant,Hidalgo,4.7,77,False,none,,2345 E Hwy 281 unit C,,3,best restaurant in Hidalgo texas
HOT,94,Carnes Asadas Don Omar,restaurant,Rio Grande City,4.8,63,False,none,,1202 W Main St,,3,best restaurant in Rio Grande City texas
HOT,94,Port Isabel Dental Associates,cosmetic dentist,South Padre Island,4.6,73,False,none,,Closes soon,,3,top rated cosmetic dentist near South Padre Island tx
HOT,94,WeekendVET,veterinarian,Brownsville,4.3,597,True,real,http://www.weekendvet.com/,7+ years in business,(956) 370-3600,3,veterinarian in Brownsville tx
HOT,94,Attitudes Hair Salon,hair salon,Edinburg,4.8,84,False,none,,,(956) 289-8933,3,hair salon in Edinburg tx
HOT,94,Vogue Hair & Co,hair salon,Harlingen,4.9,57,False,none,,,(956) 622-1185,3,best hair salon in Harlingen texas
HOT,94,Anthea Hair Salon,hair salon,San Benito,4.7,54,False,none,,Closes soon,(956) 361-3333,3,best hair salon in San Benito texas
HOT,94,Brenda's Beauty Salon,hair salon,Donna,4.8,66,False,none,,,(956) 309-1815,3,best hair salon in Donna texas
HOT,94,Twins Beauty Salon,hair salon,Port Isabel,4.9,72,False,none,,Closes soon,(956) 943-2625,3,best hair salon in Port Isabel texas
HOT,94,Campos Catering. LLC,catering,McAllen,4.9,75,False,none,,,,3,catering in McAllen tx
HOT,94,The Magnolia Tea Room & Events,catering,Mission,4.9,55,False,none,,1022 E Griffin Pkwy STE 107B,,3,catering in Mission tx
HOT,94,Maldonado Law,criminal defense attorney,Edinburg,4.9,53,False,none,,10+ years in business,(956) 381-4600,3,criminal defense attorney in Edinburg tx
HOT,94,McAllen Mobile Mechanic Service,auto repair shop,Edinburg,4.9,64,False,none,,,(956) 278-8258,3,top rated auto repair shop near Edinburg tx
HOT,94,Firestone Complete Auto Care,auto repair shop,Mission,4.1,240,True,real,https://www.firestonecompleteautocare.com/texas/mission/1101-e-9th-st/?utm_source=google&amp;utm_medium=organic&amp;utm_campaign=localmaps&amp;cmp=oloc_google_localmaps_maps,1101 E 9th St,(956) 205-0707,3,auto repair shop in Mission tx
HOT,94,AUTO TECHNOLOGY,auto repair shop,Brownsville,4.5,57,False,none,,7+ years in business,(956) 982-0363,3,auto repair shop in Brownsville tx
HOT,94,Oscar's Tire Shop,auto repair shop,Hidalgo,4.7,92,False,none,,10 E Coma Ave #2511,(956) 867-6028,3,best auto repair shop in Hidalgo texas
HOT,94,Dan's Auto Repairs,auto repair shop,Port Isabel,4.8,63,False,none,,10+ years in business,(956) 943-2778,3,auto repair shop in Port Isabel tx
HOT,94,Woodhouse Spa - Vintage,day spa,Hidalgo,4.4,398,True,real,http://vintage.woodhousespas.com/?utm_source=google&amp;utm_medium=yext,Closes soon,(281) 407-2802,3,best day spa in Hidalgo texas
HOT,92,The Country Vet,veterinarian,Harlingen,4.4,1400,True,real,https://thecountryvetcombes.com/,15+ years in business,(956) 423-2275,4,veterinarian in Harlingen tx
HOT,90,Allure Nails Spa,nail salon,Mission,5.0,30,False,none,,,(956) 424-0624,1,nail salon in Mission tx
HOT,90,Nails & Pedi Spa,nail salon,Pharr,5.0,33,False,none,,,(956) 510-8820,1,nail salon in Pharr tx
HOT,90,Nail Artistry & Spa,nail salon,Weslaco,5.0,33,False,none,,,(956) 503-5692,1,nail salon in Weslaco tx
HOT,90,Fitness Express LLC,gym,Donna,4.6,28,False,none,,10+ years in business,,1,gym in Donna tx
HOT,90,Iron Asylum Fitness Gym,gym,Los Fresnos,4.5,39,False,none,,5+ years in business,(956) 233-2800,1,gym in Los Fresnos tx
HOT,90,Family Vision Care,optometrist,Pharr,3.9,70,False,none,,900 W Sam Houston Blvd Ste 5,(956) 781-3300,2,optometrist in Pharr tx
HOT,90,"Baez Law, PLLC",personal injury lawyer,South Padre Island,5.0,31,False,none,,5+ years in business,(956) 899-8999,1,personal injury lawyer in South Padre Island tx
HOT,90,Betancourt Landscaping Service LLC,landscaping,Edinburg,5.0,34,False,none,,,(956) 998-6223,1,landscaping in Edinburg tx
HOT,90,Hernandez Landscaping & Irrigation System,landscaping,Pharr,4.9,35,False,none,,Closes soon,(956) 601-9349,1,landscaping in Pharr tx
HOT,90,T C Autoworks Custom Paint,auto body shop,Donna,4.9,24,False,none,,10+ years in business,(956) 377-5955,1,auto body shop in Donna tx
HOT,90,325 Massage Studio,massage therapist,Weslaco,4.9,42,False,none,,325 Massage Studio,(956) 854-3278,1,massage therapist in Weslaco tx
HOT,90,The Dentist,cosmetic dentist,South Padre Island,5.0,31,False,none,,4912 Padre Blvd,(956) 761-1012,1,cosmetic dentist in South Padre Island tx
HOT,90,Veterinary Wellness Center,veterinarian,Edinburg,4.3,199,True,social,https://vetwelltx.com/,7+ years in business,(956) 386-9310,2,veterinarian in Edinburg tx
HOT,90,GMES Electric,electrician,Harlingen,4.7,39,False,none,,,(956) 264-4694,1,best electrician in Harlingen texas
HOT,90,RGV Remodeling & Construction Llc,general contractor,Mission,5.0,31,False,none,,Closes soon,(956) 321-3279,1,best general contractor in Mission texas
HOT,90,Norma's Beauty Salon,hair salon,San Benito,4.9,35,False,none,,Closes soon,(956) 399-7803,1,hair salon in San Benito tx
HOT,90,Hollywood Hair salon,hair salon,Rio Grande City,4.9,43,False,none,,,(956) 525-9651,1,hair salon in Rio Grande City tx
HOT,90,Salon Samuel's,hair salon,Port Isabel,5.0,34,False,none,,Closes soon,(956) 943-6170,1,best hair salon in Port Isabel texas
HOT,90,University Auto Clinic,auto repair shop,Edinburg,4.8,33,False,none,,7+ years in business,(956) 380-1303,1,auto repair shop in Edinburg tx
HOT,90,Valle Alto Auto Service,auto repair shop,Hidalgo,5.0,23,False,none,,3+ years in business,(956) 843-8161,1,best auto repair shop in Hidalgo texas
HOT,90,City Garage,auto repair shop,South Padre Island,4.9,28,False,none,,3305 Padre Blvd,(956) 761-1911,1,best auto repair shop in South Padre Island texas
HOT,89,"Jerry W. Duvall, DC",chiropractor,San Benito,4.4,56,False,none,,2480 W Business 77 Unit 09,(956) 425-6932,3,chiropractor in San Benito tx
HOT,89,Border Air Conditioning & Heating,hvac contractor,Donna,4.1,88,False,none,,,(956) 464-8534,3,hvac contractor in Donna tx
HOT,89,Sunshine Nails & Spa,nail salon,Harlingen,4.7,162,True,social,https://m.facebook.com/sunshine122020/,,(956) 496-2230,3,nail salon in Harlingen tx
HOT,89,Alpha Fitness,gym,Brownsville,4.9,155,True,social,https://www.alphafitnesstx.com/,7+ years in business,(956) 312-6689,3,best gym in Brownsville texas
HOT,89,Hammond Vision Center,optometrist,Edinburg,4.3,60,False,none,,2506 E Richardson Rd,(956) 720-4000,3,optometrist in Edinburg tx
HOT,89,"Bud's Quality Plumbing, Inc.",plumber,Harlingen,4.3,73,False,none,,Closes soon,(956) 423-3421,3,plumber in Harlingen tx
HOT,89,Collision Worx of Mission,auto body shop,Mission,4.7,194,True,social,https://www.collisionworxx.com/,3+ years in business,(956) 591-0323,3,auto body shop in Mission tx
HOT,89,Collision Worx of McAllen,auto body shop,Pharr,4.7,154,True,social,https://www.collisionworxx.com/?utm_source=omg-gbp&amp;utm_medium=webclick,Closes soon,(956) 331-8509,3,top rated auto body shop near Pharr tx
HOT,89,"24/7 Collision Service Outlet, L.L.C.",auto body shop,Mercedes,,956,True,real,http://www.247cso.com/,"24/7 Collision Service Outlet, L.L.C.",(956) 277-0430,3,top rated auto body shop near Mercedes tx
HOT,89,Peacock General Contractor Inc,general contractor,Harlingen,,956,True,real,https://business.harlingen.com/list/member/peacock-general-contractors-inc-193,801 E Grimes St,(956) 423-6733,3,top rated general contractor near Harlingen tx
HOT,89,"WYCOTAX - #1 Income Tax, Payroll & Bookkeeping Company",accountant,Harlingen,5.0,177,True,social,https://wycotax.com/,"WYCOTAX - #1 Income Tax, Payroll & Bookkeeping Company",(956) 425-9926,3,accountant in Harlingen tx
HOT,89,Woodhouse Spa - Odessa,day spa,Mercedes,,432,True,real,https://locations.woodhousespas.com/dir/tx/odessa/414-north-grant-avenue,,(432) 225-6166,3,top rated day spa near Mercedes tx
HOT,85,Chiropractic Center of McAllen,chiropractor,McAllen,5.0,192,True,real,https://chiromcallen.com/,3515 N 10th St,(956) 687-7705,1,chiropractor in McAllen tx
HOT,85,"Anthony J. Flaig, DC",chiropractor,Port Isabel,5.0,20,False,none,,402 S Garcia St,(956) 943-9943,2,chiropractor in Port Isabel tx
HOT,85,South Texas Urgent Care Center,urgent care,Harlingen,4.8,128,True,real,https://www.sotxucc.com/,1901 Pease St,(956) 205-1244,1,best urgent care in Harlingen texas
HOT,85,RGV Urgent Care,urgent care,Donna,4.8,108,True,real,https://rymaps.xyz/business/rgv-urgent-care-c7ghe2,,956-223-1700,1,best urgent care in Donna texas
HOT,85,Jk Medical Clinic Los Fresnos,urgent care,Los Fresnos,4.5,147,True,real,https://jkmedicalclinic.com/,327 W Ocean Blvd,(956) 233-2933,1,urgent care in Los Fresnos tx
HOT,85,General HVAC LLC,hvac contractor,Harlingen,4.9,131,True,real,https://www.genacr.com/,,(956) 343-7712,1,best hvac contractor in Harlingen texas
HOT,85,CAM AIR A/C & HEATING LLC,hvac contractor,Mercedes,4.8,123,True,real,https://camairacheating.com/,,(956) 619-1738,1,hvac contractor in Mercedes tx
HOT,85,Nails Time Rio Grande City,nail salon,Rio Grande City,4.6,109,True,real,http://nailstimeriograndecity.com/,,(956) 488-2929,1,nail salon in Rio Grande City tx
HOT,85,K&K Nail Studio,nail salon,Rio Grande City,5.0,26,False,none,,,(956) 263-1516,2,nail salon in Rio Grande City tx
HOT,85,A-MAX Auto Insurance,insurance agent,Mission,4.5,102,True,real,https://www.amaxinsurance.com/find-an-office/mission?utm_source=google&amp;utm_medium=organic&amp;utm_campaign=gmb,7+ years in business,(956) 580-2000,1,insurance agent in Mission tx
HOT,85,The Pistokache Gym,gym,Pharr,4.8,122,True,real,https://pistokachegym.com/,3+ years in business,(956) 249-8907,1,gym in Pharr tx
HOT,85,Pulze Studio Gym,gym,Pharr,5.0,114,True,real,http://www.pulzefitnessstudio.com/,3+ years in business,(956) 477-4020,1,top rated gym near Pharr tx
HOT,85,Island Fitness,gym,South Padre Island,4.7,139,True,real,http://www.spislandfitness.com/,20+ years in business,(956) 761-4220,1,best gym in South Padre Island texas
HOT,85,Lui Lui Moving Company,moving company,Edinburg,4.6,141,True,real,https://www.luiluimoving.com/,,(956) 686-0580,1,moving company in Edinburg tx
HOT,85,Gorilla Moving Company,moving company,Mission,5.0,131,True,real,https://gorillamoves.ca/mission-moving-company/,,(844) 665-6683,1,moving company in Mission tx
HOT,85,"Lui Lui Moving, LLC",moving company,Brownsville,4.9,112,True,real,http://www.luiluimoving.com/,,(956) 686-0580,1,best moving company in Brownsville texas
HOT,85,Life Smiles - Dr.A,orthodontist,Brownsville,5.0,164,True,real,http://lifesmilesbraces.com/,4237 Frontage Rd 77 #1,(956) 513-0891,1,orthodontist in Brownsville tx
HOT,85,Mercedes Family Dentistry,orthodontist,Mercedes,5.0,120,True,real,http://www.mercedesfamilydentistry.com/,300 N Ohio Ave,(956) 565-2419,1,orthodontist in Mercedes tx
HOT,85,"Gary M. Schwarz, D.D.S., M.S.D. & Jorge A. Gonzales, D.D.S.",orthodontist,Mercedes,4.9,155,True,real,https://valleyoms.com/about/dr-schwarz/,5014 E Expressway 83,(956) 687-7141,1,top rated orthodontist near Mercedes tx
HOT,85,Los Fresnos Dental Center,orthodontist,Los Fresnos,4.9,138,True,real,http://losfresnosdental.com/,810 W Ocean Blvd,(956) 233-4400,1,orthodontist in Los Fresnos tx
HOT,85,San Benito Vision Source,optometrist,San Benito,4.8,188,True,real,http://www.sanbenitovisionsource.com/,801 N Sam Houston Blvd,(956) 361-7600,1,optometrist in San Benito tx
HOT,85,Starr Vision Center,optometrist,Rio Grande City,4.8,195,True,real,http://www.starrvisioncenter.com/,280 W 2nd St,(956) 488-0808,1,optometrist in Rio Grande City tx
HOT,85,Moore Law Firm - Car Accident & Personal Injury Attorneys,personal injury lawyer,Mission,5.0,111,True,real,https://moore-firm.com/mission/?utm_source=gbp&amp;utm_campaign=Mission,35+ years in business,(956) 276-8299,1,best personal injury lawyer in Mission texas
HOT,85,Alamo City Law Firm,personal injury lawyer,Alamo,4.6,128,True,real,https://www.alamocitylawfirm.com/,,(726) 227-4766,1,personal injury lawyer in Alamo tx
HOT,85,A&S Plumbing,plumber,Brownsville,4.9,20,False,none,,,(956) 204-1645,2,plumber in Brownsville tx
HOT,85,“Carrizales” Landscaping LLC. (RGV),landscaping,Mission,4.8,41,False,none,,,(956) 301-3869,2,best landscaping in Mission texas
HOT,85,Southern Stone and Soil,landscaping,Donna,4.6,151,True,real,http://www.southernnaturalstone.com/,Closed,(956) 464-0777,1,landscaping in Donna tx
HOT,85,Alegrias landscaping,landscaping,Donna,4.8,43,False,none,,Closes soon,(956) 715-1018,2,landscaping in Donna tx
HOT,85,Alamo City Tree Service & Landscaping,landscaping,Alamo,4.9,107,True,real,https://www.alamocitytreeserviceandlandscaping.com/,,(210) 887-7359,1,best landscaping in Alamo texas
HOT,85,Mission Paint & Body Shop,auto body shop,Mission,4.7,40,False,none,,10+ years in business,(956) 581-2302,2,auto body shop in Mission tx
HOT,85,Bert Ogden Mission Body Shop,auto body shop,Mission,4.5,179,True,real,https://www.bertogden.com/bert-ogden-mission-bodyshop/,5+ years in business,(956) 300-1352,1,best auto body shop in Mission texas
HOT,85,Caliber Collision,auto body shop,Weslaco,4.9,100,True,real,https://www.caliber.com/find-a-location/weslaco?utm_source=google&amp;utm_medium=gbp-profile&amp;utm_campaign=webform-GBPwebsite&amp;utm_content=&amp;utm_term=&amp;utm_id=0966,1305 E Interstate Hwy 2,(956) 864-0008,1,auto body shop in Weslaco tx
HOT,85,Gabriel Auto Technician,auto body shop,South Padre Island,4.8,21,False,none,,,(956) 346-3484,2,best auto body shop in South Padre Island texas
HOT,85,Kneaded Therapeutics,massage therapist,San Benito,4.9,108,True,real,https://www.massagebook.com/therapists/kneaded-therapeutics?src=external,7+ years in business,(956) 626-1584,1,best massage therapist in San Benito texas
HOT,85,Mayan Taqueria,restaurant,San Benito,4.9,36,False,none,,2680 W Business 77,,2,restaurant in San Benito tx
HOT,85,Pan De Vida Restaurant,restaurant,Donna,4.8,44,False,none,,116 S Main St,,2,best restaurant in Donna texas
HOT,85,Coutino's Burgers & More,restaurant,Rio Grande City,4.9,40,False,none,,410 E Main St,,2,best restaurant in Rio Grande City texas
HOT,85,Premier Martial Arts Harlingen,martial arts,Harlingen,4.8,100,True,real,http://www.rgvpma.com/,15+ years in business,(956) 428-5425,1,martial arts in Harlingen tx
HOT,85,Kang’s TaeKwonDo Harlingen,martial arts,Harlingen,4.8,25,False,none,,10+ years in business,(956) 361-4900,2,martial arts in Harlingen tx
HOT,85,Cosmetic Dental Associates - Alamo Ranch,cosmetic dentist,Alamo,5.0,169,True,real,https://www.33smile.com/,Closes soon,(210) 337-6453,1,cosmetic dentist in Alamo tx
HOT,85,Mid-Valley Dental: David L. Trevino DDS,cosmetic dentist,Mercedes,4.8,28,False,none,,302 N Texas Ave a,,2,best cosmetic dentist in Mercedes texas
HOT,85,Loving Paws Veterinary House Calls,veterinarian,Donna,4.8,107,True,real,https://lovingpawshousecalls.com/,,(972) 201-5342,1,best veterinarian in Donna texas
HOT,85,Alamo Animal Hospital,veterinarian,Alamo,4.9,112,True,real,https://www.alamovet.net/?utm_source=gmb&amp;utm_medium=organic&amp;y_source=1_MTUyMjkzMzAtNzE1LWxvY2F0aW9uLndlYnNpdGU%3D,,(925) 837-7246,1,veterinarian in Alamo tx
HOT,85,"Espinosa Law Firm, PLLC",divorce attorney,McAllen,4.8,149,True,real,http://www.espinosalawfirm.com/,15+ years in business,(956) 686-6490,1,divorce attorney in McAllen tx
HOT,85,"Pope & Peña P.C. | John Pope, Jay Peña and Team",divorce attorney,Rio Grande City,4.9,164,True,real,https://www.popepena.com/,7+ years in business,(956) 266-7858,1,divorce attorney in Rio Grande City tx
HOT,85,Resaca City Electric,electrician,Harlingen,5.0,22,False,none,,,(956) 633-4626,2,best electrician in Harlingen texas
HOT,85,2 Beauty Hair Salon,hair salon,Pharr,4.8,107,True,real,amazing.she,2 Beauty Hair Salon,(956) 533-6422,1,hair salon in Pharr tx
HOT,85,Mezcla Color Studio,hair salon,Pharr,5.0,33,False,none,,,(956) 844-6029,2,hair salon in Pharr tx
HOT,85,His & Her's Hair Salon,hair salon,Donna,4.9,36,False,none,,,(956) 442-9839,2,best hair salon in Donna texas
HOT,85,In Style Hair Studio,hair salon,Mercedes,4.8,32,False,none,,,(956) 565-4191,2,best hair salon in Mercedes texas
HOT,85,Innovations Beauty Salon,hair salon,Rio Grande City,4.9,35,False,none,,,(956) 263-1818,2,hair salon in Rio Grande City tx
HOT,85,The Crystal Rose Salon & Spa,hair salon,South Padre Island,4.7,137,True,real,http://thecrystalrosesalon.com/,Closed,(956) 772-8166,1,hair salon in South Padre Island tx
HOT,85,Island Hair Gallerie & Day Spa,hair salon,South Padre Island,5.0,20,False,none,,Closes soon,(956) 408-9317,2,best hair salon in South Padre Island texas
HOT,85,R&R Income Tax ~ Norma & Nora,accountant,Mercedes,4.6,31,False,none,,7+ years in business,(956) 514-9364,2,best accountant in Mercedes texas
HOT,85,La Borrada Cazuelas,catering,Weslaco,4.8,42,False,none,,Closed,(956) 491-7776,2,best catering in Weslaco texas
HOT,85,Core Rehab PT,physical therapist,Edinburg,5.0,144,True,real,http://www.corerehabpt.com/,4113 S Sugar Rd Suite 11,(956) 587-5852,1,physical therapist in Edinburg tx
HOT,85,"Terry Physical Therapy, PC",physical therapist,Mission,4.7,109,True,real,https://terrypt.com/physical-therapy-clinic/mission-texas/,1918 E Griffin Pkwy,(956) 694-5966,1,physical therapist in Mission tx
HOT,85,Performance Therapeutics - Harlingen,physical therapist,Harlingen,4.9,163,True,real,https://performancetherapeutics.com/,310 N Ed Carey Dr suite b,(956) 622-3105,1,physical therapist in Harlingen tx
HOT,85,Performance Therapeutics - Brownsville,physical therapist,Brownsville,5.0,152,True,real,https://performancetherapeutics.com/,1740 Boca Chica Blvd #500,(956) 561-4940,1,physical therapist in Brownsville tx
HOT,85,"Results Physiotherapy Alamo Ranch, TX",physical therapist,Alamo,4.9,146,True,real,https://www.resultspt.com/san-antonio-texas-alamo-ranch?utm_source=google&amp;utm_medium=organic&amp;utm_campaign=gmb,,(210) 419-8694,1,best physical therapist in Alamo texas
HOT,85,PRO~PT Physical Therapy Fresno North,physical therapist,Los Fresnos,4.8,143,True,real,https://pro-pt.net/about/locations/fresno-north/?utm_campaign=gmb,,(559) 553-1379,1,physical therapist in Los Fresnos tx
HOT,85,Performance Therapeutics - Rio Grande City,physical therapist,Rio Grande City,5.0,115,True,real,https://performancetherapeutics.com/,"201 N, FM 3167 Suite E",(956) 488-1999,1,physical therapist in Rio Grande City tx
HOT,85,"Dermatology Clinic of Harlingen - Oasis Dermatology Group, PLLC",dermatologist,Harlingen,4.7,112,True,real,https://oasisderm.com/dermatology-clinic-of-harlingen/,601 Sesame Dr,(956) 971-0404,1,dermatologist in Harlingen tx
HOT,85,Ried Pecina Trial Lawyers,criminal defense attorney,Harlingen,5.0,105,True,real,https://www.riedpecinatriallawyers.com/,3+ years in business,(956) 368-0000,1,criminal defense attorney in Harlingen tx
HOT,85,CJM Roofing,roofing contractor,Los Fresnos,5.0,168,True,real,https://cjm-roofing.com/,,(559) 826-0070,1,top rated roofing contractor near Los Fresnos tx
HOT,85,Best Auto Service,auto repair shop,McAllen,4.9,162,True,real,http://www.bestautoservice.net/,5+ years in business,(956) 800-4086,1,auto repair shop in McAllen tx
HOT,85,Campbell's Auto Service,auto repair shop,Alamo,4.8,39,False,none,,7+ years in business,(956) 789-3510,2,best auto repair shop in Alamo texas
HOT,85,Sapphire Spa,day spa,South Padre Island,4.5,135,True,real,http://www.sapphireluxuryspa.com/,Closed,(956) 389-8888,1,day spa in South Padre Island tx
HOT,85,Element Realty,real estate agent,Edinburg,5.0,158,True,real,http://theelementrealty.com/,3+ years in business,(956) 624-7036,1,real estate agent in Edinburg tx
HOT,85,"Margiee Fender, Realtor - Weslaco",real estate agent,Weslaco,5.0,100,True,real,http://www.margiee.com/,,(956) 332-0085,1,best real estate agent in Weslaco texas
HOT,85,"Brandon and Audrey Team, Real Estate Agents, Keller Williams Realty LRGV",real estate agent,San Benito,5.0,28,False,none,,,(956) 245-0978,2,top rated real estate agent near San Benito tx
HOT,85,"TX SOLD LLC Kristy Parker, Broker",real estate agent,Los Fresnos,4.9,44,False,none,,,(830) 433-0101,2,top rated real estate agent near Los Fresnos tx
HOT,84,Tip To Toe,nail salon,Port Isabel,3.7,55,False,none,,Closed,(956) 433-5232,3,nail salon in Port Isabel tx
HOT,84,Dr Beardsley's Super Optical,optometrist,Pharr,2.8,68,False,none,,1313 S Cage Blvd,(956) 783-5500,3,optometrist in Pharr tx
HOT,80,The Joint Chiropractic,chiropractor,Brownsville,4.5,159,True,real,https://www.thejoint.com/texas/brownsville/brownsville-north-28095,3230 Pablo Kisel Blvd,(956) 374-2269,2,chiropractor in Brownsville tx
HOT,80,Alamo Heights Chiropractic Health Center,chiropractor,Alamo,4.9,196,True,real,https://www.alamoheightschiropractic.com/,Closes soon,(210) 828-9211,2,best chiropractor in Alamo texas
HOT,80,Laguna Madre Chiropractic,chiropractor,Port Isabel,5.0,13,False,none,,402 S Garcia St,(956) 943-9943,1,chiropractor in Port Isabel tx
HOT,80,"The Law Office of Francisco Tinoco, P.C. - Abogado de Inmigración - Immigration Attorney",immigration lawyer,McAllen,4.5,195,True,real,https://www.avvo.com/attorneys/77056-tx-jfrancisco-tinoco-725932.html,15+ years in business,(956) 683-8300,2,best immigration lawyer in McAllen texas
HOT,80,The Law Office of Jorge De La Fuente,immigration lawyer,Brownsville,4.9,191,True,real,http://abogadojorgedelafuente.com/,7+ years in business,(956) 641-8730,2,best immigration lawyer in Brownsville texas
HOT,80,Middleton Air,hvac contractor,Los Fresnos,5.0,106,True,real,https://www.middletonair.com/,Closed,(956) 266-5312,2,best hvac contractor in Los Fresnos texas
HOT,80,CQR Kitchen and Bath,home remodeler,Edinburg,4.9,162,True,real,https://cqrkitchenandbath.com/,20+ years in business,(956) 207-4175,2,home remodeler in Edinburg tx
HOT,80,Teamwork Home Designs - General Contractor Austin,home remodeler,Hidalgo,5.0,174,True,real,https://teamworkhomedesigns.com/,,(512) 757-3760,2,best home remodeler in Hidalgo texas
HOT,80,Friends Nails and Beauty Salon,nail salon,Harlingen,4.8,187,True,real,https://www.vagaro.com/friendsnailsandbeautysalon/services,,(956) 368-5040,2,nail salon in Harlingen tx
HOT,80,The Nail Addicts,nail salon,Pharr,4.9,115,True,real,http://nailaddicts.me/,,(956) 673-7730,2,nail salon in Pharr tx
HOT,80,Siempre bella beauty and nail salon,nail salon,San Benito,5.0,18,False,none,,,(956) 564-2978,1,nail salon in San Benito tx
HOT,80,Lumos Nail Bar,nail salon,Los Fresnos,4.9,170,True,real,http://www.lumosnailbar.com/,,(936) 525-7579,2,top rated nail salon near Los Fresnos tx
HOT,80,Insurance Advisors Agency IAA,insurance agent,McAllen,5.0,143,True,real,http://www.ilovemedicare.com/,7+ years in business,(956) 682-6277,2,best insurance agent in McAllen texas
HOT,80,Insurance Advisors Agency (IAA),insurance agent,Brownsville,4.9,132,True,real,http://ilovemyhealthplan.com/,7+ years in business,(956) 542-3535,2,best insurance agent in Brownsville texas
HOT,80,A-MAX Auto Insurance,insurance agent,Pharr,4.5,143,True,real,https://www.amaxinsurance.com/find-an-office/cage-boulevard?utm_source=google&amp;utm_medium=organic&amp;utm_campaign=gmb,7+ years in business,(956) 783-3000,2,insurance agent in Pharr tx
HOT,80,Galvan Insurance Agency,insurance agent,Donna,4.5,132,True,real,http://www.galvaninsuranceagency.com/,25+ years in business,(956) 464-2886,2,insurance agent in Donna tx
HOT,80,Erick Diaz: Allstate Insurance,insurance agent,Donna,4.8,118,True,real,https://agents.allstate.com/erick-diaz-donna-tx.html?utm_source=GMB&amp;utm_medium=Website,5+ years in business,(956) 377-2277,2,best insurance agent in Donna texas
HOT,80,insurance corner RGV-LadyRifas,insurance agent,Los Fresnos,4.1,38,False,none,,10+ years in business,(956) 233-5005,2,best insurance agent in Los Fresnos texas
HOT,80,F.I.T Lab Fitness Mission,gym,Mission,4.8,131,True,real,https://www.fitlabfacilities.com/,5+ years in business,(956) 997-0076,2,gym in Mission tx
HOT,80,Rock Star Moving Company,moving company,McAllen,4.8,164,True,real,http://www.rockstarmovingco.com/,Closes soon,(956) 530-4787,2,moving company in McAllen tx
HOT,80,Toothday Family Dentistry,orthodontist,Donna,4.9,175,True,real,https://toothday.com/,309 N D Salinas Blvd,(956) 461-2424,2,orthodontist in Donna tx
HOT,80,Los Fresnos Family Dentistry,orthodontist,Los Fresnos,4.2,40,False,none,,209 N Arroyo Blvd,(956) 233-5100,2,orthodontist in Los Fresnos tx
HOT,80,Dr. Kim Lim,optometrist,San Benito,4.1,35,False,none,,1126 US-77 BUS,(956) 399-1500,2,optometrist in San Benito tx
HOT,80,Walmart Vision & Glasses,optometrist,Los Fresnos,5.0,181,True,real,https://www.walmart.com/store/2765-los-fresnos-tx/vision-center?veh=seo_loc,1004 W Ocean Blvd,(956) 233-1873,2,optometrist in Los Fresnos tx
HOT,80,Walmart Vision & Glasses,optometrist,Port Isabel,5.0,128,True,real,https://www.walmart.com/store/413-port-isabel-tx/vision-center?veh=seo_loc,1401 TX-100,(956) 943-4234,2,optometrist in Port Isabel tx
HOT,80,"Brasure Law Firm, PLLC",personal injury lawyer,Edinburg,5.0,175,True,real,https://www.brasurelaw.com/,15+ years in business,(956) 686-3555,2,best personal injury lawyer in Edinburg texas
HOT,80,The Lopez Law Group,personal injury lawyer,Weslaco,4.9,120,True,real,https://fernandojlopez.com/?utm_source=google&amp;utm_medium=organic&amp;utm_campaign=gbp-weslaco,15+ years in business,(956) 692-1619,2,personal injury lawyer in Weslaco tx
HOT,80,Patino Law Firm,personal injury lawyer,Alamo,4.9,148,True,real,https://www.patinolawoffice.com/san-antonio-personal-injury-lawyer/,,(210) 646-9100,2,top rated personal injury lawyer near Alamo tx
HOT,80,Charlie’s Plumbing Service,plumber,Edinburg,4.7,127,True,real,https://www.charliesplumbingservice.com/,,(956) 383-4346,2,best plumber in Edinburg texas
HOT,80,"A.V. Plumbing, LLC",plumber,Pharr,4.8,103,True,real,http://avplumbingllc.com/,Closes soon,(956) 618-3015,2,best plumber in Pharr texas
HOT,80,Alamo Plumbing Solutions drain & sewer experts,plumber,Alamo,4.8,122,True,real,http://www.alamoplumbingsolutions.com/,,(210) 670-5325,2,plumber in Alamo tx
HOT,80,Daniels Plumbing Pro LLC,plumber,Hidalgo,4.9,154,True,real,https://danielsplumbingpro.com/,,(430) 260-9121,2,plumber in Hidalgo tx
HOT,80,"Day & Night Plumbing, LLC",plumber,South Padre Island,5.0,122,True,real,http://www.daynightplumbingllc.com/,,(361) 730-7011,2,best plumber in South Padre Island texas
HOT,80,RGV Elite Lawn Care,landscaping,Brownsville,5.0,110,True,real,http://www.rgvelitelawncare.com/,,(956) 676-9070,2,top rated landscaping near Brownsville tx
HOT,80,Rojas Yard Service Roys,landscaping,Weslaco,5.0,79,True,social,https://www.facebook.com/RojasYardService/,,(956) 521-9036,1,landscaping in Weslaco tx
HOT,80,J & D Auto Collision,auto body shop,Mission,4.2,137,True,real,http://www.jdcollision.com/,10+ years in business,(956) 580-2810,1,auto body shop in Mission tx
HOT,80,CARSTAR Collision Specialists of Brownsville,auto body shop,Brownsville,4.6,133,True,real,https://www.carstar.com/locations/tx/brownsville-15383/,5+ years in business,(956) 831-5800,2,auto body shop in Brownsville tx
HOT,80,"MVP Body & Paint, LLC",auto body shop,San Benito,4.8,17,False,none,,7+ years in business,(956) 626-2291,1,best auto body shop in San Benito texas
HOT,80,Alamo Ranch Collision LLC,auto body shop,Alamo,4.8,185,True,real,https://www.alamoranchcollision.com/,Closes soon,(210) 254-9701,2,top rated auto body shop near Alamo tx
HOT,80,Spa La Posada,massage therapist,Harlingen,4.7,118,True,real,http://spalaposada.com/harlingen,25+ years in business,(956) 412-6363,2,best massage therapist in Harlingen texas
HOT,80,ThaiRelax Spa,massage therapist,Brownsville,4.9,111,True,real,https://www.thairelaxspa.com/,1213 E Alton Gloor Blvd Suite E,(956) 538-9251,2,massage therapist in Brownsville tx
HOT,80,C Contreras LMT,massage therapist,Donna,5.0,9,False,none,,,(956) 342-6495,1,massage therapist in Donna tx
HOT,80,Doggos Fashion Hidalgo Tx,restaurant,Hidalgo,4.5,14,False,none,,422 E Ramon Ayala Dr,,1,restaurant in Hidalgo tx
HOT,80,Antojitos Tere #2,restaurant,Hidalgo,5.0,15,False,none,,902 S Second St,,1,best restaurant in Hidalgo texas
HOT,80,Koulikov Grappling Academy,martial arts,Edinburg,5.0,191,True,real,http://www.sambofusion.com/,7+ years in business,(845) 421-8809,2,martial arts in Edinburg tx
HOT,80,Kuk Sool Won Martial Arts Training Center,martial arts,Brownsville,5.0,174,True,real,http://brownsvillemartialartscenter.com/,30+ years in business,(956) 371-8431,2,martial arts in Brownsville tx
HOT,80,"Dr. Adam M. Lalonde, DDS",cosmetic dentist,Los Fresnos,5.0,113,True,real,http://www.losfresnosdental.com/,810 W Ocean Blvd,(956) 233-4400,2,cosmetic dentist in Los Fresnos tx
HOT,80,"Dr. Adam M. Lalonde, DDS",cosmetic dentist,Los Fresnos,5.0,113,True,real,Dr.Lalonde,810 W Ocean Blvd,,2,top rated cosmetic dentist near Los Fresnos tx
HOT,80,Law Office of Robert J. Salinas & Assoc.,divorce attorney,Donna,5.0,5,False,none,,10+ years in business,(956) 464-2460,1,divorce attorney in Donna tx
HOT,80,Smileys Electric LLC,electrician,Weslaco,5.0,9,False,none,,,(956) 246-5222,1,best electrician in Weslaco texas
HOT,80,BY THE BAY ELECTRIC,electrician,Port Isabel,5.0,53,True,social,http://www.bythebayelectrictx.com/,Closed,(956) 433-5350,1,electrician in Port Isabel tx
HOT,80,"DLG Hairstylist, LLC.",hair salon,McAllen,4.9,123,True,real,http://www.dlghairstylist.com/,Closed,(956) 601-9311,2,best hair salon in McAllen texas
HOT,80,FIVE S SALON,hair salon,Harlingen,4.7,101,True,real,https://www.vagaro.com/us04/fivessalon,,(956) 496-2120,2,best hair salon in Harlingen texas
HOT,80,Backstage Hair & Makeup,hair salon,Brownsville,4.7,166,True,real,https://beacons.ai/backstagehairpro,,(956) 435-2599,2,hair salon in Brownsville tx
HOT,80,O&M Tax & Business Advisory,accountant,Edinburg,5.0,116,True,real,https://onmservices.com/,15+ years in business,(956) 855-3880,2,accountant in Edinburg tx
HOT,80,Garduño Tax & Associates,accountant,Brownsville,4.9,86,True,social,https://gardunotax.com/,10+ years in business,(956) 542-2245,1,accountant in Brownsville tx
HOT,80,Paisano Tax - Pharr,accountant,Pharr,5.0,68,True,social,https://paisanotax.com/,1234 S Cage Blvd,(956) 601-0080,1,accountant in Pharr tx
HOT,80,Resendez Financial Inc,accountant,San Benito,5.0,8,False,none,,5+ years in business,(956) 361-9377,1,accountant in San Benito tx
HOT,80,Correa Tax Services,accountant,Hidalgo,5.0,15,False,none,,10+ years in business,(956) 843-8044,1,accountant in Hidalgo tx
HOT,80,Casa Mariposa Venue & Villas,catering,South Padre Island,4.7,122,True,real,https://casamariposaspi.com/,Closes soon,(956) 433-5806,2,top rated catering near South Padre Island tx
HOT,80,Rio Grande City Pediatric Dentistry,dentist,Rio Grande City,4.8,107,True,real,https://www.riopediatricdentistry.com/,"5342 E US Hwy 83 Bldg C, Ste 3",(956) 317-1365,2,best dentist in Rio Grande City texas
HOT,80,Doctor's Physical Therapy & Sports Institute,physical therapist,Edinburg,4.9,147,True,real,https://www.dptsi.org/,5216 S Jackson Rd,(956) 205-2704,2,physical therapist in Edinburg tx
HOT,80,Back To Action Physical Therapy,physical therapist,Harlingen,4.9,126,True,real,http://www.back-to-action.com/,1801 N Ed Carey Dr STE C,(956) 428-8951,2,physical therapist in Harlingen tx
HOT,80,Performance Therapeutics Physical Therapy - McAllen South,physical therapist,Pharr,5.0,196,True,real,https://performancetherapeutics.com/,,(956) 687-4555,2,physical therapist in Pharr tx
HOT,80,"Results Physiotherapy Alamo Heights, Texas",physical therapist,Alamo,4.8,135,True,real,https://www.resultspt.com/alamo-heights-texas?utm_source=google&amp;utm_medium=organic&amp;utm_campaign=gmb,,(210) 419-8555,2,best physical therapist in Alamo texas
HOT,80,New Stride Physical Therapy and Pilates,physical therapist,South Padre Island,4.9,133,True,real,http://www.newstridept.com/,,(361) 949-9898,2,best physical therapist in South Padre Island texas
HOT,80,Pediatric Dermatology Clinic of McAllen - Oasis Dermatology Group PLLC,dermatologist,McAllen,4.6,114,True,real,https://oasisderm.com/pediatric_dermatology_clinic_of_mcallen/,4609 N Jackson Rd,(956) 971-0404,2,dermatologist in McAllen tx
HOT,80,"Dr. Jay Walther, MD",dermatologist,Harlingen,4.3,37,False,none,,628 N Ed Carey Dr,(956) 423-1121,2,dermatologist in Harlingen tx
HOT,80,"The Christopher P. Cavazos Law Firm, PLLC",criminal defense attorney,McAllen,4.9,118,True,real,https://www.chriscavazoslaw.com/,7+ years in business,(956) 290-8911,2,criminal defense attorney in McAllen tx
HOT,80,Law Office of Dennis Ramirez,criminal defense attorney,Donna,4.0,30,False,none,,10+ years in business,(956) 461-2890,2,criminal defense attorney in Donna tx
HOT,80,"The Caine Law Firm, Professional Corporation",criminal defense attorney,Los Fresnos,4.9,161,True,real,http://www.fresnodefenseattorney.com/,,(559) 266-4529,2,best criminal defense attorney in Los Fresnos texas
HOT,80,"Law Office of Miguel A. Salazar, PLLC",criminal defense attorney,Los Fresnos,5.0,182,True,real,https://msalazarlawoffice.com/brownsville-injury-lawyer,,(956) 551-0513,2,top rated criminal defense attorney near Los Fresnos tx
HOT,80,Marva Roofing,roofing contractor,Edinburg,4.8,174,True,real,https://marvaroofing.com/?utm_source=google&amp;utm_medium=organic&amp;utm_campaign=gmb,,(956) 217-9989,2,best roofing contractor in Edinburg texas
HOT,80,SquadPro Roofing,roofing contractor,Mission,5.0,127,True,real,https://trustsquadpro.com/locations/roofing-companies-in-mission-tx/,,(956) 474-3037,2,roofing contractor in Mission tx
HOT,80,AMVAC Roofing,roofing contractor,Donna,5.0,19,False,none,,,(956) 961-9208,1,roofing contractor in Donna tx
HOT,80,Parker Automotive,auto repair shop,Harlingen,4.9,58,True,social,http://parkerautotx.com/,15+ years in business,(956) 535-3589,1,top rated auto repair shop near Harlingen tx
HOT,80,A & L Automotive Shop,auto repair shop,San Benito,3.6,27,False,none,,7+ years in business,(956) 320-4031,1,top rated auto repair shop near San Benito tx
HOT,80,Legacy Auto Repair and Services LLC,auto repair shop,Los Fresnos,5.0,10,False,none,,910 S Arroyo Blvd suite e 1,(956) 538-1788,1,auto repair shop in Los Fresnos tx
HOT,80,Martinez Auto Service,auto repair shop,Rio Grande City,4.6,17,False,none,,7+ years in business,(956) 716-6422,1,auto repair shop in Rio Grande City tx
HOT,80,Ivy Medspa,day spa,Edinburg,5.0,153,True,real,https://ivy-medspa.com/,2500 W Trenton Rd,(956) 331-8366,2,day spa in Edinburg tx
HOT,80,ESCO SPA & SALON,day spa,Rio Grande City,4.6,125,True,real,http://www.escospasalon.com/,10+ years in business,(956) 487-2959,2,best day spa in Rio Grande City texas
HOT,80,"Arnold Celis Realty, LLC",real estate agent,Harlingen,4.9,190,True,real,http://arnoldcelis.com/,25+ years in business,(956) 205-1753,2,real estate agent in Harlingen tx
HOT,80,Hortencia U. Villarreal - Coldwell Banker La Mansion Real Estate,real estate agent,Brownsville,5.0,112,True,real,http://www.xdeadline.com/index.cfm?action=brokermain&amp;brokerid=23833&amp;startrow=1&amp;actioncat=new&amp;realestate=BROWNSVILLE&amp;state=TX&amp;page=9,15+ years in business,(956) 459-0171,2,real estate agent in Brownsville tx
HOT,80,TNT Real Estate,real estate agent,Donna,4.9,151,True,real,http://forsalergv.com/,Closed,956-340-6653,2,real estate agent in Donna tx
HOT,80,TNT Real Estate,real estate agent,Donna,4.9,151,True,real,http://forsalergv.com/,Closed,(956) 340-6653,2,best real estate agent in Donna texas
HOT,79,E & J Construction LLC.,home remodeler,Pharr,5.0,23,False,none,,Closes soon,(956) 621-6366,3,best home remodeler in Pharr texas
HOT,79,Exclusive painting and remodeling,home remodeler,San Benito,5.0,26,False,none,,391 N Travis St,(956) 838-9922,3,home remodeler in San Benito tx
HOT,79,RJ's Home Repair & Remodeling,home remodeler,Rio Grande City,5.0,29,False,none,,,(936) 585-1660,3,home remodeler in Rio Grande City tx
HOT,79,Renewed Power Gym,gym,San Benito,5.0,25,False,none,,,(956) 320-5288,3,gym in San Benito tx
HOT,79,Eli’s Plumbing Services,plumber,Edinburg,4.9,29,False,none,,,(956) 478-1532,3,best plumber in Edinburg texas
HOT,79,A.G. Plumbing,plumber,Weslaco,4.8,46,False,none,,Closes soon,(956) 463-4116,3,plumber in Weslaco tx
HOT,79,Ricks Body Shop,auto body shop,Edinburg,4.9,36,False,none,,7+ years in business,(956) 295-8335,3,auto body shop in Edinburg tx
HOT,79,Alonso’s Auto Detailing and Body Shop,auto body shop,Donna,4.8,29,False,none,,Closes soon,(956) 283-4662,3,auto body shop in Donna tx
HOT,79,Total Therapy Mens Spa Pharr,massage therapist,Pharr,4.6,29,False,none,,10+ years in business,(956) 888-0777,3,massage therapist in Pharr tx
HOT,79,Lila's Therapeutic Massage,massage therapist,Weslaco,4.9,39,False,none,,7+ years in business,(956) 246-9129,3,massage therapist in Weslaco tx
HOT,79,Dirty South Cajun Comfort Food LLC,restaurant,Harlingen,4.9,49,False,none,,4111 S Expressway 83 Food trailer,,3,best restaurant in Harlingen texas
HOT,79,Bonilla's Italian & Steak House,restaurant,Alamo,4.7,34,False,none,,103 N Tower Rd,,3,best restaurant in Alamo texas
HOT,79,Navas BBQ,restaurant,Hidalgo,4.6,21,False,none,,708 S 1st St unit a,,3,restaurant in Hidalgo tx
HOT,79,"Raymond Cruz Best, DDS",cosmetic dentist,Rio Grande City,4.5,22,False,none,,419 E 2nd St,,3,best cosmetic dentist in Rio Grande City texas
HOT,79,Cargill Electric,electrician,Harlingen,4.9,27,False,none,,,(956) 456-4383,3,best electrician in Harlingen texas
HOT,79,33 DC Construction LLC,general contractor,Edinburg,5.0,21,False,none,,33 DC Construction LLC,(956) 515-9329,3,top rated general contractor near Edinburg tx
HOT,79,Hair Vision Style Club,hair salon,Mission,4.9,45,False,none,,Closes soon,(956) 424-9997,3,hair salon in Mission tx
HOT,79,R&R Income Tax ~ Norma & Nora,accountant,Mercedes,4.6,31,False,none,,7+ years in business,956-514-9364,3,accountant in Mercedes tx
HOT,79,"Raymond Cruz Best, DDS",dentist,Rio Grande City,4.5,22,False,none,,419 E 2nd St,(956) 487-2999,3,dentist in Rio Grande City tx
HOT,79,VallRod Construction,roofing contractor,Weslaco,4.8,43,False,none,,,(956) 376-7363,3,roofing contractor in Weslaco tx
HOT,79,"electron performance racing, fuel injection service lab , auto computer repair electric vehicle mecanic & towing",auto repair shop,Harlingen,4.5,32,False,none,,7+ years in business,(956) 264-3421,3,auto repair shop in Harlingen tx
HOT,79,V5 Automotive,auto repair shop,Weslaco,4.9,39,False,none,,V5 Automotive,(956) 756-4520,3,best auto repair shop in Weslaco texas
HOT,79,Lara's Auto Repair,auto repair shop,Donna,4.6,40,False,none,,20+ years in business,(956) 638-5914,3,best auto repair shop in Donna texas
HOT,79,Dario's Tire Shop,auto repair shop,Mercedes,4.8,25,False,none,,5+ years in business,(956) 684-1542,3,auto repair shop in Mercedes tx
HOT,75,Star Chiropractic Center,chiropractor,Weslaco,5.0,17,False,none,,1400 N Westgate Dr #103,(956) 973-2229,2,best chiropractor in Weslaco texas
HOT,75,Kaizen Clinical Partners (Donna Day & Night Clinic),urgent care,Donna,2.6,111,True,real,http://www.kaizenclinicalpartners.com/,2010 US-83 BUS,(956) 461-6666,1,urgent care in Donna tx
HOT,75,Advanced Urgent Care,urgent care,Donna,4.2,111,True,real,http://www.advancedurgentcare.org/,,(956) 405-3780,2,top rated urgent care near Donna tx
HOT,75,Tropical Health Care,urgent care,Port Isabel,4.4,64,True,social,https://www.facebook.com/Tropicalhealthcare/,413 Railroad St,(956) 202-0111,1,urgent care in Port Isabel tx
HOT,75,Abogado de Inmigración Manuel Solis,immigration lawyer,Harlingen,4.0,119,True,real,https://www.manuelsolis.com/es/oficinas/harlingen,35+ years in business,(956) 597-7090,2,immigration lawyer in Harlingen tx
HOT,75,Kitchen And Bath Remodels,home remodeler,Pharr,5.0,12,False,none,,30+ years in business,(956) 533-0839,2,best home remodeler in Pharr texas
HOT,75,"RGV Ideal Homes Construction, LLC",home remodeler,Weslaco,5.0,2,False,none,,Closes soon,(956) 355-8832,1,home remodeler in Weslaco tx
HOT,75,Hidalgo Roofing and Remodeling LLC,home remodeler,Hidalgo,5.0,11,False,none,,Closed,(956) 460-3489,2,home remodeler in Hidalgo tx
HOT,75,Vveva home remodeling,home remodeler,Port Isabel,5.0,1,False,none,,3+ years in business,(682) 561-0875,1,home remodeler in Port Isabel tx
HOT,75,Amour nails & beauty salon,nail salon,Mercedes,4.6,10,False,none,,,(956) 825-6251,2,nail salon in Mercedes tx
HOT,75,Code Black Fitness,gym,San Benito,4.2,5,False,none,,,(956) 264-2940,1,gym in San Benito tx
HOT,75,Piscis Emmy Gym,gym,Los Fresnos,5.0,50,True,social,https://www.facebook.com/share/16WY28NYh4/?mibextid=wwXIfr,31250 TX-100,(956) 280-3938,2,gym in Los Fresnos tx
HOT,75,Real Time Fitness & Juice Bar (gym),gym,Port Isabel,4.6,50,True,social,https://www.facebook.com/Realtimefitnessandjuicebar,5+ years in business,(956) 433-5400,2,gym in Port Isabel tx
HOT,75,Sommer Sculpt,gym,South Padre Island,5.0,18,False,none,,3800 Padre Blvd,(956) 755-9155,2,best gym in South Padre Island texas
HOT,75,Dr. Christopher Guillen,optometrist,Donna,4.5,11,False,none,,301 N Salinas Blvd # Avenue,(956) 464-8160,2,optometrist in Donna tx
HOT,75,Los Fresnos Eye Clinic-Optical,optometrist,Los Fresnos,2.4,121,True,real,https://www.losfresnoseyeclinic.com/,810 W Ocean Blvd STE C2,(956) 233-5252,1,optometrist in Los Fresnos tx
HOT,75,Martin's Sewer & Drain Clean,plumber,San Benito,4.4,7,False,none,,,(956) 792-9372,1,plumber in San Benito tx
HOT,75,JZ Plumbing LLC,plumber,San Benito,5.0,7,False,none,,,(956) 520-4208,2,plumber in San Benito tx
HOT,75,107 Landscaping,landscaping,Edinburg,5.0,6,False,none,,107 Landscaping,(956) 318-3911,2,landscaping in Edinburg tx
HOT,75,Del Rio Lawn Care,landscaping,Rio Grande City,4.6,10,False,none,,,(830) 734-3241,2,landscaping in Rio Grande City tx
HOT,75,Vic's Auto Rebuilders,auto body shop,Pharr,4.0,154,True,real,https://vicsautorgv.com/,55+ years in business,(956) 787-5084,2,auto body shop in Pharr tx
HOT,75,Body Shop Donna,auto body shop,Donna,4.6,5,False,none,,7+ years in business,(956) 586-8992,2,auto body shop in Donna tx
HOT,75,Heart & Soul Massage,massage therapist,Edinburg,5.0,9,False,none,,3+ years in business,(956) 345-2216,2,massage therapist in Edinburg tx
HOT,75,Masajes Manos Magicas,massage therapist,Donna,5.0,6,False,none,,125+ years in business,(830) 498-1324,2,massage therapist in Donna tx
HOT,75,MASSAGE BY CAROL,massage therapist,Los Fresnos,4.8,5,False,none,,3+ years in business,(956) 708-8023,2,massage therapist in Los Fresnos tx
HOT,75,Karlek Spa Massage Therapist,massage therapist,Rio Grande City,5.0,1,False,none,,5429 Palm St,(956) 573-1635,1,massage therapist in Rio Grande City tx
HOT,75,Banfield Pet Hospital,veterinarian,Harlingen,3.9,187,True,real,/aclk?sa=L&amp;ai=DChsSEwjQtI2h06WUAxUKFKIDHdlJDPQYACICCAEQARoCbGU&amp;ae=2&amp;co=1&amp;ase=2&amp;gclid=EAIaIQobChMI0LSNodOllAMVChSiAx3ZSQz0EBAYASAAEgL1cvD_BwE&amp;cid=CAASuwHkaKSU_l4SxbhGpZy-VZ7MmaDS9DI_Q8LYSkfX_VQN-udOPkmyiJO7kIfxvGzHg0INLTKC8vpRtZz5jP7g4J1FtIN_A5CJ-3aQuWhZ1K2oIVFgt0QPNUZk21q_Sa02KB2A-CDufYqId-Z-pLDJF3Hb7bxBF58quTS_D_Xz0xzh7nUj7_xvXm113mZfQeu1Bgb5MhDYnNv8cskCutblnXx7rh8679RtxgX_BJfQp1xb4k26wEoSQMsaBwrt&amp;cce=2&amp;category=acrcp_v1_71&amp;sig=AOD64_3E5Covc7Www61qtGc2hkrwHOHYiA&amp;q=&amp;nis=4&amp;ctype=99&amp;ved=2ahUKEwisl4ah06WUAxW3HRAIHaPRJEEQhKwBegQIKBAR&amp;adurl=,10+ years in business,(956) 631-3587,1,veterinarian in Harlingen tx
HOT,75,"Juan Ramos Law Group, PLLC",divorce attorney,Edinburg,4.2,127,True,real,http://www.juanramoslawfirm.com/,,(956) 398-5542,2,top rated divorce attorney near Edinburg tx
HOT,75,J De La O Electric,electrician,Mercedes,5.0,10,False,none,,Closed,(956) 565-0211,2,best electrician in Mercedes texas
HOT,75,Reliable Electric,electrician,Port Isabel,4.6,16,False,none,,Closed,(956) 943-5393,2,electrician in Port Isabel tx
HOT,75,"1OAK Contracting, LLC",general contractor,Donna,5.0,1,False,none,,3+ years in business,(956) 246-6915,1,best general contractor in Donna texas
HOT,75,GPA general construction LLC,general contractor,Mercedes,5.0,1,False,none,,,(956) 678-0255,1,general contractor in Mercedes tx
HOT,75,Kutz Unlimited,hair salon,San Benito,5.0,55,True,social,https://www.facebook.com/Kutz-Unlimited-184083661634330/,Closes soon,(956) 893-1813,2,best hair salon in San Benito texas
HOT,75,Nails and Hair by Brenda,hair salon,South Padre Island,4.3,137,True,real,http://spislabella.com/,Closed,(956) 943-7303,2,hair salon in South Padre Island tx
HOT,75,Rodriguez Income Tax,accountant,San Benito,4.8,19,False,none,,10+ years in business,(956) 399-6099,2,accountant in San Benito tx
HOT,75,Elizondo Bookkeeping Services,accountant,Mercedes,4.3,13,False,none,,10+ years in business,956-565-4691,1,accountant in Mercedes tx
HOT,75,Elizondo Bookkeeping Services,accountant,Mercedes,4.3,13,False,none,,10+ years in business,(956) 565-4691,1,best accountant in Mercedes texas
HOT,75,Fresno Small Business Solutions,accountant,Los Fresnos,4.7,3,False,none,,,(713) 992-9041,1,accountant in Los Fresnos tx
HOT,75,File Right,accountant,Port Isabel,5.0,1,False,none,,10+ years in business,(956) 943-3500,1,best accountant in Port Isabel texas
HOT,75,Dolce Coffee Catering,catering,McAllen,5.0,12,False,none,,4900 W Expy 83 Suite 124F,,2,catering in McAllen tx
HOT,75,The Magnolia Tea Room & Events,catering,Mission,4.9,55,True,social,https://www.facebook.com/themagnoliatearoom,,(956) 225-3168,2,best catering in Mission texas
HOT,75,Diamond Moon Events LLC,catering,Harlingen,5.0,5,False,none,,316 E Jackson Ave,,2,catering in Harlingen tx
HOT,75,"You order, I cook",catering,Harlingen,4.9,12,False,none,,,,2,top rated catering near Harlingen tx
HOT,75,"Las Cazuelas De ""REM""",catering,Brownsville,5.0,7,False,none,,,,2,catering in Brownsville tx
HOT,75,"You order, I cook",catering,San Benito,4.9,12,False,none,,20914 Landrum Park Rd,(956) 200-5083,2,top rated catering near San Benito tx
HOT,75,Fresno Catering Service,catering,Los Fresnos,5.0,13,False,none,,Closes soon,(559) 441-7134,2,catering in Los Fresnos tx
HOT,75,Karla's Katering,catering,Port Isabel,4.3,6,False,none,,,,1,catering in Port Isabel tx
HOT,75,"Doctors Dermatology : Zeeshan Afzal, MD",dermatologist,Edinburg,4.3,159,True,real,http://drsdermatology.com/,2601 W Trenton Rd,(956) 803-0180,2,dermatologist in Edinburg tx
HOT,75,Del Angel Auto Performance mobile mechanic,auto repair shop,Weslaco,5.0,8,False,none,,2013 Canyon Dr,(956) 355-4833,2,best auto repair shop in Weslaco texas
HOT,75,De Leon Tires & Auto Care LLC,auto repair shop,Hidalgo,4.9,14,False,none,,2401 US-281,(956) 530-3367,2,best auto repair shop in Hidalgo texas
HOT,75,Martinez Service Center,auto repair shop,Rio Grande City,4.5,11,False,none,,10+ years in business,(956) 487-2146,2,auto repair shop in Rio Grande City tx
HOT,75,Sylvia's Day Spa,day spa,Mercedes,4.6,9,False,none,,,(956) 472-7431,2,best day spa in Mercedes texas
HOT,75,BIG Realty | Real Estate | Rio Grande Valley,real estate agent,Edinburg,4.3,108,True,real,http://bigrealty.com/,10+ years in business,(956) 465-0011,2,real estate agent in Edinburg tx
WARM,74,Well Body,chiropractor,Mission,4.9,195,True,real,http://www.wellbodyco.com/,1229 E Griffin Pkwy Suite C,(956) 897-1248,3,best chiropractor in Mission texas
WARM,74,Rivera Chiropractic and Acupuncture Clinic - Chiropractor in Harlingen TX,chiropractor,Harlingen,4.9,161,True,real,https://drriverachiropractic.com/,814 E Harrison Ave,(956) 412-8551,3,best chiropractor in Harlingen texas
WARM,74,RGV Urgent Care,urgent care,Edinburg,4.8,108,True,real,https://rymaps.xyz/business/rgv-urgent-care-c7ghe2,,(956) 223-1700,3,top rated urgent care near Edinburg tx
WARM,74,Stat Specialty Hospital-Del Rio,urgent care,Rio Grande City,4.5,150,True,real,https://statspecialtyhospital.com/locations/del-rio/?utm_source=GBPlistingSSHwebsiteDelRio&amp;utm_medium=organic,,(830) 251-5248,3,top rated urgent care near Rio Grande City tx
WARM,74,The Echavarria Law Firm - Immigration attorney,immigration lawyer,Alamo,5.0,100,True,real,https://stxlegalgroup.com/,Closes soon,(210) 320-5633,3,top rated immigration lawyer near Alamo tx
WARM,74,AC Works and Refrigeration,hvac contractor,McAllen,4.9,118,True,real,https://theworksrgv.com/,Closes soon,(956) 928-9090,3,hvac contractor in McAllen tx
WARM,74,"ALAMO HVAC, LLC",hvac contractor,Alamo,4.9,121,True,real,http://www.alamohvac915.com/,Closed,(915) 407-0189,3,best hvac contractor in Alamo texas
WARM,74,Konpetan AC & Heating,hvac contractor,Los Fresnos,5.0,127,True,real,https://www.hvaccontractorfresnotexas.com/,,(832) 703-8647,3,best hvac contractor in Los Fresnos texas
WARM,74,Cactus Flower Interiors,home remodeler,South Padre Island,4.9,119,True,real,http://www.cactusflowerinteriors.com/?utm_source=gmb&amp;utm_medium=organic&amp;utm_campaign=Listing,10+ years in business,(956) 761-7771,3,best home remodeler in South Padre Island texas
WARM,74,Luxury Nail Bar,nail salon,Edinburg,4.6,133,True,real,https://luxurynailbaredinburg.com/,,(956) 329-1066,3,best nail salon in Edinburg texas
WARM,74,A-MAX Auto Insurance,insurance agent,Edinburg,4.7,165,True,real,https://www.amaxinsurance.com/find-an-office/closner-boulevard?utm_source=google&amp;utm_medium=organic&amp;utm_campaign=gmb,7+ years in business,(956) 383-8000,3,insurance agent in Edinburg tx
WARM,74,Freeway Insurance,insurance agent,Edinburg,4.9,181,True,real,https://locations.freeway.com/freeway-insurance-edinburg-tx-78539?utm_medium=directory&amp;utm_source=google&amp;utm_campaign=FTXEDI_Edinburg_TX,5+ years in business,(956) 467-5657,3,top rated insurance agent near Edinburg tx
WARM,74,Fiesta Auto Insurance & Tax Service,insurance agent,Brownsville,5.0,134,True,real,https://fiestainsurance.com/stores/fiesta-insurance-and-tax-brownsville-texas-tx079/,3+ years in business,(956) 546-4000,3,insurance agent in Brownsville tx
WARM,74,Amtex Insurance,insurance agent,Weslaco,4.9,186,True,real,https://www.amtexinsurance.com/,25+ years in business,(956) 854-4883,3,insurance agent in Weslaco tx
WARM,74,Fred Loya Insurance,insurance agent,Alamo,4.7,154,True,real,https://www.fredloya.com/,10+ years in business,(956) 787-3000,3,best insurance agent in Alamo texas
WARM,74,Walmart Vision & Glasses,optometrist,Donna,4.9,112,True,real,https://www.walmart.com/store/2763-donna-tx/vision-center?veh=seo_loc,900 S Salinas Blvd,(956) 464-2248,3,optometrist in Donna tx
WARM,74,Moore Law Firm - Car Accident & Personal Injury Attorneys,personal injury lawyer,Edinburg,5.0,168,True,real,https://moore-firm.com/edinburg/?utm_source=gbp&amp;utm_campaign=Edinburg,35+ years in business,(956) 303-9731,3,best personal injury lawyer in Edinburg texas
WARM,74,Moore Law Firm - Car Accident & Personal Injury Attorneys,personal injury lawyer,Weslaco,5.0,103,True,real,https://moore-firm.com/weslaco/?utm_source=gbp&amp;utm_campaign=Weslaco,35+ years in business,(956) 420-0025,3,personal injury lawyer in Weslaco tx
WARM,74,"The Law Giant, Personal Injury & Accident Lawyers",personal injury lawyer,San Benito,5.0,188,True,real,https://www.texaslegalgroup.com/harlingen-personal-injury-lawyer/?utm_source=google&amp;utm_medium=maps&amp;utm_campaign=harlingen&amp;st-t=harlingen,,(956) 628-7339,3,personal injury lawyer in San Benito tx
WARM,74,"John R. Solis, Attorney at Law",personal injury lawyer,Port Isabel,4.9,187,True,real,https://www.lawofficeofjohnsolis.com/,,(956) 718-2300,3,personal injury lawyer in Port Isabel tx
WARM,74,Mr. Rooter Plumbing of Brownsville,plumber,Brownsville,4.7,115,True,real,https://www.mrrooter.com/brownsville/?cid=LSTL_MRR000199&amp;utm_source=gmb&amp;utm_campaign=local&amp;utm_medium=organic,,(956) 267-4057,3,plumber in Brownsville tx
WARM,74,The Massage Studio,massage therapist,Brownsville,4.8,115,True,real,https://themassagestudiorgv.com/,10+ years in business,(956) 542-8700,3,massage therapist in Brownsville tx
WARM,74,8ight Limbs Academy,martial arts,Harlingen,4.9,104,True,real,http://the8ightlimbsacademy.com/?utm_source=google&amp;utm_medium=wix_google_business_profile&amp;utm_campaign=7288380977658559106,10+ years in business,(956) 454-6015,3,martial arts in Harlingen tx
WARM,74,"Gibbins Law, PLLC",divorce attorney,Donna,5.0,184,True,real,http://gibbinslaw.com/,,(903) 400-5881,3,best divorce attorney in Donna texas
WARM,74,Yates Electrical Services,electrician,Los Fresnos,5.0,129,True,real,http://www.yateselectricalservices.com/,,(409) 434-9439,3,top rated electrician near Los Fresnos tx
WARM,74,"Villa Del Sol Construction, LLC",general contractor,Hidalgo,4.5,112,True,real,https://villadelsolconstruction.com/,,(956) 739-0262,3,top rated general contractor near Hidalgo tx
WARM,74,Xclusive Hair Salon,hair salon,McAllen,4.7,185,True,real,https://www.myxclusivehairsalon.com/,,(956) 212-7909,3,hair salon in McAllen tx
WARM,74,Hair Solutions Day Spa,hair salon,Pharr,4.4,48,False,none,,,(956) 702-9987,3,hair salon in Pharr tx
WARM,74,Soft Life Salon,hair salon,Los Fresnos,4.9,124,True,real,http://www.softlifesalon.com/,Closes soon,(281) 710-4810,3,hair salon in Los Fresnos tx
WARM,74,Whistle & Sway Salon | Voted Best Salon in Fort Worth Magazine,hair salon,Hidalgo,4.9,166,True,real,http://whistleandsway.com/,Closes soon,(817) 882-6188,3,best hair salon in Hidalgo texas
WARM,74,Tax Maverick,accountant,San Benito,4.9,155,True,real,https://taxmaverick.ai/,258 S Sam Houston Blvd,(956) 300-4082,3,top rated accountant near San Benito tx
WARM,74,Top Dental,dentist,McAllen,4.7,115,True,real,https://www.topdentalmcallen.com/,228 N Ware Rd Unit 10,(956) 618-5811,3,dentist in McAllen tx
WARM,74,Fresno Dental,dentist,Los Fresnos,4.9,192,True,real,http://www.fresnodentaltexas.com/,Closes soon,(832) 930-4648,3,top rated dentist near Los Fresnos tx
WARM,74,Performance Therapeutics - Edinburg,physical therapist,Edinburg,4.9,103,True,real,https://performancetherapeutics.com/,2502 W Freddy Gonzalez Dr # B,(956) 381-1600,3,physical therapist in Edinburg tx
WARM,74,Performance Therapeutics - Mission South,physical therapist,Mission,5.0,140,True,real,https://performancetherapeutics.com/,1317 St Claire Suite A#2,(956) 584-3535,3,physical therapist in Mission tx
WARM,74,Pure Physical Therapy & Pilates (Weslaco),physical therapist,Weslaco,5.0,122,True,real,https://pure-physicaltherapy.com/physical-therapy-clinic/weslaco-tx/,1810 E 8th St,(956) 994-8880,3,physical therapist in Weslaco tx
WARM,74,Sotelo Dermatology Surgery & Aesthetics - Oscar Sotelo MD,dermatologist,McAllen,4.7,189,True,real,https://drsotelodermatology.com/,7000 N 10th St ste c-1,(956) 682-1591,3,dermatologist in McAllen tx
WARM,74,Smooth Skin Solutions,dermatologist,Los Fresnos,5.0,108,True,real,https://smoothskinsolutionsllc.com/,324 W Ocean Blvd #208,(956) 640-8553,3,dermatologist in Los Fresnos tx
WARM,74,Jorge Munoz Law Office,criminal defense attorney,Edinburg,5.0,138,True,real,http://www.munozlawgroup.com/,10+ years in business,(956) 287-2889,3,top rated criminal defense attorney near Edinburg tx
WARM,74,The Gracia Law Firm,criminal defense attorney,Brownsville,4.8,120,True,real,https://www.thegracialawfirm.com/,10+ years in business,(956) 504-2211,3,criminal defense attorney in Brownsville tx
WARM,74,Law Office of Leonardo Rincones Jr.,criminal defense attorney,Brownsville,5.0,134,True,real,http://rinconeslaw.com/,10+ years in business,(956) 504-0883,3,top rated criminal defense attorney near Brownsville tx
WARM,74,"Gustavo D. Elizondo III, Attorney at Law",criminal defense attorney,San Benito,4.8,142,True,real,https://www.elizondolegal.com/,Closed,(956) 275-9191,3,best criminal defense attorney in San Benito texas
WARM,74,Deandra Grant Law - Criminal & DWI Defense,criminal defense attorney,Donna,4.9,104,True,real,https://www.texasdwisite.com/denton-dwi-and-criminal-defense-lawyers/,,(940) 600-5536,3,best criminal defense attorney in Donna texas
WARM,74,Texas Defenders,criminal defense attorney,Alamo,5.0,142,True,real,https://www.sanantoniocriminaldefenselawyer.com/,,(210) 942-4441,3,top rated criminal defense attorney near Alamo tx
WARM,74,Profamily Roofing Group,roofing contractor,McAllen,4.9,145,True,real,https://profamilyroofinggroup.com/,,(956) 688-9925,3,roofing contractor in McAllen tx
WARM,74,Almaraz Roofing,roofing contractor,McAllen,5.0,106,True,real,https://almarazroofing.com/,Closed,(956) 687-7663,3,best roofing contractor in McAllen texas
WARM,74,Mission Roofing,roofing contractor,Mission,4.8,104,True,real,https://roofswithamission.com/?utm_source=cumulus&amp;utm_medium=onlinepresence&amp;utm_campaign=gbp,,(832) 684-1255,3,roofing contractor in Mission tx
WARM,74,XYZ Roofing and Restorations Harlingen,roofing contractor,Harlingen,5.0,183,True,real,https://xyzrestorations.com/,Closes soon,(956) 230-2259,3,roofing contractor in Harlingen tx
WARM,74,Owen Roofing Company,roofing contractor,Brownsville,4.7,111,True,real,http://www.owenroofingco.com/,Closed,(956) 546-6638,3,best roofing contractor in Brownsville texas
WARM,74,Integrity Auto Repair,auto repair shop,McAllen,4.9,160,True,real,https://www.integrityautorgv.com/,1005 US-83 BUS,(956) 627-2312,3,top rated auto repair shop near McAllen tx
WARM,74,"Pan American Auto, LLC",auto repair shop,Pharr,5.0,132,True,real,http://www.panam-auto.com/,7+ years in business,(956) 322-3194,3,auto repair shop in Pharr tx
WARM,74,Eternal Wellness MedSpa & Salon,day spa,McAllen,4.8,182,True,real,http://www.eternalwellnessrgv.com/,10+ years in business,(956) 668-0404,3,day spa in McAllen tx
WARM,74,Renovera Medical Wellness & Aesthetic Spa,day spa,Harlingen,4.9,133,True,real,http://renoverawellness.com/,5+ years in business,(956) 230-8333,3,day spa in Harlingen tx
WARM,74,Sheer Skin Spa,day spa,Weslaco,4.9,114,True,real,https://www.sheerskinspa.org/,5+ years in business,(956) 472-9800,3,day spa in Weslaco tx
WARM,74,Windflower Spa,day spa,Alamo,4.6,181,True,real,https://www.hyatt.com/hyatt-regency/en-US/sanhc-hyatt-regency-hill-country-resort-and-spa/spa,Closes soon,(210) 767-5577,3,top rated day spa near Alamo tx
WARM,74,"The Jaime Lee Gonzalez Realtor Team - Top Realtor in McAllen, Luxury Real Estate agent in McAllen, Investment Properties",real estate agent,Edinburg,4.9,154,True,real,http://www.jaimeleegonzalez.com/,7+ years in business,(956) 599-8400,3,real estate agent in Edinburg tx
WARM,74,"Lolly Burns Real Estate, LLC",real estate agent,Harlingen,5.0,109,True,real,http://www.lollyburns.com/,10+ years in business,(956) 423-0400,3,real estate agent in Harlingen tx
WARM,72,Orangetheory Fitness,gym,Pharr,4.9,128,True,real,/aclk?sa=L&amp;ai=DChsSEwjxrrqw16WUAxWYo1AGHVZ4AqsYACICCAEQABoCZGc&amp;co=1&amp;ase=2&amp;gclid=EAIaIQobChMI8a66sNellAMVmKNQBh1WeAKrEBAYASAAEgI6ofD_BwE&amp;cid=CAASuwHkaAuf2O3AWaU7LIO6ZbwVNhwqqE2qd6-JkDFBxg_ut9NZmyN6dvlxcYCi0OKhnv2NYXnqutuZ-2UEgMR3_6HKOll0MVwLlhsTLuDigY0zqx4wZA8iOzrotVx-X8KS3DhL5ycxVgjcdTQRGDOrxR3sapeM1OYh_m72dL6Ar9HMJVOaXraEMHI7d1xghKwJIjuzf1IS4Rj3cCUhc-T8mCXHcF4j5ltFLzgpGsoUya8ZO0ah19s0Oo54nb-H&amp;cce=2&amp;category=acrcp_v1_32&amp;sig=AOD64_3M739P0EPEcNTzZ3t-zV5n3i2p7Q&amp;q=&amp;nis=4&amp;ctype=99&amp;ved=2ahUKEwiTibKw16WUAxXRVUEAHdXiLVQQhKwBegQIMxAR&amp;adurl=,3+ years in business,(956) 377-4737,4,best gym in Pharr texas
WARM,70,McAllen Family Urgent Care,urgent care,McAllen,3.3,145,True,real,http://www.mcallenfamilyurgentcare.com/,110 E Savannah Ave A204,(956) 686-4040,2,urgent care in McAllen tx
WARM,70,J&L AC/Refrigeration,hvac contractor,Port Isabel,4.3,6,False,none,,Closes soon,(956) 943-4601,2,hvac contractor in Port Isabel tx
WARM,70,"Contract Service & Supply, Inc.",hvac contractor,South Padre Island,3.3,19,False,none,,Closes soon,(956) 761-5565,1,hvac contractor in South Padre Island tx
WARM,70,Urbina Construction and Remodeling,home remodeler,Weslaco,5.0,4,False,none,,35+ years in business,(956) 650-4503,2,home remodeler in Weslaco tx
WARM,70,643 Home Solutions,home remodeler,Donna,5.0,3,False,none,,643 Home Solutions,(956) 460-5816,2,home remodeler in Donna tx
WARM,70,Quality Texas Remodeling LLC,home remodeler,Donna,5.0,2,False,none,,Closes soon,(512) 964-8960,2,best home remodeler in Donna texas
WARM,70,JJ HOUSE LEVELING REMODELING,home remodeler,Mercedes,4.0,4,False,none,,3+ years in business,(956) 274-5259,1,home remodeler in Mercedes tx
WARM,70,Hernandez Remodeling,home remodeler,Port Isabel,5.0,1,False,none,,10+ years in business,(956) 909-3976,2,home remodeler in Port Isabel tx
WARM,70,Howell Insurance,insurance agent,Mercedes,4.4,12,False,none,,7+ years in business,(956) 825-9068,2,insurance agent in Mercedes tx
WARM,70,24 FIT Center,gym,Donna,5.0,1,False,none,,24 FIT Center,(956) 715-1514,2,gym in Donna tx
WARM,70,El Mezquital Bar & Grill,restaurant,Hidalgo,5.0,3,False,none,,108 E Coma Ave,,2,restaurant in Hidalgo tx
WARM,70,Lomave Constructions and Remodeling,general contractor,San Benito,5.0,1,False,none,,,(956) 592-6342,2,general contractor in San Benito tx
WARM,70,Rodriguez Construction,general contractor,Rio Grande City,5.0,1,False,none,,Closes soon,(956) 573-9453,2,general contractor in Rio Grande City tx
WARM,70,Shamrock Builders,general contractor,Port Isabel,4.7,3,False,none,,,(956) 433-5470,2,general contractor in Port Isabel tx
WARM,70,Cathy's Income Tax Services,accountant,Mercedes,5.0,3,False,none,,5+ years in business,956-373-3277,2,accountant in Mercedes tx
WARM,70,Cathy's Income Tax Services,accountant,Mercedes,5.0,3,False,none,,5+ years in business,(956) 373-3277,2,top rated accountant near Mercedes tx
WARM,70,Rivera Juan E CPA,accountant,Port Isabel,4.0,4,False,none,,10+ years in business,(956) 943-4903,1,accountant in Port Isabel tx
WARM,70,"Gomez, Fragoso & Associates, P. C. Certificed Public Accountants",accountant,Port Isabel,5.0,1,False,none,,3+ years in business,,2,accountant in Port Isabel tx
WARM,70,Advanced Therapy Solutions - Donna,physical therapist,Donna,4.0,4,False,none,,702 E Expressway 83 STE A6,(956) 420-1802,1,physical therapist in Donna tx
WARM,70,South Texas Dermatology,dermatologist,South Padre Island,3.0,125,True,real,http://www.southtxderm.com/,Closes soon,(361) 882-5560,2,dermatologist in South Padre Island tx
WARM,69,Los Fresnos Medicine,urgent care,Los Fresnos,3.2,27,False,none,,725 W Ocean Blvd,(956) 233-3443,3,urgent care in Los Fresnos tx
WARM,69,Austin Home Renovations,home remodeler,Hidalgo,5.0,5,False,none,,Closed,(512) 892-4490,3,home remodeler in Hidalgo tx
WARM,69,Best Insurance,insurance agent,McAllen,3.6,33,False,none,,7+ years in business,(956) 627-3032,3,insurance agent in McAllen tx
WARM,69,Rio Grande Insurance,insurance agent,San Benito,4.8,6,False,none,,7+ years in business,(956) 264-4899,3,top rated insurance agent near San Benito tx
WARM,69,Gallardo Insurance Agency,insurance agent,Los Fresnos,3.9,33,False,none,,10+ years in business,(956) 233-1160,3,top rated insurance agent near Los Fresnos tx
WARM,69,The Lab Training Center,gym,Los Fresnos,5.0,9,False,none,,910 S Arroyo Blvd,(956) 434-1368,3,gym in Los Fresnos tx
WARM,69,Primetime Headquarters,gym,Los Fresnos,4.9,11,False,none,,208 N Arroyo Blvd,(956) 543-8098,3,top rated gym near Los Fresnos tx
WARM,69,Rio Max Fitness LLC,gym,Rio Grande City,4.7,53,True,social,https://www.facebook.com/riomaxfitness/,7+ years in business,(956) 352-6650,3,gym in Rio Grande City tx
WARM,69,Thurmond Eye Associates,optometrist,Mission,2.2,49,False,none,,1301 S Bryan Rd,(956) 777-7200,3,optometrist in Mission tx
WARM,69,Dr. Ivar Perez,optometrist,San Benito,4.5,16,False,none,,955 US-77,(956) 399-0680,3,optometrist in San Benito tx
WARM,69,Ohana Construction & Landscaping,landscaping,McAllen,4.9,93,True,social,https://www.facebook.com/landscapingohana?mibextid=LQQJ4d,Closes soon,(832) 594-1234,3,best landscaping in McAllen texas
WARM,69,Green Valley Lawncare LLC,landscaping,Mission,5.0,10,False,none,,,(956) 258-8919,3,landscaping in Mission tx
WARM,69,Southern Landscapers Corporation,landscaping,Pharr,5.0,8,False,none,,,,3,landscaping in Pharr tx
WARM,69,Prestige Lawn Care,landscaping,Mercedes,5.0,5,False,none,,,(956) 272-7064,3,landscaping in Mercedes tx
WARM,69,Millennium Collision Center,auto body shop,Pharr,4.4,169,True,real,https://www.millenniumcollisioncenter.com/,7+ years in business,(956) 601-1527,3,best auto body shop in Pharr texas
WARM,69,Dominguez Paint & Body Shop,auto body shop,Rio Grande City,4.6,19,False,none,,10+ years in business,(956) 230-1874,3,auto body shop in Rio Grande City tx
WARM,69,Texas Collision Center,auto body shop,Rio Grande City,4.9,12,False,none,,10+ years in business,(956) 487-4872,3,best auto body shop in Rio Grande City texas
WARM,69,Massage By Patti,massage therapist,San Benito,4.9,15,False,none,,10+ years in business,(956) 241-1601,3,best massage therapist in San Benito texas
WARM,69,Great-Relief Massage Therapist,massage therapist,San Benito,5.0,12,False,none,,7+ years in business,(623) 695-5278,3,top rated massage therapist near San Benito tx
WARM,69,"Law Office of Alfredo Garcia Jr., PLLC",divorce attorney,San Benito,5.0,15,False,none,,,(956) 777-2099,3,best divorce attorney in San Benito texas
WARM,69,"Hager Law, PLLC",divorce attorney,Mercedes,4.9,88,True,social,https://hagerlawtx.com/?utm_campaign=gmb,Closes soon,(903) 466-0001,3,divorce attorney in Mercedes tx
WARM,69,ST Electric LLC,electrician,Mission,5.0,13,False,none,,Closes soon,(956) 598-8820,3,electrician in Mission tx
WARM,69,Everlasting Construction and Remodeling LLC,general contractor,San Benito,5.0,12,False,none,,,(956) 272-9739,3,top rated general contractor near San Benito tx
WARM,69,LE'BLISS HAIR & BEAUTY SALON,hair salon,Brownsville,4.7,73,True,social,https://www.instagram.com/lebliss.salon/,Closes soon,(956) 407-0099,3,hair salon in Brownsville tx
WARM,69,Aijara's Barber & Beauty Shop,hair salon,Hidalgo,4.7,17,False,none,,,(956) 884-6021,3,hair salon in Hidalgo tx
WARM,69,Hordys Income Tax Services,accountant,Hidalgo,4.8,18,False,none,,10+ years in business,(956) 843-2717,3,accountant in Hidalgo tx
WARM,69,Zenith Therapy Center,physical therapist,Edinburg,5.0,68,True,social,https://www.facebook.com/zeniththerapycenter/,2260 S Business Hwy 281 Unit 13,(956) 348-2232,3,top rated physical therapist near Edinburg tx
WARM,69,ProCare Therapies PC,physical therapist,Alamo,4.8,6,False,none,,515 US-83 BUS,(956) 362-6705,3,top rated physical therapist near Alamo tx
WARM,69,ROOF PRO,roofing contractor,Alamo,5.0,7,False,none,,,(956) 330-2456,3,roofing contractor in Alamo tx
WARM,69,Rango Mechanic Shop,auto repair shop,Weslaco,4.7,12,False,none,,3+ years in business,,3,top rated auto repair shop near Weslaco tx
WARM,69,Aguilar's Automotive and Diesel,auto repair shop,Los Fresnos,5.0,8,False,none,,3+ years in business,(956) 312-9949,3,auto repair shop in Los Fresnos tx
WARM,69,Island Day Spa,day spa,South Padre Island,4.3,105,True,real,http://island-day-spa.com/,,(361) 949-1444,3,top rated day spa near South Padre Island tx
WARM,65,Spineworks Chiropractic PLLC,chiropractor,Pharr,4.9,54,True,real,http://www.spineworkschiro.com/,1210 W Expy 83 Suite 10,(956) 510-8254,1,chiropractor in Pharr tx
WARM,65,"Law Office of Alfonso Venegas, PLLC",immigration lawyer,Harlingen,4.7,68,True,real,https://www.venegaslawfirm.com/?npcmp=dir:local:4312306:78550,20+ years in business,(956) 622-4085,1,immigration lawyer in Harlingen tx
WARM,65,"Law Office of Nicole M. Eymard, P.C.",immigration lawyer,Brownsville,4.9,94,True,real,https://brownsvilleimmigration.com/,10+ years in business,(956) 703-6399,1,best immigration lawyer in Brownsville texas
WARM,65,Alanis Law Firm,immigration lawyer,Weslaco,3.3,14,False,none,,7+ years in business,(956) 410-1003,2,immigration lawyer in Weslaco tx
WARM,65,Perdomo Dorsett Immigration Law,immigration lawyer,Los Fresnos,5.0,90,True,real,https://perdomodorsett.com/,Closes soon,(214) 501-0560,1,top rated immigration lawyer near Los Fresnos tx
WARM,65,"The Law Firm of Lorena Villalon, P.L.L.C.",immigration lawyer,Port Isabel,4.8,91,True,real,http://www.villalonlawfirm.com/,,(956) 639-9264,1,best immigration lawyer in Port Isabel texas
WARM,65,Texas Lone Star AC & Heating LLC,hvac contractor,Brownsville,4.7,89,True,real,https://www.txlonestaracandheating.com/,,(956) 621-0541,1,hvac contractor in Brownsville tx
WARM,65,Prime HVAC Services,hvac contractor,Los Fresnos,5.0,56,True,real,http://www.primehvacservices.com/,,(713) 550-7827,1,top rated hvac contractor near Los Fresnos tx
WARM,65,Lone Star Home Remodeling Pros | Bathroom & Kitchen Remodeling,home remodeler,Hidalgo,4.9,93,True,real,https://www.lonestarhomeremodelingpros.com/,,(817) 859-8382,1,best home remodeler in Hidalgo texas
WARM,65,Sisters Interiors,home remodeler,South Padre Island,4.7,77,True,real,https://sistersinteriors.com/,10+ years in business,(956) 761-2896,1,home remodeler in South Padre Island tx
WARM,65,Tip to Toe,nail salon,Port Isabel,3.6,10,False,none,,Closes soon,,2,top rated nail salon near Port Isabel tx
WARM,65,Pronto Insurance,insurance agent,Weslaco,4.7,62,True,real,https://www.prontoinsurance.com/agentdetail/weslaco-auto-057,15+ years in business,(956) 968-3525,1,insurance agent in Weslaco tx
WARM,65,Freeway Insurance,insurance agent,Donna,5.0,80,True,real,https://locations.freeway.com/freeway-insurance-donna-tx-78537?utm_medium=directory&amp;utm_source=google&amp;utm_campaign=FTXDON_Donna_TX,510 N D Salinas Blvd 3b 1,(956) 468-3526,1,insurance agent in Donna tx
WARM,65,Pronto Insurance,insurance agent,Mercedes,4.5,65,True,real,https://www.prontoinsurance.com/agentdetail/mercedes-auto011,15+ years in business,(956) 514-2999,1,insurance agent in Mercedes tx
WARM,65,David Armendariz - State Farm Insurance Agent,insurance agent,Los Fresnos,4.9,60,True,real,https://www.statefarm.com/agent/us/tx/los-fresnos/david-armendariz-qm9sg5cbyak?cmpid=dr2a_blm_0001,10+ years in business,(956) 233-3276,1,best insurance agent in Los Fresnos texas
WARM,65,Iron Pump Fitness,gym,Brownsville,5.0,84,True,real,http://ironpumpfitness.com/,943 Frontage Rd STE 25,(956) 521-8625,1,gym in Brownsville tx
WARM,65,Havener Orthodontics,orthodontist,Edinburg,4.9,92,True,real,http://www.havenerorthodontics.com/,210 W Mahl St,(956) 381-8262,1,orthodontist in Edinburg tx
WARM,65,"Stapleton & Barrera, Injury Attorneys",personal injury lawyer,San Benito,,0,False,none,,7+ years in business,(956) 399-1299,1,best personal injury lawyer in San Benito texas
WARM,65,Farrell Plumbing & Cooling Inc.,plumber,Weslaco,4.5,78,True,real,https://www.farrellplumbingandcooling.com/,,(956) 968-9559,1,plumber in Weslaco tx
WARM,65,Pro Plumbers Donna TX,plumber,Donna,,0,False,none,,,(956) 634-5499,1,best plumber in Donna texas
WARM,65,Rudy's Plumbing Service,plumber,Mercedes,3.9,11,False,none,,Closes soon,(956) 650-0011,2,plumber in Mercedes tx
WARM,65,Insane Performance Landscaping,landscaping,Harlingen,5.0,28,True,social,https://insaneperformancetx.com/?utm_source=omg-gbp&amp;utm_medium=webclick,,(956) 254-6913,1,top rated landscaping near Harlingen tx
WARM,65,Fox Auto Collision Center,auto body shop,Alamo,3.7,3,False,none,,3+ years in business,(956) 223-6584,1,top rated auto body shop near Alamo tx
WARM,65,Moonstone Advanced Massage and Bodywork,massage therapist,McAllen,5.0,60,True,real,http://moonstone.noterro.com/,3+ years in business,(956) 406-3560,1,massage therapist in McAllen tx
WARM,65,Kitsune Massage Therapy,massage therapist,Brownsville,4.9,76,True,real,https://www.massagebook.com/biz/Kitsunemassagetherapy,7+ years in business,(956) 620-2663,1,massage therapist in Brownsville tx
WARM,65,Spa of Sanctuary,massage therapist,Weslaco,3.8,4,False,none,,10+ years in business,(956) 969-3499,1,top rated massage therapist near Weslaco tx
WARM,65,Premier Martial Arts Mission,martial arts,Mission,4.8,57,True,real,https://premiermartialarts.com/texas-mission/,3+ years in business,(956) 428-5425,1,martial arts in Mission tx
WARM,65,Galvan's Martial Arts in Brownsville,martial arts,Brownsville,4.9,97,True,real,http://www.teamgma.com/,20+ years in business,(956) 254-3988,1,martial arts in Brownsville tx
WARM,65,Port Isabel Dental Associates,cosmetic dentist,Port Isabel,4.6,73,True,real,https://www.portisabeldental.com/,215 W Queen Isabella Blvd # A,(956) 943-4166,1,cosmetic dentist in Port Isabel tx
WARM,65,"Garza Law Office, PLLC",divorce attorney,Edinburg,4.5,55,True,real,https://doraalicia.com/,10+ years in business,(956) 329-1304,1,divorce attorney in Edinburg tx
WARM,65,"Carranza Law Firm, PLLC",divorce attorney,Edinburg,4.8,89,True,real,http://www.rgvlawcenter.com/,15+ years in business,(956) 664-0500,1,best divorce attorney in Edinburg texas
WARM,65,STEP Electric Pros,electrician,Brownsville,5.0,52,True,real,http://www.stepelectricpros.com/,,(956) 408-7621,1,electrician in Brownsville tx
WARM,65,South Texas Contractors & Roofing,general contractor,Alamo,4.9,96,True,real,https://southtxcontractors.com/,,(726) 244-3552,1,top rated general contractor near Alamo tx
WARM,65,Good Company Construction,general contractor,Hidalgo,5.0,64,True,real,https://goodcompanyconstruction.com/,Closed,(979) 978-7275,1,best general contractor in Hidalgo texas
WARM,65,Garcia Construction Sr LLC,general contractor,Rio Grande City,5.0,77,True,real,http://www.garciahomeremodeling.com/,Closed,(708) 682-5110,1,best general contractor in Rio Grande City texas
WARM,65,Genesis Beauty Salon,hair salon,Mercedes,4.7,37,True,social,https://www.facebook.com/GENESISBEAUTYSALONATKERYGMAPLAZA,,(956) 565-6067,1,hair salon in Mercedes tx
WARM,65,"Amado Sanchez, CPA",accountant,Weslaco,5.0,61,True,real,https://www.amadosanchezcpa.com/,306 S Texas Blvd,(956) 405-3440,1,accountant in Weslaco tx
WARM,65,Del Valle Tax Services II,accountant,Alamo,5.0,25,True,social,https://www.facebook.com/share/17b3Cw7KVe/?mibextid=wwXIfr,1001 E Frontage Rd Suite V,(956) 258-5048,1,accountant in Alamo tx
WARM,65,Campos Catering. LLC,catering,Edinburg,4.9,75,True,real,http://wwe.camposcaterings.com/,,(956) 403-1980,1,top rated catering near Edinburg tx
WARM,65,Peggy's Cakes and More,catering,San Benito,5.0,65,True,real,https://peggyscakesandmore.com/,15+ years in business,,1,top rated catering near San Benito tx
WARM,65,Total Rehab Kids,physical therapist,Pharr,4.5,39,True,social,http://www.totalrehabtx.com/,805 N Cage Blvd Suite J,(956) 291-0599,1,physical therapist in Pharr tx
WARM,65,Olympus Physical Therapy,physical therapist,Mercedes,5.0,50,True,real,http://olympus-pt.com/?utm_source=google&amp;utm_medium=wix_google_business_profile&amp;utm_campaign=11848336274946859821,601 N Vermont Ave,(956) 520-2685,1,physical therapist in Mercedes tx
WARM,65,"Vela Law Firm, PLLC",criminal defense attorney,Port Isabel,5.0,68,True,real,http://www.vela.law/,Closes soon,(346) 444-8352,1,best criminal defense attorney in Port Isabel texas
WARM,65,McAllen Valley Roofing Co.,roofing contractor,Edinburg,5.0,64,True,real,https://www.edinburg-roofing.com/,Closes soon,(956) 672-7725,1,roofing contractor in Edinburg tx
WARM,65,F1 Roofing & Remodeling Zero Down Payment,roofing contractor,Harlingen,4.8,74,True,real,http://f1roofing.com/,F1 Roofing & Remodeling Zero Down Payment,(956) 369-4918,1,roofing contractor in Harlingen tx
WARM,65,"Pro Valley Roofs, LLC",roofing contractor,Pharr,5.0,58,True,real,https://www.provalleyroofs.com/,,(956) 596-6321,1,roofing contractor in Pharr tx
WARM,65,Island Roofers,roofing contractor,South Padre Island,,0,False,none,,,(956) 433-3811,1,best roofing contractor in South Padre Island texas
WARM,65,Lupe's Garage,auto repair shop,Alamo,4.8,22,True,social,https://www.facebook.com/lupesgarage/,10+ years in business,(956) 792-4981,1,best auto repair shop in Alamo texas
WARM,65,Pedraza's Auto Services,auto repair shop,Mercedes,4.7,57,True,real,http://pedrazas-auto-services.jany.io/,10+ years in business,(956) 514-9669,1,auto repair shop in Mercedes tx
WARM,65,La Catalana Spa and Wellness Center,day spa,Brownsville,4.9,98,True,real,http://lacatalanaspa.com/,7+ years in business,(956) 714-1951,1,day spa in Brownsville tx
WARM,65,Zen Getaway Spa,day spa,Weslaco,5.0,87,True,real,https://zengetawayspa.glossgenius.com/,5+ years in business,(956) 684-7217,1,day spa in Weslaco tx
WARM,64,ER 24/7 Mission,urgent care,Mission,3.1,150,True,real,https://riohealth.com/service/emergency-services?utm_campaign=corp_listings_mgmt&amp;utm_source=google&amp;utm_medium=business_listing,ER 24/7 Mission,(956) 445-1600,3,urgent care in Mission tx
WARM,64,Vargas remodeling and handyman services,home remodeler,Donna,5.0,1,False,none,,3+ years in business,(956) 678-1711,3,best home remodeler in Donna texas
WARM,64,Lila’s Nail Salon,nail salon,San Benito,4.1,9,False,none,,,(956) 626-3440,3,nail salon in San Benito tx
WARM,64,Nails by Tina,nail salon,Rio Grande City,5.0,3,False,none,,,(956) 422-0363,3,nail salon in Rio Grande City tx
WARM,64,Affordable Moving Services,moving company,Mission,5.0,2,False,none,,,(956) 584-1300,3,moving company in Mission tx
WARM,64,"Lora N. Martinez, OD",optometrist,Mercedes,4.0,7,False,none,,325 W 3rd St,(956) 514-0559,3,top rated optometrist near Mercedes tx
WARM,64,Optica Bravo,optometrist,Rio Grande City,4.1,14,False,none,,110 N Lopez St,(956) 487-0418,3,best optometrist in Rio Grande City texas
WARM,64,RGV Eye Center,optometrist,Port Isabel,5.0,3,False,none,,1401 TX-100,(956) 888-7773,3,optometrist in Port Isabel tx
WARM,64,Collision Center Auto Body,auto body shop,McAllen,2.8,138,True,real,http://www.collisioncenterrgv.com/,10+ years in business,(956) 686-4054,3,auto body shop in McAllen tx
WARM,64,Massage therapy,massage therapist,Mercedes,5.0,1,False,none,,3+ years in business,,3,massage therapist in Mercedes tx
WARM,64,Massage therapy,massage therapist,Mercedes,5.0,1,False,none,,600 Calderia St apt 116,,3,best massage therapist in Mercedes texas
WARM,64,A Massage and Spa Mobile Service,massage therapist,South Padre Island,5.0,1,False,none,,10+ years in business,(956) 465-5500,3,massage therapist in South Padre Island tx
WARM,64,The Meltdown,restaurant,Rio Grande City,4.4,7,False,none,,4756 E US Hwy 83,,3,restaurant in Rio Grande City tx
WARM,64,Yi Dentistry - Donna,cosmetic dentist,Donna,5.0,3,False,none,,201 N Main St Ste B,,3,cosmetic dentist in Donna tx
WARM,64,Dr. Juan Guerra,cosmetic dentist,Rio Grande City,4.3,8,False,none,,127 FM 3167,(956) 263-1889,3,cosmetic dentist in Rio Grande City tx
WARM,64,Cornett Construction Co,general contractor,San Benito,4.5,4,False,none,,Closed,(956) 399-3743,3,general contractor in San Benito tx
WARM,64,GA & CO Contracting LLC,general contractor,Donna,5.0,1,False,none,,,(956) 355-1311,3,general contractor in Donna tx
WARM,64,Jimmy Closner & Sons Construction,general contractor,Mercedes,4.3,7,False,none,,,(956) 565-2688,3,general contractor in Mercedes tx
WARM,64,Mallie’s Hair Salon,hair salon,Mercedes,5.0,1,False,none,,Closes soon,(956) 798-0599,3,hair salon in Mercedes tx
WARM,64,"Oscar R. Gonzalez, CPA & Associates, PLLC",accountant,Pharr,4.4,5,False,none,,10+ years in business,(956) 787-9909,3,accountant in Pharr tx
WARM,64,MP's Tax Services,accountant,San Benito,5.0,2,False,none,,10+ years in business,(956) 399-8027,3,accountant in San Benito tx
WARM,64,Flores Bookkeeping,accountant,Donna,5.0,2,False,none,,10+ years in business,(956) 375-3189,3,accountant in Donna tx
WARM,64,Mendez & Robles Business & Tax Consultants,accountant,Rio Grande City,5.0,1,False,none,,10+ years in business,(956) 317-1124,3,best accountant in Rio Grande City texas
WARM,64,Krummel & Magee PC,accountant,Port Isabel,4.7,3,False,none,,10+ years in business,(956) 943-2121,3,accountant in Port Isabel tx
WARM,64,Magaly’s Catering,catering,Pharr,4.4,8,False,none,,,(956) 332-8455,3,catering in Pharr tx
WARM,64,Rio Rehab for Children PLLC,physical therapist,Rio Grande City,5.0,2,False,none,,5346 E US Hwy 83 suite 2 building a,(956) 317-1282,3,physical therapist in Rio Grande City tx
WARM,64,"ALANIZ LAW FIRM, PLLC",criminal defense attorney,San Benito,4.0,8,False,none,,3+ years in business,(956) 399-0222,3,criminal defense attorney in San Benito tx
WARM,64,Daniel J Garcia Law Office,criminal defense attorney,Rio Grande City,5.0,3,False,none,,10+ years in business,(956) 488-8170,3,criminal defense attorney in Rio Grande City tx
WARM,64,Hernandez Auto Repair,auto repair shop,Donna,4.2,17,False,none,,7+ years in business,(956) 732-1172,3,auto repair shop in Donna tx
WARM,60,Patterson Chiropractic Clinic,chiropractor,Edinburg,4.6,86,True,real,http://www.edinburgchiropractors.com/,1011 S Closner Blvd,(956) 383-0191,2,best chiropractor in Edinburg texas
WARM,60,Hidalgo County Health Department - Hidalgo Clinic,urgent care,Hidalgo,2.5,4,False,none,,702 E Ramon Ayala Dr,(956) 843-2659,2,urgent care in Hidalgo tx
WARM,60,"Luna Medical Clinic, PLLC",urgent care,Port Isabel,4.6,58,True,real,https://lunamedicalclinicpllc.net/,112 W Queen Isabella Blvd C,(956) 524-0555,2,best urgent care in Port Isabel texas
WARM,60,"The Law Office of Wendoli Rodriguez, PLLC",immigration lawyer,Pharr,4.8,61,True,real,https://abogadawendy.com/,7+ years in business,(956) 601-2000,2,immigration lawyer in Pharr tx
WARM,60,Global Immigration Law,immigration lawyer,Rio Grande City,5.0,62,True,real,https://globalimmlaw.com/,,(915) 778-3992,2,top rated immigration lawyer near Rio Grande City tx
WARM,60,Texas Air Conditioning,hvac contractor,Harlingen,4.9,68,True,real,https://carrierdealers.net/,,(956) 518-5427,2,best hvac contractor in Harlingen texas
WARM,60,Ramirez Innovations LLC,home remodeler,San Benito,4.8,68,True,real,http://ramirezinnovationsllc.com/,251 N Sam Houston Blvd,(956) 431-2375,2,home remodeler in San Benito tx
WARM,60,K Nail Lounge,nail salon,Edinburg,4.9,97,True,real,https://knaillounge.com/,,(956) 322-5525,2,best nail salon in Edinburg texas
WARM,60,Da-Vi Nails Hidalgo,nail salon,Hidalgo,4.0,31,True,social,https://www.facebook.com/share/1C45Hcp6wn/?mibextid=wwXIfr,,(956) 843-8000,1,nail salon in Hidalgo tx
WARM,60,Lily's Nails & Spa,nail salon,Hidalgo,,0,False,none,,,(956) 414-1608,2,nail salon in Hidalgo tx
WARM,60,CND Insurance Agency LLC,insurance agent,McAllen,4.3,45,True,social,https://cndinsurancetx.com/,,(956) 666-9500,1,insurance agent in McAllen tx
WARM,60,Pronto Insurance,insurance agent,Mission,4.6,93,True,real,https://www.prontoinsurance.com/agentdetail/mission-auto009,20+ years in business,(956) 424-9705,2,insurance agent in Mission tx
WARM,60,Direct Auto Insurance,insurance agent,Alamo,4.9,99,True,real,https://local.directauto.com/texas/alamo/705-n-alamo-rd?y_source=1_MjIyNzI0NTgtNzE1LWxvY2F0aW9uLndlYnNpdGU%3D,5+ years in business,(956) 904-5968,2,best insurance agent in Alamo texas
WARM,60,Fred Loya Insurance,insurance agent,Port Isabel,4.7,51,True,real,https://www.fredloya.com/,10+ years in business,(956) 943-8484,2,insurance agent in Port Isabel tx
WARM,60,CrossFit Work Over Time,gym,San Benito,4.9,90,True,real,http://www.crossfitworkovertime.com/,10+ years in business,(361) 228-0714,2,gym in San Benito tx
WARM,60,Titan Gym,gym,Alamo,4.9,72,True,real,https://www.titangymsa.com/,,(210) 267-2206,2,gym in Alamo tx
WARM,60,Grit47 Fitness,gym,Hidalgo,,0,False,none,,Grit47 Fitness,(956) 777-6347,2,gym in Hidalgo tx
WARM,60,Gulf Moving Systems,moving company,San Benito,4.3,55,True,real,https://www.gulfmoving.com/,40+ years in business,(956) 399-7513,1,moving company in San Benito tx
WARM,60,Martinez Joel DDS,orthodontist,Brownsville,4.7,71,True,real,http://rgvbraces.com/,1100 North Expy # D,(956) 682-2161,2,orthodontist in Brownsville tx
WARM,60,"The Franke Law Firm, P.C.",personal injury lawyer,South Padre Island,3.0,2,False,none,,10+ years in business,(956) 761-3660,2,personal injury lawyer in South Padre Island tx
WARM,60,Almighty Plumbing & Rooter Service,plumber,Mission,4.9,78,True,real,http://almightyplumbingrooter.com/,Closes soon,(956) 583-2155,2,best plumber in Mission texas
WARM,60,Hammerhead Plumbing,plumber,Harlingen,4.9,55,True,real,https://hammerheadplumbing.wixsite.com/hammerhead-plumbing,,(956) 556-0797,2,plumber in Harlingen tx
WARM,60,M&S Plumbing Company,plumber,Weslaco,4.8,59,True,real,http://msplumbingcompany.com/,Closes soon,(956) 968-8377,2,plumber in Weslaco tx
WARM,60,Jaabs Landscaping,landscaping,Mission,5.0,22,True,social,https://www.tiktok.com/@jaabslandscaping?_t=8daIMrpGuqY&amp;_r=1,Closes soon,(956) 212-3535,2,landscaping in Mission tx
WARM,60,Rivera's Lawn & Landscaping,landscaping,Harlingen,4.8,89,True,real,https://www.riveraslandscapingrgv.com/,Closed,(956) 577-5902,2,best landscaping in Harlingen texas
WARM,60,RGV Lawn Care and More,landscaping,Donna,4.9,60,True,real,http://rgvlawncareandmore.com/,Closes soon,(956) 283-4090,2,top rated landscaping near Donna tx
WARM,60,Alamo Lawn Care and Landscaping,landscaping,Alamo,5.0,51,True,real,https://myalamolawn.com/,Closed,(210) 954-6587,2,best landscaping in Alamo texas
WARM,60,MS Landscaping & Irrigation,landscaping,Mercedes,5.0,70,True,real,https://mslandscapingandirrigation.godaddysites.com/,,(817) 666-9011,2,landscaping in Mercedes tx
WARM,60,J and R Landscaping,landscaping,Port Isabel,4.7,89,True,real,http://jandrlandscaping.com/,Closed,(956) 433-5109,2,landscaping in Port Isabel tx
WARM,60,"Collision Masters - Edinburg, TX",auto body shop,Edinburg,4.9,97,True,real,http://collisionmasters.org/,30+ years in business,(956) 380-3368,2,auto body shop in Edinburg tx
WARM,60,Superior Collision Brownsville,auto body shop,Brownsville,4.4,82,True,real,https://superiorcollisionbrownsville.multiscreensite.com/,7+ years in business,(956) 295-8791,1,auto body shop in Brownsville tx
WARM,60,CARSTAR Collision Specialists of Los Fresnos,auto body shop,Los Fresnos,4.5,77,True,real,https://www.carstar.com/locations/tx/los-fresnos-15630/,3+ years in business,(956) 233-2115,2,best auto body shop in Los Fresnos texas
WARM,60,Laying Hands Massage Therapy,massage therapist,Mission,4.6,96,True,real,http://www.layinghandsmassage.com/,10+ years in business,(956) 802-4014,2,massage therapist in Mission tx
WARM,60,Pure Massage Co.,massage therapist,Alamo,5.0,67,True,real,https://puremassageco.com/,,(726) 218-1003,2,massage therapist in Alamo tx
WARM,60,Desert Sol Massage & Bodywork,massage therapist,Hidalgo,5.0,94,True,real,http://www.desertsolmassage.com/,,(915) 929-5315,2,best massage therapist in Hidalgo texas
WARM,60,AQBJJ,martial arts,Pharr,5.0,38,True,social,https://m.facebook.com/AQBJJ-106619445411195/,3+ years in business,(956) 478-2597,2,martial arts in Pharr tx
WARM,60,Padre Island Family Dentistry,cosmetic dentist,South Padre Island,4.7,79,True,real,http://www.padreislanddentistry.com/,Closed,(361) 589-4090,2,best cosmetic dentist in South Padre Island texas
WARM,60,"Law Office Of Savannah Gonzalez, PLLC",divorce attorney,Edinburg,4.5,88,True,real,https://savannahgonzalez.com/,10+ years in business,(956) 378-4060,2,divorce attorney in Edinburg tx
WARM,60,"Law Office of Diana Fuentes Aguilar, PLLC",divorce attorney,Weslaco,4.0,41,True,social,https://dfalawtx.com/,7+ years in business,(956) 975-2550,1,divorce attorney in Weslaco tx
WARM,60,"Benavides Law Firm, Cynthia Benavides, Attorney Lawyer",divorce attorney,Weslaco,4.9,89,True,real,http://benavideslawfirmweslaco.com/,7+ years in business,(956) 854-4363,2,divorce attorney in Weslaco tx
WARM,60,Law Offices of Oscar X. Garcia,divorce attorney,Port Isabel,,0,False,none,,410 S Garcia St,(956) 554-3000,2,divorce attorney in Port Isabel tx
WARM,60,Elite Electric,electrician,McAllen,4.7,66,True,real,http://www.eliteelectric-rgv.com/,Closes soon,(956) 212-1606,2,electrician in McAllen tx
WARM,60,JCT ELECTRIC .LLC,electrician,Brownsville,4.9,79,True,real,https://sites.google.com/view/jctelectric/home?authuser=0,,(956) 500-9487,2,electrician in Brownsville tx
WARM,60,STX Electrical Contracting Services LLC,electrician,Los Fresnos,4.9,91,True,real,http://www.yateselectricalservices.com/,Closed,(210) 861-8830,2,top rated electrician near Los Fresnos tx
WARM,60,GTex General Contracting,general contractor,Alamo,5.0,72,True,real,https://www.gtexgc.com/,,(210) 902-1027,2,best general contractor in Alamo texas
WARM,60,Averon Construction LLC.,general contractor,Hidalgo,5.0,33,True,social,http://hidalgoroofingremodelingtx.com/,Closed,(281) 985-9591,2,best general contractor in Hidalgo texas
WARM,60,Hidalgo Hair Studio,hair salon,Hidalgo,4.5,96,True,real,http://www.hidalgohairstudio.com/,Closes soon,(903) 234-0402,2,hair salon in Hidalgo tx
WARM,60,Honeycomb Salon and Spa,hair salon,Port Isabel,4.6,68,True,real,http://honeycombsalons.com/,Closes soon,(956) 943-7350,2,best hair salon in Port Isabel texas
WARM,60,R&I Professional Services,accountant,Rio Grande City,4.9,70,True,real,http://www.riprofessionalservices.com/,5+ years in business,(956) 249-3271,2,best accountant in Rio Grande City texas
WARM,60,"Adamson & Company, LLC",accountant,South Padre Island,4.8,75,True,real,https://www.adamsoncpafirm.com/,Closed,(361) 887-8916,2,best accountant in South Padre Island texas
WARM,60,Elevated PT | Elevated Physical Therapy and Wellness,physical therapist,Mercedes,5.0,72,True,real,https://www.elevatedptwellness.com/?utm_source=google&amp;amp;utm_medium=organic&amp;amp;utm_campaign=gbp_main,,(281) 205-3643,2,top rated physical therapist near Mercedes tx
WARM,60,Aptus Therapy Services,physical therapist,Rio Grande City,4.8,93,True,real,http://aptustherapy.com/,5412 Brand Street Ste 3,(956) 488-1818,2,physical therapist in Rio Grande City tx
WARM,60,Attorney Stan Hulse,criminal defense attorney,San Benito,5.0,72,True,real,https://rymaps.org/business/attorney-stan-hulse-cl8nnr,,(210) 845-2111,2,best criminal defense attorney in San Benito texas
WARM,60,South Texas Roofing,roofing contractor,Weslaco,5.0,99,True,real,https://southtexasroofingservices.lovable.app/,,(956) 309-1307,2,roofing contractor in Weslaco tx
WARM,60,RISE Roofing Company Corpus Christi - Roofing Contractor,roofing contractor,South Padre Island,4.9,70,True,real,https://www.riseroofing.company/,,(361) 204-5325,2,top rated roofing contractor near South Padre Island tx
WARM,60,Legacy Automotive & Motorsports Repair,auto repair shop,Mercedes,,0,False,none,,2190 W Business 83,(956) 294-1025,2,auto repair shop in Mercedes tx
WARM,60,Serrato's Automotive Services,auto repair shop,Los Fresnos,4.9,31,True,social,https://www.facebook.com/partesnissan/,31260 TX-100,(956) 442-3513,2,auto repair shop in Los Fresnos tx
WARM,60,Mercy Advance Skincare Aesthetics,day spa,Mercedes,5.0,51,True,real,https://mercy-medspa.com/,,(956) 532-4868,2,day spa in Mercedes tx
WARM,60,REMAX ELITE - Hector Rodriguez - Real Estate,real estate agent,Brownsville,5.0,67,True,real,http://www.btxrealestate.com/,10+ years in business,(956) 466-7305,2,best real estate agent in Brownsville texas
WARM,60,Padre Elite Team - RE/MAX® Elite,real estate agent,Port Isabel,4.9,60,True,real,http://www.padrerealestate.com/,25+ years in business,(956) 433-8564,2,real estate agent in Port Isabel tx
WARM,59,Norberto Cantu Jr Family Dentist,orthodontist,Rio Grande City,3.9,16,False,none,,"5342 US-83 BLD C, STE 5",(956) 487-4746,3,best orthodontist in Rio Grande City texas
WARM,59,Guevara's Plumbing,plumber,San Benito,3.7,10,False,none,,,(956) 592-5142,3,plumber in San Benito tx
WARM,59,Sunshine Family Dentistry,dentist,San Benito,3.9,18,False,none,,1389 W Business 77,(956) 399-9929,3,best dentist in San Benito texas
WARM,59,Rehab Plus,physical therapist,Donna,3.7,9,False,none,,5216 FM493,(956) 377-5350,3,physical therapist in Donna tx
WARM,59,Eloy Sepulveda Law Office,criminal defense attorney,Weslaco,3.9,11,False,none,,10+ years in business,(956) 968-1937,3,criminal defense attorney in Weslaco tx
WARM,55,UT Health RGV / Knapp Family Health Center | Mercedes,urgent care,Mercedes,4.0,55,True,real,https://uthealthrgv.org/locations/uthealthrgv-knapp-family-health-center/,2810 W Expy 83,(956) 296-1831,2,best urgent care in Mercedes texas
WARM,55,Nuestra Clinica del Valle,urgent care,Rio Grande City,4.1,60,True,real,http://www.nuestraclinicadelvalle.org/,600 N Garza St,(956) 487-0846,2,best urgent care in Rio Grande City texas
WARM,55,Margo Veterinary Clinic,veterinarian,Rio Grande City,4.3,66,True,real,http://margo-veterinary.jany.io/,10+ years in business,(956) 487-3623,2,best veterinarian in Rio Grande City texas
WARM,55,"R & J Construction, LLC",general contractor,Brownsville,5.0,13,True,social,https://m.facebook.com/rjconstructionllc20/,Closes soon,(256) 374-4119,1,best general contractor in Brownsville texas
WARM,55,Venus Beauty Salon & Spa,hair salon,Los Fresnos,5.0,15,True,social,https://m.facebook.com/VenusBeautySalonSpa/,Closes soon,(956) 233-1355,1,hair salon in Los Fresnos tx
WARM,55,"Raul's Income Tax, LLC",accountant,Rio Grande City,4.9,12,True,social,https://www.facebook.com/p/Rauls-Income-Tax-Services-Rio-Grande-Central-Office-100063486046113/,10+ years in business,(956) 488-2530,1,best accountant in Rio Grande City texas
WARM,55,"Dr. Michael R. Hohnadel, DO, Suite 3000",dermatologist,Brownsville,2.7,85,True,real,http://www.riovalleydermatology.com/,864 Central Blvd,(956) 546-7546,1,dermatologist in Brownsville tx
WARM,55,Medina Real Estate,real estate agent,Weslaco,4.4,25,True,social,http://www.medinarealestatetx.com/,40+ years in business,(956) 968-8900,2,best real estate agent in Weslaco texas
COLD,54,Ptacnik Mobile Chiropractic,chiropractor,Brownsville,5.0,59,True,real,http://www.ptacnikmobilechiro.com/,,(408) 484-4325,3,best chiropractor in Brownsville texas
COLD,54,DIAGNOSTIC CHIROPRACTIC CLINIC,chiropractor,Brownsville,5.0,76,True,real,http://diagnosticchiropractic.com/,10 Providencia Ct,(956) 544-0322,3,top rated chiropractor near Brownsville tx
COLD,54,Flour Bluff Chiropractic,chiropractor,South Padre Island,5.0,52,True,real,https://www.flourbluffchiropractic.com/?utm_source=GBL,,(361) 657-0041,3,top rated chiropractor near South Padre Island tx
COLD,54,Pediatric and Adult Clinic,urgent care,Port Isabel,3.5,4,False,none,,1200 TX-100 STE 5,(956) 433-5022,3,urgent care in Port Isabel tx
COLD,54,"The Law Office of Sergio Luis Villarreal, PLLC",immigration lawyer,Brownsville,5.0,76,True,real,http://lawslv.com/,3+ years in business,(956) 983-9991,3,best immigration lawyer in Brownsville texas
COLD,54,Val-Air Llc,hvac contractor,Edinburg,5.0,81,True,real,https://valhvac.com/,,(956) 609-9020,3,hvac contractor in Edinburg tx
COLD,54,Imperial Air LLC | AC Repair & HVAC Services,hvac contractor,Edinburg,5.0,81,True,real,https://imperialair-rgv.com/,,(956) 566-3406,3,best hvac contractor in Edinburg texas
COLD,54,Dan’s Air Conditioning Maintenance LLC,hvac contractor,Brownsville,4.9,81,True,real,http://dansacmaintenance.com/,,(956) 579-5893,3,hvac contractor in Brownsville tx
COLD,54,Air Chill Factor Heating and Cooling,hvac contractor,Donna,4.9,36,True,social,https://airchillfactortx.com/,Closes soon,(956) 377-5828,3,best hvac contractor in Donna texas
COLD,54,Octovio's Remodeling & Glass,home remodeler,Port Isabel,3.0,4,False,none,,10+ years in business,(956) 943-3464,3,home remodeler in Port Isabel tx
COLD,54,AG3 Home Repairs & Maintenance,home remodeler,South Padre Island,3.0,2,False,none,,AG3 Home Repairs & Maintenance,(956) 551-2220,3,home remodeler in South Padre Island tx
COLD,54,Queen of Hearts Nail Salon,nail salon,Brownsville,4.8,90,True,real,http://queenofheartsnailsalon64.booksy.com/a,,(956) 561-0867,3,nail salon in Brownsville tx
COLD,54,The Nail Shack,nail salon,Hidalgo,4.9,98,True,real,http://www.thenailshack.co/,,(512) 673-6110,3,nail salon in Hidalgo tx
COLD,54,Victory Insurance Harlingen,insurance agent,Harlingen,4.7,69,True,real,https://victoryinsuranceharlingen.com/,7+ years in business,(956) 622-3200,3,insurance agent in Harlingen tx
COLD,54,TWFG-Benavides Insurance,insurance agent,Brownsville,5.0,96,True,real,http://www.betterwithbenavides.com/,45+ years in business,(956) 541-3232,3,best insurance agent in Brownsville texas
COLD,54,Alejandrina Telles - State Farm Insurance Agent,insurance agent,Mercedes,4.9,56,True,real,https://www.tellesinsurance.com/?cmpid=YRSG_blm_0001,7+ years in business,(956) 903-4410,3,insurance agent in Mercedes tx
COLD,54,Rick Armendariz - State Farm Insurance Agent,insurance agent,Mercedes,4.8,77,True,real,https://www.rickarmendariz.org/?cmpid=WM1A_blm_0001,7+ years in business,(956) 565-3126,3,best insurance agent in Mercedes texas
COLD,54,The Pink Gym Fitness by XO,gym,Edinburg,4.8,74,True,real,https://fitnessbyxo.gymmasteronline.com/portal/signup?session=eyJjb250ZXh0X2NvbXBhbnlpZCI6Mn0.YlngVw.3pXsWFbASMYLbTOZq-lzhDHwOMQ&amp;fbclid=PAAaYvNg3GsrH8oFjhnRL_1dU9udf1a9OyNUqVMFK8sVZlwGfu3knpIqzqIXY_aem_ASyjBFleVOSCQ1cCNQdU0QAwZZijMjRA853wy4etyRrJGPBsxtjNZx5b-usbXSOpgec,323 E Owassa Rd Unit #23 & Unit #24,(956) 601-0002,3,top rated gym near Edinburg tx
COLD,54,Lady & Glow Fitness,gym,Mercedes,5.0,52,True,real,http://ladyandglow.square.site/,5+ years in business,(956) 873-1365,3,gym in Mercedes tx
COLD,54,Fitbox Aesthetics LLC,gym,Port Isabel,4.9,56,True,real,https://www.fitboxaesthetics.com/,3+ years in business,(956) 410-4918,3,gym in Port Isabel tx
COLD,54,Valley Oral & Maxillofacial Surgery,orthodontist,Mercedes,4.6,66,True,real,http://valleyoms.com/,5014 E Expressway 83,(956) 687-7141,3,orthodontist in Mercedes tx
COLD,54,The Edwards Law Firm,personal injury lawyer,South Padre Island,4.7,50,True,real,https://www.edwardsfirm.com/?npcmp=dir:local:1242722:78415,Closes soon,(361) 217-6679,3,top rated personal injury lawyer near South Padre Island tx
COLD,54,Araiza LandScaping LLC,landscaping,San Benito,5.0,92,True,real,https://www.araizalandscapingllc.com/,Closed,(512) 456-9962,3,best landscaping in San Benito texas
COLD,54,Gomez Landscaping,landscaping,Port Isabel,5.0,60,True,real,https://linktr.ee/GomezLandscaping,Closed,(512) 317-1314,3,best landscaping in Port Isabel texas
COLD,54,Tony's Body Shop,auto body shop,Brownsville,4.7,63,True,real,http://www.tonysbodyshopandwrecker.com/,10+ years in business,(956) 542-0770,3,best auto body shop in Brownsville texas
COLD,54,Caliber Collision,auto body shop,Pharr,4.9,53,True,real,https://www.caliber.com/find-a-location/pharr?utm_source=google&amp;utm_medium=gbp-profile&amp;utm_campaign=webform-GBPwebsite&amp;utm_content=&amp;utm_term=&amp;utm_id=0966,1400 E Ferguson Ave,(956) 877-3318,3,auto body shop in Pharr tx
COLD,54,Steve Reyes Paint & Body,auto body shop,Weslaco,4.6,79,True,real,http://stevereyespb.com/,15+ years in business,(956) 447-9505,3,auto body shop in Weslaco tx
COLD,54,Quality PDR LLC,auto body shop,San Benito,4.8,59,True,real,https://www.qualitypdrllc.com/,10+ years in business,(956) 241-1446,3,best auto body shop in San Benito texas
COLD,54,Renew Auto Body & Paint,auto body shop,Los Fresnos,4.9,94,True,real,http://www.renewfresno.com/,,(559) 300-7222,3,top rated auto body shop near Los Fresnos tx
COLD,54,The Wellness Co. LLC,massage therapist,McAllen,5.0,63,True,real,http://guashamassagemcallen.com/,5+ years in business,(956) 670-6448,3,massage therapist in McAllen tx
COLD,54,Amazing Vitality Massage,massage therapist,Hidalgo,5.0,86,True,real,http://amazingvitalitymassage.com/,,(956) 309-9725,3,top rated massage therapist near Hidalgo tx
COLD,54,Relax Massage,massage therapist,Rio Grande City,4.8,78,True,real,http://relax-massage-del-rio.jany.io/,,(830) 350-4806,3,massage therapist in Rio Grande City tx
COLD,54,Checkmat South Texas Brazilian Jiu Jitsu,martial arts,Pharr,5.0,43,True,social,http://www.checkmatstx.com/,5+ years in business,(956) 607-6197,3,martial arts in Pharr tx
COLD,54,AGUSTIN HERNANDEZ LAW FIRM,divorce attorney,Edinburg,4.7,67,True,real,https://www.lawrgv.com/,15+ years in business,(956) 255-5555,3,divorce attorney in Edinburg tx
COLD,54,Sosa Law,divorce attorney,Brownsville,4.8,69,True,real,https://juliannasosa.com/,7+ years in business,(956) 621-1277,3,divorce attorney in Brownsville tx
COLD,54,Salazar Electrical Services LLC,electrician,Weslaco,,0,False,none,,Closed,(956) 650-0319,3,top rated electrician near Weslaco tx
COLD,54,The Electrical Doctor,electrician,San Benito,,0,False,none,,Closed,(956) 238-1433,3,top rated electrician near San Benito tx
COLD,54,MJR Electric,electrician,Hidalgo,5.0,53,True,real,http://mjrelectrictexas.com/,Closed,(903) 363-5884,3,top rated electrician near Hidalgo tx
COLD,54,Mr. Electrician South Texas,electrician,South Padre Island,4.8,68,True,real,https://www.mrelectricianstx.tech/,,(361) 301-3723,3,electrician in South Padre Island tx
COLD,54,Mg's Style Salon,hair salon,Edinburg,4.8,61,True,real,http://mgstylesalon.com/,,(956) 287-4483,3,top rated hair salon near Edinburg tx
COLD,54,High Point Hair Salon,hair salon,Weslaco,4.8,78,True,real,https://www.vagaro.com/highpointhairsalon,Closes soon,(956) 968-2608,3,hair salon in Weslaco tx
COLD,54,Tax & Insurance Pros,accountant,Harlingen,4.9,96,True,real,https://taxprofiling.com/,918 N 77 Sunshine Strip #1,(956) 955-6511,3,best accountant in Harlingen texas
COLD,54,Jackson Hewitt Tax Service,accountant,Los Fresnos,5.0,82,True,real,https://office.jacksonhewitt.com/tax-preparation-services-locations/en/tx/los-fresnos/233-west-ocean-blvd/14108?utm_source=google&amp;utm_medium=local&amp;utm_campaign=local&amp;utm_content=14108,10+ years in business,(956) 622-4665,3,best accountant in Los Fresnos texas
COLD,54,G6 Catering,catering,San Benito,4.9,78,True,real,http://www.g6catering.com/,G6 Catering,(737) 420-8260,3,top rated catering near San Benito tx
COLD,54,Top Grade Physical Therapy,physical therapist,McAllen,5.0,84,True,real,https://topgradephysicaltherapy.com/,2801 W Expy 83 #210,(956) 854-4364,3,best physical therapist in McAllen texas
COLD,54,Total Rehabilitation of Harlingen,physical therapist,Harlingen,4.6,36,True,social,http://www.totalrehabtx.com/,595 W Sesame Dr,(956) 428-5440,3,physical therapist in Harlingen tx
COLD,54,Mission City Roofing,roofing contractor,Mission,5.0,26,True,social,https://www.missioncityroofingtx.com/,Closes soon,(210) 705-0664,3,best roofing contractor in Mission texas
COLD,54,"Revo Roofing, LLC",roofing contractor,Los Fresnos,5.0,24,True,social,http://facebook.com/revoroofing21,,(956) 479-7246,3,top rated roofing contractor near Los Fresnos tx
COLD,54,Perez Auto Repair & Electric,auto repair shop,San Benito,4.7,79,True,real,http://www.certifiedautorepaircenters.com/,10+ years in business,(956) 399-0333,3,auto repair shop in San Benito tx
COLD,54,Re-Set MassageSpa,day spa,Brownsville,4.7,80,True,real,http://www.ressetmassagespa.com/,764 Paredes Line Rd,(956) 280-5117,3,day spa in Brownsville tx
COLD,54,The Luxury Med Lounge,day spa,Donna,5.0,64,True,real,https://the-luxury-med-lounge-pllc.square.site/,125 N D Salinas Blvd ste b,(956) 463-3795,3,top rated day spa near Donna tx
COLD,54,Venture Real Estate | Real Estate Agency in McAllen | Realtors,real estate agent,McAllen,5.0,60,True,real,https://www.venturergv.com/,6624 N 10th St Ste E,(956) 444-4663,3,real estate agent in McAllen tx
COLD,54,Star Properties Real Estate,real estate agent,McAllen,5.0,90,True,real,https://starproperty.com/,30+ years in business,(956) 664-2121,3,best real estate agent in McAllen texas
COLD,54,"Zavaleta Realty, LLC",real estate agent,Brownsville,4.9,51,True,real,http://www.zavaletarealty.com/,10+ years in business,(956) 408-0133,3,real estate agent in Brownsville tx
COLD,54,Rhonda Montgomery Real Estate,real estate agent,Rio Grande City,4.8,57,True,real,https://rmontgomeryrealestate.com/,Closed,(830) 775-3704,3,real estate agent in Rio Grande City tx
COLD,50,Kaizen Clinical Partners - Port Isabel Health Clinic,urgent care,Port Isabel,3.8,73,True,real,http://kaizenclinicalpartners.com/,Closes soon,(956) 943-1774,2,urgent care in Port Isabel tx
COLD,50,The Legal House: Sofia Hidalgo | Immigration Attorney Houston | Abogada de Inmigración,immigration lawyer,Hidalgo,5.0,42,True,real,https://thelegalhouse.law/,,(281) 500-5911,1,immigration lawyer in Hidalgo tx
COLD,50,Whitt Law Offices PLLC,immigration lawyer,Port Isabel,4.8,26,True,real,https://www.loveandborder.com/,,(214) 431-5237,1,immigration lawyer in Port Isabel tx
COLD,50,Coldtek AC and Heating LLC,hvac contractor,Donna,4.8,33,True,real,http://www.coldtekair.com/,,(956) 566-2377,1,hvac contractor in Donna tx
COLD,50,Robledo’s Home Remodeling and Repairs,home remodeler,McAllen,5.0,21,True,real,http://www.rgvhomeservice.com/,,(956) 252-7526,1,home remodeler in McAllen tx
COLD,50,Mission City Remodeling,home remodeler,Mission,5.0,27,True,real,https://missioncityremodeling.com/,Closes soon,(210) 790-4035,1,home remodeler in Mission tx
COLD,50,Elite Remodeling & General Contracting LLC,home remodeler,Harlingen,5.0,45,True,real,https://www.elite-remodeling.net/,1415 N Ed Carey Dr,(956) 681-5213,1,home remodeler in Harlingen tx
COLD,50,Reyes Remodeling,home remodeler,Mercedes,5.0,13,True,social,https://www.reyesremodeltx.com/,Closes soon,(903) 312-1127,2,best home remodeler in Mercedes texas
COLD,50,Southern Remodeling & Construction LLC,home remodeler,Rio Grande City,4.7,12,True,social,https://www.instagram.com/southern.remodeling/?hl=en,Closed,(956) 454-7958,2,top rated home remodeler near Rio Grande City tx
COLD,50,DVS Nails,nail salon,San Benito,5.0,42,True,real,https://dvsnails.com/,Closes soon,,1,top rated nail salon near San Benito tx
COLD,50,NIA Insurance Agency,insurance agent,Hidalgo,4.5,20,True,real,http://www.niainsurance.us/,7+ years in business,(956) 843-5222,1,top rated insurance agent near Hidalgo tx
COLD,50,Border Flex Fitness,gym,Hidalgo,5.0,46,True,real,https://my.rhinofit.ca/store/index/512b68c3?fbclid=PAAaZk7kK3AGtJmriFr-FwF1tG44IfWJfh1Z0CHeMpwAtatFOJMHrNpT653lA,123 International Blvd D,(956) 457-3221,1,gym in Hidalgo tx
COLD,50,Ocean Optical,optometrist,Port Isabel,4.7,26,True,real,http://www.brownsvilleoptometry.com/,910 TX-100 #112,(832) 641-1057,1,optometrist in Port Isabel tx
COLD,50,Law Office of Aron David Garza PLLC,personal injury lawyer,San Benito,5.0,30,True,real,https://arondavidgarzalaw.cliogrow.com/,3+ years in business,(956) 626-2306,1,personal injury lawyer in San Benito tx
COLD,50,J. Gonzalez Law Firm- Rio Grande City,personal injury lawyer,Rio Grande City,4.9,34,True,real,https://jgonzalezlawfirm.com/?utm_source=GBP&amp;utm_medium=Organic&amp;utm_campaign=Rio-Grande-City,7+ years in business,(956) 630-6700,1,personal injury lawyer in Rio Grande City tx
COLD,50,Robert’s Repair Plumbing,plumber,Brownsville,5.0,34,True,real,https://linktr.ee/roberts_repair_plumbing,Closes soon,(956) 203-9993,1,plumber in Brownsville tx
COLD,50,Alamo Ranch Plumbing,plumber,Alamo,5.0,36,True,real,http://www.alamoranchplumbing.com/,Closes soon,(210) 996-0201,1,plumber in Alamo tx
COLD,50,Valley 360 Landscaping LLC,landscaping,McAllen,4.9,29,True,real,http://www.heffnerdesignteam.com/,Valley 360 Landscaping LLC,(956) 402-0427,1,best landscaping in McAllen texas
COLD,50,All Pro Landscapers,landscaping,Harlingen,4.8,24,True,real,http://www.allprolandscapers.com/,Closes soon,(956) 970-4863,1,best landscaping in Harlingen texas
COLD,50,Quick Cuts Landscaping and More,landscaping,Brownsville,5.0,28,True,real,http://landscaper-brownsville.com/,,(956) 201-9236,1,top rated landscaping near Brownsville tx
COLD,50,VC Massage Therapy,massage therapist,Edinburg,5.0,42,True,real,https://vcmassagetherapy.com/,15+ years in business,(956) 776-1030,1,massage therapist in Edinburg tx
COLD,50,Attention to Detail Therapeutics,massage therapist,Los Fresnos,5.0,49,True,real,https://www.vagaro.com/attentiontodetailmassage,"By Elva’s, 680 E Ocean Blvd Unit B1",(956) 408-0248,1,massage therapist in Los Fresnos tx
COLD,50,America's Best Tae Kwon Do-Karate & Mixed Martial Arts,martial arts,Edinburg,4.7,45,True,real,http://www.americasbesttkdkarate.com/,30+ years in business,(956) 800-9386,1,martial arts in Edinburg tx
COLD,50,Magallan Tae Kwon Do,martial arts,Pharr,5.0,38,True,real,http://www.magallantkd.com/,10+ years in business,(956) 313-9093,1,martial arts in Pharr tx
COLD,50,Salinas Ricardo L,divorce attorney,Mission,4.8,44,True,real,https://ricksalinas.law/,10+ years in business,(956) 584-3900,1,divorce attorney in Mission tx
COLD,50,Koch Law Firm,divorce attorney,South Padre Island,5.0,46,True,real,https://www.kochfirm.com/,,(361) 446-2636,1,top rated divorce attorney near South Padre Island tx
COLD,50,Louie's Electric,electrician,Edinburg,4.8,20,True,real,https://louieselectric.com/,,(956) 420-2868,1,electrician in Edinburg tx
COLD,50,Emerson Construction,general contractor,Hidalgo,5.0,32,True,real,https://www.emerconstruction.com/,Closed,(903) 368-0252,1,top rated general contractor near Hidalgo tx
COLD,50,Roberto Torres Catering,catering,Alamo,5.0,6,True,social,https://m.facebook.com/robertotorrescatering/,,(956) 616-2199,2,catering in Alamo tx
COLD,50,Fusion in the Woods Catering,catering,Hidalgo,5.0,21,True,real,http://www.fusioninthewoods.com/,,(903) 328-1500,1,catering in Hidalgo tx
COLD,50,XO Physical Therapy,physical therapist,Weslaco,4.6,29,True,real,https://www.xopt1.com/locations/weslaco/?utm_source=google&amp;utm_medium=organic&amp;utm_campaign=gmb-wesl,1110 James St,(956) 375-2216,1,physical therapist in Weslaco tx
COLD,50,Tijerina Law Firm PC,criminal defense attorney,McAllen,4.8,32,True,real,https://www.tijerinalawfirmpc.com/,15+ years in business,(956) 261-5609,1,criminal defense attorney in McAllen tx
COLD,50,Omar Escobar Law Firm - Starr County,criminal defense attorney,Rio Grande City,5.0,27,True,real,https://www.escobarlawfirmrgc.com/,5+ years in business,(956) 224-9350,1,criminal defense attorney in Rio Grande City tx
COLD,50,Roofing Solutions Co.,roofing contractor,Mission,4.8,44,True,real,https://www.rgvroofing.net/?utm_source=GMBlisting&amp;utm_medium=Organic,Closed,(956) 893-2362,1,roofing contractor in Mission tx
COLD,50,Morning Star Roofing & Construction LLC,roofing contractor,Port Isabel,5.0,32,True,real,https://morningstarroofing.com/#contact,,(833) 782-7030,1,roofing contractor in Port Isabel tx
COLD,50,Tru Serenity Spa,day spa,Edinburg,5.0,20,True,real,https://truserenityspa.com/,1701 S McColl Rd #4,(956) 287-4479,1,day spa in Edinburg tx
COLD,50,Dôvera Spa & Beauty,day spa,Mission,5.0,27,True,real,http://doverabeauty.com/,7+ years in business,(956) 843-0013,1,day spa in Mission tx
COLD,50,MedSpa Del Valle,day spa,Weslaco,5.0,16,True,social,https://www.facebook.com/share/19H8PmaHip/,411 N Texas Blvd,(956) 376-0730,2,day spa in Weslaco tx
COLD,50,"Leticia Valdez Real Estate Broker -McAllen/RGV/San Antonio/SPI Broker, Hablo Español",real estate agent,Pharr,4.9,43,True,real,http://leticia.lvrealestate.us/,3+ years in business,(956) 655-2103,1,real estate agent in Pharr tx
COLD,50,Jeremiah David - Realtor,real estate agent,Hidalgo,5.0,28,True,real,https://www.tnt.realty/,,(956) 435-5836,1,real estate agent in Hidalgo tx
COLD,50,Texas Heritage Real Estate,real estate agent,Rio Grande City,4.8,36,True,real,http://txheritagere.com/,Closed,(830) 775-0700,1,real estate agent in Rio Grande City tx
COLD,50,Cianna Perez - Texas Coast & Country Real Estate,real estate agent,South Padre Island,5.0,28,True,real,https://texascoastandcountry.com/,7+ years in business,(956) 407-9713,1,best real estate agent in South Padre Island texas
COLD,49,The Joint Chiropractic,chiropractor,Mission,4.3,83,True,real,https://www.thejoint.com/texas/mission/sharyland-28005,2401 E Expressway 83,(956) 374-2543,3,chiropractor in Mission tx
COLD,49,Jodi Goodwin Law Office,immigration lawyer,Harlingen,4.2,65,True,real,https://www.jodigoodwin.com/,25+ years in business,(956) 428-7212,3,immigration lawyer in Harlingen tx
COLD,49,Nailworks Nail Salon,nail salon,Los Fresnos,4.2,94,True,real,http://nails-lashes-brows.square.site/,,(956) 233-0811,3,nail salon in Los Fresnos tx
COLD,49,Pronto Insurance,insurance agent,San Benito,4.2,81,True,real,https://www.prontoinsurance.com/agentdetail/pronto-insurance-13,15+ years in business,(956) 361-3200,3,best insurance agent in San Benito texas
COLD,49,Pronto Insurance,insurance agent,Los Fresnos,4.4,79,True,real,https://www.prontoinsurance.com/agentdetail/los-fresnos-auto007,20+ years in business,(956) 233-8181,3,best insurance agent in Los Fresnos texas
COLD,49,Padre Dermatology,dermatologist,Port Isabel,4.4,85,True,real,https://www.padrederm.com/,Closed,(361) 867-1032,3,best dermatologist in Port Isabel texas
COLD,45,Khit Chiropractic & Wellness Center,chiropractor,Edinburg,5.0,31,True,real,https://khitchiropractic.com/,3101 I-69C,(956) 270-4170,2,top rated chiropractor near Edinburg tx
COLD,45,Gold Chiropractic Clinic - Dr. David Coutcher D.C.,chiropractor,Pharr,4.7,30,True,real,http://goldchiro.com/,101 I-2 Suite F,(956) 782-8000,2,chiropractor in Pharr tx
COLD,45,Texas Premier Health Urgent Care,urgent care,Harlingen,5.0,20,True,real,https://texaspremierhealth.com/about-us/,922 E Harrison Ave B,(956) 201-9277,2,best urgent care in Harlingen texas
COLD,45,Mid-Valley Urgent Care,urgent care,Mercedes,4.0,20,True,real,https://mid-valleyurgentcare.com/,2810 W Expy 83,(956) 825-3749,1,best urgent care in Mercedes texas
COLD,45,Law Office Elba Rocha PLLC Immigration & Naturalization,immigration lawyer,Donna,4.5,35,True,real,http://www.lawelbarocha.com/,Closes soon,(956) 787-2471,2,immigration lawyer in Donna tx
COLD,45,KW Immigration Law PC,immigration lawyer,Donna,5.0,27,True,real,https://kwimmigrationlaw.com/,Closes soon,(512) 537-1457,2,best immigration lawyer in Donna texas
COLD,45,Air System Experts Air Conditioning & Heating Service,hvac contractor,Donna,4.9,38,True,real,https://www.rgvairsystemexperts.com/,Closes soon,(956) 784-9739,2,hvac contractor in Donna tx
COLD,45,Speedy Cooling LLC,hvac contractor,Alamo,5.0,32,True,real,https://speedycoolinghvac.com/,,(956) 502-3636,2,hvac contractor in Alamo tx
COLD,45,Pilsner HVAC & Refrigeration LLC,hvac contractor,South Padre Island,5.0,36,True,real,https://www.pilsnerhvacandrefrigeration.com/,,(956) 295-0127,2,hvac contractor in South Padre Island tx
COLD,45,Comfort Homes,home remodeler,Harlingen,5.0,29,True,real,https://comforthomesrgv.com/,20+ years in business,(956) 867-2904,2,home remodeler in Harlingen tx
COLD,45,Joe's Remodeling,home remodeler,Mercedes,5.0,3,True,social,https://www.facebook.com/profile.php?id=61557289419097&amp;mibextid=LQQJ4d,3+ years in business,(956) 363-8730,2,home remodeler in Mercedes tx
COLD,45,Victor's Quality Remodeling LLC,home remodeler,Port Isabel,5.0,30,True,real,https://victorsqualityremodeling.com/,,(469) 623-2418,2,top rated home remodeler near Port Isabel tx
COLD,45,Reyna's nails,nail salon,San Benito,4.9,40,True,real,https://reynas-nails-103270.square.site/,Closes soon,(956) 626-1563,2,nail salon in San Benito tx
COLD,45,TWFG Garcia Insurance,insurance agent,Harlingen,5.0,43,True,real,https://agentpages.twfg.com/garciainsurance/#team,2404 F St Suite A,(956) 305-2820,2,insurance agent in Harlingen tx
COLD,45,grind gym,gym,Mercedes,4.8,22,True,real,http://thegrindrgv.com/contact/,7+ years in business,(956) 903-4168,2,gym in Mercedes tx
COLD,45,"D&A Moving Solutions, LLC",moving company,Donna,4.9,44,True,real,http://damovingsolutionsllc.com/,,(830) 445-1402,2,moving company in Donna tx
COLD,45,Mid-Valley Dental: David L. Trevino DDS,orthodontist,Mercedes,4.8,28,True,real,http://midvalleydentalrgv.com/,302 N Texas Ave a,(956) 825-9090,2,orthodontist in Mercedes tx
COLD,45,Law Office of AJ Garcia,personal injury lawyer,Alamo,4.5,46,True,real,https://alamolawcenter.com/,7+ years in business,(956) 601-0247,2,personal injury lawyer in Alamo tx
COLD,45,"Heffner Design Team, PLLC, McAllen",landscaping,McAllen,5.0,44,True,real,http://www.heffnerdesignteam.com/,Closed,(956) 540-7850,2,best landscaping in McAllen texas
COLD,45,University Auto body & Collision,auto body shop,Edinburg,4.3,47,True,real,http://university-collision.poi.place/,10+ years in business,(956) 318-1753,1,auto body shop in Edinburg tx
COLD,45,The Collision Stop Express,auto body shop,San Benito,5.0,21,True,real,https://collisionstop.com/,1555 S Sam Houston Blvd,(956) 399-5644,2,best auto body shop in San Benito texas
COLD,45,CARSTAR Collision Specialists of Rio Grande City,auto body shop,Rio Grande City,4.9,46,True,real,https://www.carstar.com/locations/tx/rio-grande-city-15720/,230 FM 3167,(956) 283-5866,2,auto body shop in Rio Grande City tx
COLD,45,Reconnection Myofascial Release & Wellness LLC,massage therapist,Harlingen,4.9,40,True,real,http://reconnectionmfr.com/,10+ years in business,(956) 622-3009,2,massage therapist in Harlingen tx
COLD,45,ThaiRelax Wellness & Spa,massage therapist,Pharr,5.0,25,True,real,http://thairelaxspa.com/,934 W Nolana Loop,(956) 538-9251,2,massage therapist in Pharr tx
COLD,45,Hope and Healing Massage Therapy,massage therapist,Port Isabel,5.0,22,True,real,http://www.hopeandhealingmassage.com/,,(956) 238-9596,2,best massage therapist in Port Isabel texas
COLD,45,Champion Academy Jiu-Jitsu,martial arts,Mission,5.0,30,True,real,http://www.championacademyjj.com/,5+ years in business,(956) 451-3796,2,martial arts in Mission tx
COLD,45,Montalvo Dental Esthetics,cosmetic dentist,San Benito,5.0,34,True,real,http://www.drmarcusmontalvo.com/,500 West Business 77 suite 102,(956) 276-4439,2,cosmetic dentist in San Benito tx
COLD,45,"Law Office of Amber M. Rodriguez, PLLC",divorce attorney,Harlingen,4.7,29,True,real,https://amrodriguezlaw.com/?utm_source=google-local&amp;utm_medium=organic&amp;utm_campaign=4109,7+ years in business,(956) 291-7103,2,divorce attorney in Harlingen tx
COLD,45,The Law Office of Aaron Fonseca,divorce attorney,Hidalgo,4.9,27,True,real,https://afonsecalaw.com/?utm_source=google-local&amp;utm_medium=organic&amp;utm_campaign=1239,Closes soon,(956) 510-9800,2,best divorce attorney in Hidalgo texas
COLD,45,RED Construction & Remodeling LLC.,general contractor,McAllen,5.0,32,True,real,http://www.redconstructionandremodeling.com/,Closed,(956) 215-1853,2,general contractor in McAllen tx
COLD,45,JJ Builds-Roofing & Demolition,general contractor,Edinburg,5.0,22,True,real,http://jjbuilds.us/,,(956) 739-6448,2,general contractor in Edinburg tx
COLD,45,Simplify Build Contractors,general contractor,Mission,5.0,24,True,real,https://www.simplify-build.com/,,(903) 920-5395,2,best general contractor in Mission texas
COLD,45,J & E Contracting Services,general contractor,Harlingen,5.0,29,True,real,https://www.jandecontracting.info/,,(956) 245-7848,2,general contractor in Harlingen tx
COLD,45,Specialty Drywall Painting and Concrete works,general contractor,Weslaco,4.9,35,True,real,http://www.vizcainodrywallandpainting.com/,,(956) 619-9567,2,general contractor in Weslaco tx
COLD,45,Isaac Gomez CPA PLLC,accountant,McAllen,4.8,20,True,real,http://www.isgcpa.com/,10+ years in business,(956) 289-6403,2,best accountant in McAllen texas
COLD,45,MBS Accountancy Corporation - CPA Firm - Local CPAs,accountant,Los Fresnos,5.0,49,True,real,https://mbs.cpa/?utm_campaign=gmb&amp;utm_source=googlebusinessprofile,,(559) 316-5301,2,accountant in Los Fresnos tx
COLD,45,Smile & Shine,dentist,Rio Grande City,4.5,34,True,real,http://smile-shine.com/,5326 E E US Hwy 83 Suite A-3,(956) 263-1222,2,dentist in Rio Grande City tx
COLD,45,Treehouse Rehabilitation Center,physical therapist,Mercedes,4.2,5,True,social,https://www.facebook.com/treehouserehabcenter/,327 W 3rd St,(956) 565-9300,2,physical therapist in Mercedes tx
COLD,45,Isla Physical Therapy,physical therapist,Port Isabel,4.8,32,True,real,http://www.islaphysicaltherapy.com/,1200 TX-100 Suite 3,(956) 943-1028,2,physical therapist in Port Isabel tx
COLD,45,The Training Room Physical Therapy (Island),physical therapist,South Padre Island,5.0,32,True,real,https://thetrainingroomcc.com/,Closes soon,(361) 589-4480,2,top rated physical therapist near South Padre Island tx
COLD,45,Texas Criminal Defense Group,criminal defense attorney,South Padre Island,4.9,24,True,real,https://texascriminaldefensegroup.com/san-angelo-criminal-lawyers/,,(325) 240-6800,2,best criminal defense attorney in South Padre Island texas
COLD,45,Castro Roofing,roofing contractor,McAllen,4.9,44,True,real,https://castroroofs.com/,Closes soon,(956) 739-6862,2,roofing contractor in McAllen tx
COLD,45,Martinez Roofing & Restoration,roofing contractor,Edinburg,5.0,40,True,real,https://www.martinezroofingandrestoration.com/,,(956) 292-9140,2,roofing contractor in Edinburg tx
COLD,45,McAllen Valley Roofing Co.,roofing contractor,Harlingen,5.0,34,True,real,https://www.harlingenroofing.com/,,(956) 431-0300,2,roofing contractor in Harlingen tx
COLD,45,McAllen Valley Roofing Co.,roofing contractor,Brownsville,5.0,43,True,real,https://www.brownsville-roofing.com/,,(956) 431-0251,2,best roofing contractor in Brownsville texas
COLD,45,Hernandez Roofing and Restoration,roofing contractor,Port Isabel,5.0,41,True,real,https://hernandezroofingandrestoration.com/,,(903) 818-7309,2,roofing contractor in Port Isabel tx
COLD,45,The Zen Head Spa & Wellness LLC.,day spa,Brownsville,4.9,22,True,real,http://thezen.glossgenius.com/,840 W Price Rd,(956) 431-1923,2,day spa in Brownsville tx
COLD,45,Elements Aqua Salon & Med Spa,day spa,Port Isabel,4.8,22,True,real,https://elementsaqua.com/,Closed,(956) 524-8033,2,day spa in Port Isabel tx
COLD,45,Franke Realty Real Estate Sales,real estate agent,South Padre Island,4.5,31,True,real,https://frankerealty.com/,70+ years in business,(956) 761-2606,2,best real estate agent in South Padre Island texas
COLD,44,Aliz Remodeling,home remodeler,Port Isabel,5.0,11,True,social,https://www.facebook.com/alizremodeling/,,(956) 326-8968,3,top rated home remodeler near Port Isabel tx
COLD,44,"Bridgepoint Insurance Agency & Permit Center, LLC",insurance agent,Donna,3.6,53,True,real,https://www.bridgepointinsurance.com/app/#!/home?utm_medium=directory&amp;utm_source=google&amp;utm_campaign=BTXDON_Donna_TX,5+ years in business,(956) 331-8599,3,insurance agent in Donna tx
COLD,44,IronShield CrossFit,gym,Donna,5.0,13,True,social,https://www.facebook.com/ironshieldcrossfit/,2014 Redskin Ave,(956) 404-4655,3,gym in Donna tx
COLD,44,Combat Sports Institute,martial arts,Mission,5.0,15,True,social,https://www.facebook.com/combatsportsinstitute,3+ years in business,(956) 378-5608,3,martial arts in Mission tx
COLD,44,DVS - Quality Electrical Service and Electrical Maintenance,electrician,Edinburg,5.0,6,True,social,https://dvs-tx.com/,,(956) 247-0310,3,electrician in Edinburg tx
COLD,44,Essential Electrical Services,electrician,Port Isabel,5.0,14,True,social,https://www.facebook.com/search/top?q=essential%20electrical%20services%20llc,,(832) 270-1884,3,electrician in Port Isabel tx
COLD,44,Rio Valley Dermatology,dermatologist,Brownsville,2.7,60,True,real,http://riovalleydermatology.com/,864 Central Blvd,(956) 546-7546,3,dermatologist in Brownsville tx
COLD,44,Deluxe Day Spa,day spa,Edinburg,5.0,14,True,social,https://www.facebook.com/deluxedayspaa/,3+ years in business,(956) 644-1090,3,day spa in Edinburg tx
COLD,44,BioCapeli,day spa,South Padre Island,5.0,5,True,social,https://www.facebook.com/BioCapelli-175484829173956/,340 Padre Blvd,(956) 543-6352,3,day spa in South Padre Island tx
COLD,40,WellMed at San Benito,urgent care,San Benito,4.3,31,True,real,https://doctors.wellmedhealthcare.com/locations/details/10511?utm_source=google&amp;utm_medium=organic&amp;utm_campaign=local-listings,850 US-77 Ste. C,(956) 361-4558,2,urgent care in San Benito tx
COLD,40,Hidalgo Family Clinic,urgent care,Hidalgo,3.9,45,True,real,https://sites.google.com/view/familyclinichidalgo/home,3001 N McColl Rd,(956) 627-0510,1,urgent care in Hidalgo tx
COLD,40,Law Office of Monica Moreno,immigration lawyer,Mission,4.6,10,True,real,http://www.monicamorenolaw.com/,10+ years in business,(956) 600-7471,1,immigration lawyer in Mission tx
COLD,40,Jones and Crane Attorneys,immigration lawyer,Weslaco,4.8,16,True,real,https://www.diezandcrane.com/,505 Angelita Dr #1,(956) 968-5468,1,immigration lawyer in Weslaco tx
COLD,40,Triple JP Contractors,home remodeler,San Benito,5.0,11,True,real,https://triplejpcontractors.com/,,(956) 742-7306,1,home remodeler in San Benito tx
COLD,40,ortega construction &remodeling,home remodeler,Donna,5.0,18,True,real,http://www.ortegaconstructionremodeling.com/,5+ years in business,(956) 373-0935,1,home remodeler in Donna tx
COLD,40,Kevin J Home Construction LLC,home remodeler,South Padre Island,5.0,9,True,real,https://construction-corpuschristi.com/,,(361) 201-9971,1,best home remodeler in South Padre Island texas
COLD,40,Shah Eye Center: Rio Grande City,optometrist,Rio Grande City,4.4,23,True,real,https://shaheyecenter.com/,5346 E US Hwy 83,(956) 583-0202,2,optometrist in Rio Grande City tx
COLD,40,Don Miguel Escamilla Attorney At Law PLLC,personal injury lawyer,Port Isabel,5.0,5,True,real,http://donmelaw.com/,7+ years in business,(956) 225-5404,1,personal injury lawyer in Port Isabel tx
COLD,40,Fino's Landscaping & Tree Service,landscaping,Los Fresnos,5.0,14,True,real,http://finoslandscapingandtreeservice.com/,,(832) 984-8543,1,best landscaping in Los Fresnos texas
COLD,40,Nature’s Edge Lawn Care Services LLC,landscaping,Port Isabel,5.0,10,True,real,https://naturesedgelawnservices.com/,Closes soon,(956) 551-6888,1,landscaping in Port Isabel tx
COLD,40,Alamo City Massage,massage therapist,Alamo,5.0,10,True,real,http://well-beingstudio65.clinicsense.com/,Closes soon,(210) 380-8173,1,massage therapist in Alamo tx
COLD,40,"Victor Hugo Gonzalez, LMT/L.Ae.",massage therapist,Port Isabel,4.8,8,True,real,https://www.southpadremassage.com/,15+ years in business,(956) 346-7126,1,best massage therapist in Port Isabel texas
COLD,40,Alamo Divorce Attorneys,divorce attorney,Alamo,5.0,14,True,real,http://www.alamodivorceattorneys.com/,,(210) 446-4899,1,divorce attorney in Alamo tx
COLD,40,CHICO Electrical Services LLC,electrician,Mission,5.0,10,True,real,https://www.chicoelectricalservicesllc.com/,Closes soon,(956) 960-9898,1,electrician in Mission tx
COLD,40,REA General Contractors LLC,general contractor,McAllen,5.0,16,True,real,https://reabuild.org/,Closes soon,(956) 429-2507,1,general contractor in McAllen tx
COLD,40,Alamo City General Contractors,general contractor,Alamo,5.0,14,True,real,http://acgcroofing.com/,Closed,(210) 920-6234,1,general contractor in Alamo tx
COLD,40,TSG General Contractors LLC,general contractor,Hidalgo,5.0,10,True,real,http://www.tsg-gc.com/,Closes soon,(972) 213-8557,1,general contractor in Hidalgo tx
COLD,40,The Hair Studio by Lorena,hair salon,Hidalgo,4.5,8,True,real,https://thehairstudiobylorena.com/,,(956) 438-1812,1,hair salon in Hidalgo tx
COLD,40,Snyman & Garcia Accounting,accountant,McAllen,5.0,12,True,real,https://morinsnyman.com/,6521 N 10th St # F,(956) 446-1050,1,accountant in McAllen tx
COLD,40,Arredondo & Cabriales CPA Accounting & Tax Strategist,accountant,Mission,4.5,6,True,real,https://www.acconsultants.cpa/,25+ years in business,(956) 519-3773,1,accountant in Mission tx
COLD,40,DB CATERING EVENTS,catering,Los Fresnos,5.0,10,True,real,https://dbcateringevent.com/,,(214) 519-3109,1,catering in Los Fresnos tx
COLD,40,Karsh's Catering,catering,Los Fresnos,5.0,14,True,real,https://karshs.com/,,(559) 906-2433,1,best catering in Los Fresnos texas
COLD,40,Subway,catering,Hidalgo,3.5,27,True,real,https://restaurants.subway.com/united-states/tx/hidalgo/3000-n-jackson?utm_source=yxt-goog&amp;utm_medium=local&amp;utm_term=acq&amp;utm_content=61268&amp;utm_campaign=evergreen-2020&amp;y_source=1_MTQ5MDQ1MTgtNzE1LWxvY2F0aW9uLndlYnNpdGU%3D,,(956) 843-4898,1,best catering in Hidalgo texas
COLD,40,XO Physical Therapy Mission,physical therapist,Mission,4.2,22,True,real,https://www.xopt1.com/locations/mcallen/?utm_source=google&amp;utm_medium=organic&amp;utm_campaign=gmb-miss,1512 E Griffin Pkwy #10,(956) 997-0201,2,physical therapist in Mission tx
COLD,40,Doctors Dermatology at Mission,dermatologist,Mission,4.4,36,True,real,https://drsdermatology.com/,2013 E Griffin Pkwy,(956) 803-0180,2,best dermatologist in Mission texas
COLD,40,UT Health RGV Surgical Specialty (Harlingen),dermatologist,Harlingen,4.4,27,True,real,https://uthealthrgv.org/locations/uthealthrgv-surgical-specialty-harlingen/,615 Camelot Dr,(956) 296-2701,2,best dermatologist in Harlingen texas
COLD,40,MI Med Spa Wellness&Beauty,day spa,Rio Grande City,5.0,13,True,real,http://mimedspa.org/,5206 E US Hwy 83,(956) 476-8578,1,best day spa in Rio Grande City texas
COLD,39,Last Call Urgent Care,urgent care,Brownsville,4.6,37,True,real,https://lastcallurgentcare.com/,160 Plaza Santa Rosa,(956) 621-1255,3,best urgent care in Brownsville texas
COLD,39,"Comfort Design, Inc.",hvac contractor,Port Isabel,4.9,44,True,real,https://www.comfortdesignincporta.com/?utm_source=google&amp;utm_medium=organic&amp;utm_campaign=gbp,,(361) 749-5162,3,hvac contractor in Port Isabel tx
COLD,39,Isla Bella Salon and Spa,nail salon,South Padre Island,4.7,42,True,real,http://spislabella.com/,Closed,(956) 943-7303,3,best nail salon in South Padre Island texas
COLD,39,Freeway Insurance,insurance agent,Mission,4.9,30,True,real,https://locations.freeway.com/mission-insurance-tx-78572?utm_medium=directory&amp;utm_source=google&amp;utm_campaign=ZTX002_Mission_TX,301 W Griffin Pkwy #7,(956) 688-9099,3,top rated insurance agent near Mission tx
COLD,39,Pronto Insurance,insurance agent,Alamo,4.5,42,True,real,https://www.prontoinsurance.com/agentdetail/d8-pronto-insurance197,5+ years in business,(956) 783-0230,3,top rated insurance agent near Alamo tx
COLD,39,Pronto Insurance,insurance agent,Hidalgo,4.0,19,True,social,https://www.facebook.com/Pronto-Insurance-Hidalgo-113987426684831/,7+ years in business,(956) 843-2545,3,top rated insurance agent near Hidalgo tx
COLD,39,Direct Auto Insurance,insurance agent,Rio Grande City,5.0,43,True,real,https://local.directauto.com/texas/rio-grande-city/4023-east-highway-83?y_source=1_MTU4OTA3ODYtNzE1LWxvY2F0aW9uLndlYnNpdGU%3D,5+ years in business,(956) 849-4999,3,top rated insurance agent near Rio Grande City tx
COLD,39,Revitalize fitness hub,gym,Mission,5.0,20,True,real,https://revitalizefitnesshub.com/,1615 E Griffin Pkwy,(956) 750-0343,3,top rated gym near Mission tx
COLD,39,Lexna Gym Exclusive,gym,Brownsville,5.0,33,True,real,http://lexnagymexclusive.com/,3+ years in business,(956) 203-3093,3,top rated gym near Brownsville tx
COLD,39,F.I.T. Lab Fitness Weslaco,gym,Weslaco,4.8,45,True,real,https://fitlabfacilities.com/,1121 W Expy 83,(956) 483-1197,3,best gym in Weslaco texas
COLD,39,Health Zone Fitness Club,gym,Alamo,5.0,4,True,social,http://www.facebook.com/HealthZoneFitnessClub,10+ years in business,(956) 221-2591,3,gym in Alamo tx
COLD,39,Benitez Movers,moving company,Edinburg,4.6,22,True,real,https://benitezmovers.godaddysites.com/,,(956) 279-5398,3,moving company in Edinburg tx
COLD,39,J. Gonzalez Law Firm- Harlingen,personal injury lawyer,Harlingen,4.9,29,True,real,https://jgonzalezlawfirm.com/?utm_source=GBP&amp;utm_medium=Organic&amp;utm_campaign=Harlingen,3+ years in business,(956) 630-6700,3,personal injury lawyer in Harlingen tx
COLD,39,J. Gonzalez Law Firm- Weslaco,personal injury lawyer,Donna,4.8,41,True,real,https://jgonzalezlawfirm.com/?utm_source=GBP&amp;utm_medium=Organic&amp;utm_campaign=Weslaco,,(956) 630-6700,3,personal injury lawyer in Donna tx
COLD,39,Servis Plumbing,plumber,Edinburg,4.7,42,True,real,https://servisplumbingrgv.com/,,(956) 378-9201,3,top rated plumber near Edinburg tx
COLD,39,South Texas Plumbing Contractors,plumber,South Padre Island,4.7,29,True,real,http://www.southtexasplumbingcontractors.com/,,(956) 333-6935,3,best plumber in South Padre Island texas
COLD,39,Green Garden Lawn Care Service,landscaping,Brownsville,5.0,25,True,real,https://greengardenlawncareservice.com/,Closes soon,(956) 338-3748,3,top rated landscaping near Brownsville tx
COLD,39,Elite Therapeutics of South Texas,massage therapist,Harlingen,5.0,37,True,real,https://harlingenmassagetherapy.com/,,(956) 793-9989,3,massage therapist in Harlingen tx
COLD,39,RGVFA ACADEMY,martial arts,Edinburg,5.0,33,True,real,https://rgvfa.com/rgvfa,10+ years in business,(956) 289-6385,3,martial arts in Edinburg tx
COLD,39,Garden Warrior Jiu-Jitsu and Combat Sports Academy,martial arts,Harlingen,4.9,27,True,real,https://www.gwjj.net/,3+ years in business,(956) 230-3360,3,best martial arts in Harlingen texas
COLD,39,"Gage Dental, PLLC",cosmetic dentist,South Padre Island,4.8,49,True,real,http://www.gagedental.net/,Closes soon,(361) 867-1800,3,cosmetic dentist in South Padre Island tx
COLD,39,LAW OFFICE OF OSCAR LONGORIA,divorce attorney,Mission,4.8,38,True,real,http://oscarlongorialaw.com/,15+ years in business,(956) 600-7868,3,divorce attorney in Mission tx
COLD,39,Espronceda Law,divorce attorney,Alamo,5.0,40,True,real,https://alamodivorcelawyer.com/,Closes soon,(210) 504-1514,3,best divorce attorney in Alamo texas
COLD,39,"Hobson-Guadalupe Law, PLLC",divorce attorney,Los Fresnos,5.0,31,True,real,https://www.guadalupelawfirm.com/,Closes soon,(832) 829-0972,3,top rated divorce attorney near Los Fresnos tx
COLD,39,Euro Electric,electrician,McAllen,5.0,42,True,real,http://www.euroelectric.tech/,,(956) 573-5317,3,top rated electrician near McAllen tx
COLD,39,Kingdom Creation,general contractor,Harlingen,5.0,39,True,real,https://kingdomcreation.org/,,(210) 857-7718,3,best general contractor in Harlingen texas
COLD,39,Dardens Construction LLC,general contractor,Rio Grande City,5.0,44,True,real,https://www.dardensconstruction.com/,,(409) 256-1680,3,top rated general contractor near Rio Grande City tx
COLD,39,Bellami Del Mar Salon,hair salon,South Padre Island,4.9,28,True,real,https://moniquevidal.glossgenius.com/,Closed,(956) 772-7005,3,best hair salon in South Padre Island texas
COLD,39,"Your Tax Service, LLC",accountant,McAllen,4.7,29,True,real,https://www.yourtaxservicergv.com/,10+ years in business,(956) 661-1800,3,accountant in McAllen tx
COLD,39,Muñoz CPA LLC,accountant,McAllen,4.9,49,True,real,https://fmunozcpa.com/,Closed,(956) 219-3693,3,best accountant in McAllen texas
COLD,39,Rodriguez Bookkeeping & Tax Services,accountant,Los Fresnos,4.1,15,True,social,https://m.facebook.com/Rodriguez-Bookkeeping-Tax-Svc-605016239565026/,10+ years in business,(956) 233-8855,3,accountant in Los Fresnos tx
COLD,39,"The Law Office of Aimee A. Trevino, PLLC",criminal defense attorney,Harlingen,5.0,22,True,real,https://www.abogadaaimee.com/,Closes soon,(956) 538-3747,3,criminal defense attorney in Harlingen tx
COLD,39,"Anthony M. Ortega Law, PLLC",criminal defense attorney,Donna,5.0,30,True,real,https://www.anthonyortegalaw.com/,Closed,(956) 438-4357,3,criminal defense attorney in Donna tx
COLD,39,Lighthouse Roofing & Exteriors LLC.,roofing contractor,South Padre Island,5.0,47,True,real,https://www.lighthouseroofingcompany.com/,Closed,(361) 214-7447,3,best roofing contractor in South Padre Island texas
COLD,39,Rapid Auto and Truck Repair,auto repair shop,Mission,4.9,35,True,real,https://rapidautoandtruck.com/,5+ years in business,(956) 780-2798,3,best auto repair shop in Mission texas
COLD,39,GSR Auto Repair,auto repair shop,Alamo,5.0,1,True,social,https://www.facebook.com/share/1FtZtgGULW/?mibextid=wwXIfr,105 N 9th Pl,(956) 510-4172,3,best auto repair shop in Alamo texas
COLD,39,"Cassandra Champion | REALTOR® Brownsville - McAllen, TX",real estate agent,Brownsville,5.0,46,True,real,https://cassandrachampion.exprealty.com/,,(956) 371-8062,3,top rated real estate agent near Brownsville tx
COLD,39,Realtor Derrick Galvan,real estate agent,Weslaco,5.0,39,True,real,http://www.derrickgalvan.realtor/,1420 E Interstate Hwy 2,(956) 739-0680,3,best real estate agent in Weslaco texas
COLD,39,Marcus Phipps Real Estate LLC,real estate agent,Mercedes,5.0,20,True,real,http://www.marcusphipps.com/,Closed,(956) 423-5300,3,real estate agent in Mercedes tx
COLD,39,Eric Real Estate Group LLC,real estate agent,Rio Grande City,4.8,31,True,real,https://www.bettercalleric.com/,,(956) 292-4500,3,best real estate agent in Rio Grande City texas
COLD,35,Serrato Law Group PLLC,immigration lawyer,San Benito,5.0,7,True,real,http://serratolegal.com/,3+ years in business,(956) 626-1699,2,immigration lawyer in San Benito tx
COLD,35,Christian Y. Alvarez Law LLC - Immigration Law Firm / Abogada de Inmigracion,immigration lawyer,Rio Grande City,5.0,14,True,real,https://alvarezimmigration.com/texas,Closes soon,(956) 587-0708,2,best immigration lawyer in Rio Grande City texas
COLD,35,RGV Home Service,home remodeler,McAllen,5.0,12,True,real,http://www.rgvhomeservice.com/,,(956) 215-7073,2,home remodeler in McAllen tx
COLD,35,Alpha Home Builders & Remodeling LLC,home remodeler,Brownsville,5.0,2,True,real,http://www.alphahomebuildersr.com/,Closed,(956) 634-2332,1,home remodeler in Brownsville tx
COLD,35,Noe Ruiz Remodeling and Painting,home remodeler,Brownsville,4.9,9,True,real,https://remodelertexas.com/,,,2,home remodeler in Brownsville tx
COLD,35,Alamo Home Remodeling,home remodeler,Alamo,5.0,3,True,real,https://alamohomeremodeling.com/,Closes soon,(830) 513-7065,1,home remodeler in Alamo tx
COLD,35,South Texas Builders - Custom Home Builders,home remodeler,Rio Grande City,5.0,2,True,real,https://south-texasbuilders.com/,,(956) 594-6936,1,home remodeler in Rio Grande City tx
COLD,35,Delta Insurance Agency,insurance agent,San Benito,4.8,12,True,real,http://www.deltainsuranceusa.com/,7+ years in business,(956) 276-4827,2,best insurance agent in San Benito texas
COLD,35,Coleman Hall & Heinze Insurance,insurance agent,Port Isabel,4.8,4,True,real,http://www.cameroncountyinsurance.com/,10+ years in business,(956) 943-6481,1,insurance agent in Port Isabel tx
COLD,35,Mint Orthodontics,orthodontist,Rio Grande City,4.6,16,True,real,http://www.mintorthodonticstexas.com/,5422 E US Hwy 83,(956) 283-5177,2,best orthodontist in Rio Grande City texas
COLD,35,G1 Plumbing Contractors,plumber,Donna,4.9,12,True,real,https://callmightymike.com/,G1 Plumbing Contractors,(956) 975-4445,2,best plumber in Donna texas
COLD,35,JC3 Lawn and Landscape - Landscaping & Irrigation/Sprinkler Company,landscaping,Weslaco,5.0,6,True,real,https://jc3lawn.com/,JC3 Lawn and Landscape - Landscaping & Irrigation/Sprinkler Company,(210) 639-7827,2,landscaping in Weslaco tx
COLD,35,All About You Massage Therapy,massage therapist,Mercedes,5.0,12,True,real,https://www.juanitarangel.com/,7+ years in business,(956) 650-3368,2,massage therapist in Mercedes tx
COLD,35,About Time For Massage,massage therapist,South Padre Island,4.8,5,True,real,http://abouttimeformassage.com/,10+ years in business,(956) 867-2745,2,massage therapist in South Padre Island tx
COLD,35,The Law Offices of Abiel Flores,divorce attorney,Mission,4.6,10,True,real,https://www.mcallentxlawyer.com/,5+ years in business,(956) 630-7777,2,divorce attorney in Mission tx
COLD,35,"Hassell Family Law, PLLC",divorce attorney,Los Fresnos,5.0,16,True,real,https://www.hassellfamilylaw.com/,Closes soon,(713) 565-1665,2,top rated divorce attorney near Los Fresnos tx
COLD,35,Alpha Electrical Solutions,electrician,Pharr,5.0,19,True,real,https://alphaelectrosolutions.com/,,(956) 666-9997,2,best electrician in Pharr texas
COLD,35,Roa Brothers Construction,general contractor,San Benito,5.0,3,True,real,https://www.roaconstructionrgv.com/,Closes soon,(956) 410-4959,1,general contractor in San Benito tx
COLD,35,Rafa's General Construction LLC,general contractor,Donna,5.0,1,True,real,https://rafasgralconstructionllc.com/,,(956) 533-7620,1,general contractor in Donna tx
COLD,35,Saenz Brothers Construction.LLC,general contractor,Donna,4.8,8,True,real,Construction.LLC,,(956) 464-3400,2,general contractor in Donna tx
COLD,35,H&H Construction and Restoration,general contractor,Hidalgo,5.0,6,True,real,http://hhconstruction-restoration.com/,Closed,(903) 456-5917,2,general contractor in Hidalgo tx
COLD,35,Capstone Design & Construction LLC,general contractor,Rio Grande City,5.0,1,True,real,https://www.capstonergv.com/contact.asp,Closed,(956) 297-5657,1,general contractor in Rio Grande City tx
COLD,35,Gold Star Construction,general contractor,Port Isabel,5.0,1,True,real,http://www.goldstar.build/,Closes soon,(956) 536-1385,1,top rated general contractor near Port Isabel tx
COLD,35,HMCI General Contractors,general contractor,Port Isabel,5.0,11,True,real,https://hmcigeneralcontractors.com/,Closed,(361) 205-0517,2,top rated general contractor near Port Isabel tx
COLD,35,"James Hiebert, CPA",accountant,McAllen,5.0,11,True,real,http://cpa-jh.com/,10+ years in business,(956) 580-0669,2,accountant in McAllen tx
COLD,35,Brown Bear Solutions,accountant,Mission,5.0,12,True,real,http://www.brownbearsolutions.com/,5+ years in business,(956) 445-3208,2,accountant in Mission tx
COLD,35,"Carr, Riggs & Ingram CPAs and Advisors",accountant,Harlingen,5.0,1,True,real,http://www.cricpa.com/,402 E Tyler Ave,(956) 423-3765,1,accountant in Harlingen tx
COLD,35,Jimenez & Associates,accountant,Brownsville,4.9,10,True,real,https://castrojimenez.com/,1160 Paredes Line Rd,(956) 982-1083,2,accountant in Brownsville tx
COLD,35,AGM & Associates,accountant,Donna,5.0,18,True,real,http://agm-associates.com/,315 N Main St F,(956) 461-0081,2,accountant in Donna tx
COLD,35,Carmen's Catering,catering,Pharr,4.3,12,True,real,http://mcallentxcatering.com/,,(956) 533-4752,1,catering in Pharr tx
COLD,35,Karla's Katering,catering,South Padre Island,4.3,6,True,real,https://karlaskatering.wixsite.com/southpadre,10+ years in business,(956) 761-1644,1,best catering in South Padre Island texas
COLD,35,Law Office of Carlos J. Garza,criminal defense attorney,Weslaco,4.0,16,True,real,http://www.garzapclaw.com/,10+ years in business,(956) 973-9430,1,criminal defense attorney in Weslaco tx
COLD,35,RE/MAX Elite,real estate agent,Port Isabel,5.0,2,True,real,https://www.homesspi.com/,5+ years in business,(956) 433-5648,1,real estate agent in Port Isabel tx
COLD,35,South Padre Island Real Estate,real estate agent,South Padre Island,5.0,2,True,real,https://www.sellingsouthpadreisland.com/,7+ years in business,(956) 500-6800,1,real estate agent in South Padre Island tx
LOW,34,Enterprise Air Conditioning & Refrigeration,hvac contractor,Mercedes,4.0,31,True,real,https://enterpriseairconditioningrefrigeration.com/,,(956) 514-1052,3,hvac contractor in Mercedes tx
LOW,34,"Dennis Chang, O.D.",optometrist,Weslaco,4.3,22,True,real,https://dennismchang.com/,601 E Expressway 83 # 100B,(956) 969-2816,3,optometrist in Weslaco tx
LOW,34,PinPoint Construction,general contractor,Edinburg,4.3,27,True,real,http://www.pinpointrgv.com/,,(956) 720-0280,3,general contractor in Edinburg tx
LOW,34,Doctors Dermatology at Weslaco,dermatologist,Weslaco,4.0,41,True,real,http://drsdermatology.com/,1001 Rone Dr Suite #3,(956) 803-0180,3,best dermatologist in Weslaco texas
LOW,32,Access Dental & Orthodontics,orthodontist,Weslaco,4.0,39,True,real,https://accessdentalclinics.com/locations/texas/weslaco-tx-on-w-expy-83/,2307 W Expy 83 # C,(956) 375-2467,4,orthodontist in Weslaco tx
LOW,30,United Chiropractic & Rehabilitation Center,chiropractor,Donna,5.0,2,True,real,http://www.weslacochiropractic.com/,1211 E Expressway 83,(956) 461-0777,2,chiropractor in Donna tx
LOW,30,Alexandra Lozano Immigration Law PLLC,immigration lawyer,Los Fresnos,5.0,2,True,real,https://www.abogadaalexandra.com/,,(877) 773-7647,2,immigration lawyer in Los Fresnos tx
LOW,30,"Alvarado Immigration Law, PLLC",immigration lawyer,South Padre Island,5.0,1,True,real,https://www.alvaradoimmigrationlaw.com/,Closes soon,(361) 257-0818,2,best immigration lawyer in South Padre Island texas
LOW,30,"Home Repairs & Remodelation, Additions,baths, kitchen,Paint, across the RGV",home remodeler,Alamo,5.0,2,True,real,http://www.alamocustomrenovations.com/,Closed,(956) 662-8683,2,home remodeler in Alamo tx
LOW,30,Willis Development & Construction,home remodeler,South Padre Island,5.0,1,True,real,http://www.willisdevelopment.com/,20+ years in business,(956) 572-3191,2,home remodeler in South Padre Island tx
LOW,30,Brighthill Insurance,insurance agent,Mercedes,5.0,2,True,real,http://www.brighthillinsurance.com/,7+ years in business,(956) 520-3158,2,top rated insurance agent near Mercedes tx
LOW,30,Rio Grande Underwriters Insurance Group Inc.,insurance agent,Los Fresnos,5.0,4,True,real,http://rguonline.com/,20+ years in business,(956) 233-5744,2,top rated insurance agent near Los Fresnos tx
LOW,30,Ontiveros Insurance,insurance agent,Hidalgo,5.0,3,True,real,https://www.ontiverosins.com/,1410 E Ramon Ayala Dr,(956) 608-6161,2,top rated insurance agent near Hidalgo tx
LOW,30,Border Movers BTX LLC,moving company,Brownsville,5.0,4,True,real,https://www.luiluimoving.com/,,(956) 410-0142,2,best moving company in Brownsville texas
LOW,30,Bekins,moving company,San Benito,5.0,1,True,real,https://www.bekins.com/find-a-local-agent/agents/gulf-moving-systems-inc/,101 S Bowie St,(800) 456-8092,2,moving company in San Benito tx
LOW,30,Texas Land Creations,landscaping,San Benito,5.0,1,True,real,http://texaslandcreations.com/,Closed,(956) 521-5848,2,landscaping in San Benito tx
LOW,30,Fino's Landscaping & Tree Service,landscaping,Los Fresnos,5.0,2,True,real,http://finoslandscapingandtreeservice.com/,,(832) 264-4386,2,best landscaping in Los Fresnos texas
LOW,30,Jgonzales Construction,general contractor,Mercedes,5.0,4,True,real,http://www.jgonzalesconstructionllc.com/,,(956) 351-9452,2,general contractor in Mercedes tx
LOW,30,Roberto Lopez CPA PC,accountant,Harlingen,5.0,4,True,real,http://www.robertolopezcpa.com/,913 E Harrison Ave #18,(956) 425-9020,2,accountant in Harlingen tx
LOW,30,Gonzalez & Arrambide Inc CPA,accountant,Weslaco,5.0,3,True,real,http://www.texas-tax-cpa.com/,25+ years in business,(956) 447-9009,2,accountant in Weslaco tx
LOW,30,Burkhart Peterson & Co,accountant,Hidalgo,5.0,3,True,real,https://www.burkhartpeterson.com/,,(888) 272-8297,2,accountant in Hidalgo tx
LOW,30,Brownsville Physical Therapy & Sports Medicine,physical therapist,Brownsville,4.3,18,True,real,http://www.brownsvilletherapy.com/,1714 Boca Chica Blvd,(956) 544-2401,2,physical therapist in Brownsville tx
LOW,30,Doctors Dermatology at Brownsville,dermatologist,Brownsville,4.2,13,True,real,https://drsdermatology.com/,3761 E Ruben M Torres Blvd,(956) 803-0180,2,dermatologist in Brownsville tx
LOW,30,Gaona's Auto Service,auto repair shop,Donna,4.4,9,True,real,https://www.gaonasautoservice.com/,7+ years in business,(956) 461-3347,2,auto repair shop in Donna tx
LOW,30,V.I.P. Realty,real estate agent,San Benito,4.4,13,True,real,http://viprealtyrgv.com/,5+ years in business,(956) 399-7777,2,best real estate agent in San Benito texas
LOW,30,South Padre Realty,real estate agent,South Padre Island,4.8,4,True,real,http://www.southpadrerealty.net/,10+ years in business,(956) 761-4853,2,real estate agent in South Padre Island tx
LOW,29,Hidalgo County Health Department - Mission Clinic,urgent care,Hidalgo,3.6,32,True,real,http://www.hchd.org/,Closes soon,(956) 585-2461,3,urgent care in Hidalgo tx
LOW,29,Doctors Clinic of Rio Grande City,urgent care,Rio Grande City,4.5,8,True,real,https://www.rgcedc.com/post/doctors-clinic-of-rio-grande-city-celebrates-grand-opening,208 Britton Ave,(956) 413-8786,3,best urgent care in Rio Grande City texas
LOW,29,Legacy Remodeling RGV,home remodeler,Mission,5.0,10,True,real,http://www.legacyremodelingrgv.com/,35+ years in business,(956) 893-2362,3,home remodeler in Mission tx
LOW,29,Harlingen Home Builders,home remodeler,Harlingen,5.0,5,True,real,http://www.harlingenhomebuilder.com/,1607 Rio Hondo Rd,(956) 659-8049,3,home remodeler in Harlingen tx
LOW,29,Gonzalez Carpentry LLC Remodeling Contractor,home remodeler,Harlingen,5.0,11,True,real,https://www.gonzalezhomeremodeling.com/,Closed,(956) 454-7457,3,best home remodeler in Harlingen texas
LOW,29,"Help Home Improvements, LLC",home remodeler,Brownsville,4.8,13,True,real,https://www.helphomeimprovement.com/,,(956) 459-5593,3,top rated home remodeler near Brownsville tx
LOW,29,Gulf Coast Home Investing,home remodeler,Weslaco,5.0,11,True,real,http://mrcrownhandymanservice.com/,5+ years in business,(956) 598-3487,3,home remodeler in Weslaco tx
LOW,29,Alamo Custom Renovations and Roofing,home remodeler,Alamo,5.0,8,True,real,http://www.alamocustomrenovations.com/,Closed,(210) 595-0624,3,home remodeler in Alamo tx
LOW,29,Infinity Fitness by Tina,gym,Port Isabel,5.0,18,True,real,https://qrco.de/bdLXv0,3+ years in business,(956) 433-9370,3,top rated gym near Port Isabel tx
LOW,29,Kenny Perez Law- Personal Injury Lawyer,personal injury lawyer,Port Isabel,5.0,19,True,real,https://kennyperezlaw.com/,,(956) 305-5349,3,top rated personal injury lawyer near Port Isabel tx
LOW,29,Doctor Lawn,landscaping,Harlingen,5.0,13,True,real,https://www.doctorlawnrgv.com/,Closes soon,(956) 529-3053,3,best landscaping in Harlingen texas
LOW,29,Southern Stone and Soil,landscaping,San Benito,4.6,11,True,real,https://www.southernstoneandsoil.com/,Closed,(956) 320-7625,3,landscaping in San Benito tx
LOW,29,Rivera's Lawn & Landscaping #3,landscaping,Donna,5.0,17,True,real,https://www.riveraslandscapingrgv.com/,Closed,(956) 970-3207,3,landscaping in Donna tx
LOW,29,Ovalle's Green Lawn Service,landscaping,Port Isabel,5.0,7,True,real,https://ovalleslawn2021.wixsite.com/ovalle-s-green-lawn,Closes soon,(956) 617-3922,3,landscaping in Port Isabel tx
LOW,29,Carlos H. Ochoa Attorney At Law,divorce attorney,McAllen,4.8,17,True,real,https://www.attorneyochoalaw.com/?utm_source=google&amp;utm_medium=business_profile&amp;utm_campaign=website,35+ years in business,(956) 687-8888,3,top rated divorce attorney near McAllen tx
LOW,29,San Antonio Divorce Lawyers,divorce attorney,Alamo,5.0,14,True,real,http://www.sanantoniodivorcelawyers.org/,,(210) 338-6935,3,top rated divorce attorney near Alamo tx
LOW,29,Ideal Electric Solutions LLC,electrician,Brownsville,5.0,15,True,real,https://www.idealelectricsolutions.com/,Closes soon,(956) 559-3530,3,electrician in Brownsville tx
LOW,29,365 Builders LLC,general contractor,Mission,4.8,18,True,real,https://365buildersllc.com/,365 Builders LLC,(956) 607-0470,3,best general contractor in Mission texas
LOW,29,CLV Construction LLC,general contractor,Brownsville,5.0,10,True,real,http://www.clvconstructionllc.com/,Closed,(956) 454-4141,3,best general contractor in Brownsville texas
LOW,29,Zondo Construction,general contractor,Pharr,5.0,7,True,real,https://www.zondoconstruction.com/,,(956) 536-6617,3,general contractor in Pharr tx
LOW,29,Alamo City Construction & Supply LLC,general contractor,Alamo,4.5,15,True,real,https://www.alamocityconstruction.com/,Closed,(210) 534-2851,3,general contractor in Alamo tx
LOW,29,Amado Sanchez CPA,accountant,Mission,5.0,14,True,real,https://www.amadosanchezcpa.com/,2210 E Expressway 83 Suite # J,(956) 405-3440,3,accountant in Mission tx
LOW,29,SAS CPA,accountant,Weslaco,4.7,15,True,real,http://sascpa.org/,3+ years in business,(956) 752-1099,3,accountant in Weslaco tx
LOW,29,Q'in It Up BBQ Food Trailer & Catering,catering,Edinburg,4.7,16,True,real,http://www.qinitup.com/,,(956) 483-1982,3,top rated catering near Edinburg tx
LOW,29,Briones Catering,catering,Mission,5.0,13,True,real,https://brionescatering.com/,Closed,(956) 867-0747,3,best catering in Mission texas
LOW,29,Dr. Maria De La Luz Villegas,dermatologist,Harlingen,3.3,23,True,real,https://uthealthrgv.org/providers/maria-villegas/index.htm,615 Camelot Dr,(956) 296-2701,3,dermatologist in Harlingen tx
LOW,29,Dr. Salvador Sobrevilla Ondarza,dermatologist,Brownsville,3.9,33,True,real,https://www.drsalvadorsobrevillaondarza.com/,,868 816 4944,3,top rated dermatologist near Brownsville tx
LOW,29,Law Office of Phillip W. Goff,criminal defense attorney,Mission,5.0,14,True,real,https://southtexlawyer.com/hidalgo-county-dwi-cases,30+ years in business,(956) 888-7227,3,criminal defense attorney in Mission tx
LOW,29,"Texas Contractors, Inc.",roofing contractor,San Benito,5.0,12,True,real,https://www.gettci.com/,Closes soon,(956) 221-6300,3,best roofing contractor in San Benito texas
LOW,29,Skyline Quality Roofing,roofing contractor,Donna,5.0,6,True,real,https://toniasyfrett0.wixsite.com/skylinequalityroofin,Closed,(956) 478-2162,3,roofing contractor in Donna tx
LOW,29,Cervantes Roof Masters LLC,roofing contractor,Mercedes,5.0,8,True,real,http://www.cervantesroofmastersllc.com/,,(956) 503-5179,3,roofing contractor in Mercedes tx
LOW,29,Sense Fleet Repair,auto repair shop,Los Fresnos,5.0,14,True,real,https://app.shopmonkey.cloud/public/quote-request/e70d2d5e-f791-4b76-8ae4-35203227516a?noExternalScripts=1,910 S Arroyo Blvd Suite C2,(956) 233-2131,3,best auto repair shop in Los Fresnos texas
LOW,29,"Donna Head, Texas Realtor",real estate agent,Donna,5.0,10,True,real,http://agent-171533.pages.tourfactory.com/?_ga=2.24184826.1561410998.1692196375-1178898441.1611854771,,(409) 659-2338,3,best real estate agent in Donna texas
LOW,29,Candis Hidalgo - Houston Texas Real Estate Agent,real estate agent,Hidalgo,5.0,8,True,real,https://candisintexas.com/,,(936) 337-3069,3,real estate agent in Hidalgo tx
LOW,25,Albor Plumbing,plumber,Los Fresnos,,0,True,real,http://www.rodsplumbingservice.com/,Closed,(956) 572-9837,1,best plumber in Los Fresnos texas
LOW,25,Alonso Armendariz DDS,cosmetic dentist,Rio Grande City,3.4,5,True,real,https://www.alonsoarmendarizdds.com/,1314 E San Benito St,(956) 488-8354,2,cosmetic dentist in Rio Grande City tx
LOW,25,Dr. Armando Salazar,cosmetic dentist,Port Isabel,4.0,4,True,real,https://www.portisabeldental.com/meet-the-doctor.html,215 W Queen Isabella Blvd # A,(956) 943-4166,2,cosmetic dentist in Port Isabel tx
LOW,25,Noes Electric & AC Service LLC,electrician,Weslaco,3.7,3,True,real,https://www.scott-electric.com/,,(956) 472-0847,1,top rated electrician near Weslaco tx
LOW,25,Ben Cantu & Associates,accountant,Pharr,3.7,18,True,real,http://www.bcassociates.us/,10+ years in business,,2,accountant in Pharr tx
LOW,25,Little Lighthouse Children's,physical therapist,Los Fresnos,3.8,13,True,real,https://www.littlelighthousecr.com/,503 W Ocean Blvd,(956) 233-4111,2,physical therapist in Los Fresnos tx
LOW,25,Real Estate Outfitters Inc.,real estate agent,Los Fresnos,3.7,3,True,real,http://www.realestateoutfittersinc.com/contact.asp,7+ years in business,(956) 346-3034,1,top rated real estate agent near Los Fresnos tx
LOW,24,United Chiropractic & Rehabilitation Center,chiropractor,Donna,5.0,2,True,real,http://www.weslacochiropractic.com/,1211 E Expressway 83,956-461-0777,3,best chiropractor in Donna texas
LOW,24,Devine Urgent Care Med,urgent care,Edinburg,5.0,1,True,real,https://devineurgentcare.com/,5407 S McColl Rd Suite A,(956) 382-5871,3,urgent care in Edinburg tx
LOW,24,Guerra Bravo Law Firm,immigration lawyer,Weslaco,4.3,12,True,real,https://guerrabravolaw.com/,301 S Bridge Ave,(956) 647-4747,3,immigration lawyer in Weslaco tx
LOW,24,TXC Construction Carport manufacturer,home remodeler,Donna,5.0,1,True,real,https://txcconstructioninc.com/,4616 Old La Blanca Rd,(956) 596-3255,3,home remodeler in Donna tx
LOW,24,South Texas Gutierrez Insurance Services,insurance agent,Port Isabel,4.3,15,True,real,http://www.southtexasgutierrezins.com/,10+ years in business,(956) 943-1032,3,insurance agent in Port Isabel tx
LOW,24,Coastal Insurance Agency,insurance agent,South Padre Island,4.3,12,True,real,http://www.ciainsuretexas.co/,Closed,(956) 943-6801,3,best insurance agent in South Padre Island texas
LOW,24,Antonio Vasquez,optometrist,Los Fresnos,5.0,4,True,real,https://www.losfresnoseyeclinic.com/our-staff,810 W Ocean Blvd STE C2,(956) 233-5252,3,optometrist in Los Fresnos tx
LOW,24,Alamo City Landscape,landscaping,Alamo,5.0,2,True,real,http://www.alamocitylandscape.com/,Closes soon,(210) 909-1081,3,best landscaping in Alamo texas
LOW,24,Yi Dentistry - Donna,cosmetic dentist,Donna,5.0,3,True,real,http://www.skyidds.com/,201 N Main St Ste B,(956) 464-4448,3,best cosmetic dentist in Donna texas
LOW,24,Port Isabel Dental Associates: Thurber Phoebe DDS,cosmetic dentist,Port Isabel,5.0,3,True,real,https://www.portisabeldental.com/,"2407, 215 W Queen Isabella Blvd # A",(956) 943-4166,3,cosmetic dentist in Port Isabel tx
LOW,24,AG Electric RGV,electrician,Weslaco,4.3,6,True,real,https://agelectricrgv.com/,,(956) 330-6259,3,best electrician in Weslaco texas
LOW,24,Juans Electric,electrician,San Benito,5.0,1,True,real,https://usmapiqs.org/details/juans-electric-ChIJmd9,,(956) 640-6173,3,electrician in San Benito tx
LOW,24,"Rafter R Construction, LLC",general contractor,Rio Grande City,5.0,2,True,real,http://www.rafter-r-construction.com/,Closes soon,(210) 931-5757,3,general contractor in Rio Grande City tx
LOW,24,"Garcia N' Associates, LLC",accountant,Edinburg,5.0,3,True,real,https://garcianassociatesllc.com/,10+ years in business,(956) 383-1590,3,accountant in Edinburg tx
LOW,24,Gomez Fragoso & Associates PC,accountant,Brownsville,4.2,5,True,real,https://gomezfragoso.cpa/,10+ years in business,(956) 541-7613,3,accountant in Brownsville tx
LOW,24,"Hernandez, CPA, LLC",accountant,Brownsville,5.0,1,True,real,https://hernandezcpallc.com/,3+ years in business,(956) 455-1526,3,top rated accountant near Brownsville tx
LOW,24,Smokin´ Kings BBQ & Catering,catering,Hidalgo,5.0,1,True,real,https://www.smokinkingsbbq.com/,Closed,(956) 627-9040,3,catering in Hidalgo tx
LOW,24,Doctors Dermatology at Rio Grande City,dermatologist,Rio Grande City,4.4,7,True,real,https://drsdermatology.com/,"5344 E US Hwy 83 Building B, Suit 5",(956) 803-0180,3,best dermatologist in Rio Grande City texas
LOW,24,"Woolverton Realty, PLLC",real estate agent,Port Isabel,4.3,10,True,real,http://www.woolvertonrealty.com/,10+ years in business,(956) 943-5506,3,real estate agent in Port Isabel tx
LOW,24,South Padre Coastal Real Estate Inc,real estate agent,South Padre Island,5.0,2,True,real,http://www.southpadrecoastalrealestate.net/,10+ years in business,(956) 761-3633,3,real estate agent in South Padre Island tx
LOW,22,Rodriguez Dental Group,dentist,Donna,4.2,13,True,real,http://www.rodriguezdentalgroup.com/,516 N D Salinas Blvd,(956) 464-6776,4,dentist in Donna tx
LOW,20,Law Offices of John Haywood,personal injury lawyer,Port Isabel,3.0,4,True,real,http://johnhaywood.com/,10+ years in business,(956) 943-3288,2,personal injury lawyer in Port Isabel tx
LOW,20,Texas RioGrande Legal Aid,divorce attorney,Mercedes,3.8,4,True,real,https://www.trla.org/,301 S Texas Ave,(956) 996-8752,2,divorce attorney in Mercedes tx
LOW,20,Alamo General Contractors,general contractor,Alamo,3.5,2,True,real,http://alamogeneralcontractors.com/,,(915) 585-1534,2,general contractor in Alamo tx
LOW,19,Thurmond Eye Associates,optometrist,Rio Grande City,3.3,19,True,real,http://www.thurmondeye.com/,189 S Shelby St,(956) 487-7770,3,optometrist in Rio Grande City tx
LOW,19,Claudio´s Landscaping LLC,landscaping,Edinburg,3.4,10,True,real,http://claudioslandscapingllc.com/,Closed,(956) 438-2637,3,landscaping in Edinburg tx
LOW,14,"Ecoway Movers - Donna, TX",moving company,Donna,,0,True,real,https://ecowaymovers.com/us/moving-company-donna-tx,,(210) 874-7767,3,moving company in Donna tx
LOW,14,Property Tax Time,accountant,South Padre Island,3.7,3,True,real,https://propertytaxtime.com/,15+ years in business,(956) 346-5719,3,accountant in South Padre Island tx
LOW,14,"Quality Therapy Rehabilitation Center: Mercedes, TX",physical therapist,Mercedes,3.5,4,True,real,http://www.qtprgv.com/,208 Starr St # 2,(956) 514-1551,3,physical therapist in Mercedes tx
LOW,14,Cohrs Realty Group,real estate agent,Donna,2.7,3,True,real,http://www.cohrs.com/,30+ years in business,956-464-7355,3,real estate agent in Donna tx
