tier,score,name,category,city,rating,reviews,has_website,website_type,website_url,address,phone,rank_pos,search_query
HOT,150,Smile Magic of McAllen,dentist,McAllen,4.8,2300,False,none,,2708 W Nolana Ave Suite 120,,1,affordable dentist in McAllen tx
HOT,150,Agua Dental - Edinburg,dentist,Edinburg,4.9,1300,False,none,,307 E University Dr,,1,dentist in Edinburg tx
HOT,150,Smith Dental,dentist,Mission,4.9,534,False,none,,308 S Bryan Rd,,1,best dentist in Mission texas
HOT,150,Legacy Dental,dentist,Brownsville,4.9,2600,False,none,,2200 Boca Chica Blvd #138,,1,best dentist in Brownsville texas
HOT,150,All Valley Smiles,dentist,Brownsville,4.8,245,False,none,,5850 Ruben M Torres Blvd,,1,affordable dentist in Brownsville tx
HOT,150,Valley Dental,dentist,Brownsville,5.0,261,False,none,,,,1,dentist near me Brownsville tx
HOT,150,Affordable Dentist Near Me of Longview,dentist,Hidalgo,4.9,708,False,none,,,,1,affordable dentist in Hidalgo tx
HOT,150,A Perfect Smile Orthodontics,orthodontist,McAllen,4.9,2100,False,none,,1400 E Expressway 83 #155,,1,best orthodontist in McAllen texas
HOT,150,A Perfect Smile Orthodontics,orthodontist,Edinburg,4.9,2100,False,none,,"6 PM
  Edinburg TX",,1,best orthodontist in Edinburg texas
HOT,150,Red Square Dental & Orthodontics,orthodontist,Edinburg,4.8,850,False,none,,,,1,orthodontist near me Edinburg tx
HOT,150,Rodeo Dental & Orthodontics of Mission,orthodontist,Mission,4.9,3900,False,none,,117 E Griffin Pkwy,,1,best orthodontist in Mission texas
HOT,150,Rodeo Dental & Orthodontics of Mission,orthodontist,Mission,4.9,3900,False,none,,,,1,orthodontist near me Mission tx
HOT,150,Rodeo Dental & Orthodontics of Harlingen,orthodontist,Harlingen,4.9,2200,False,none,,601 N 77 Sunshine Strip #4,,1,orthodontist in Harlingen tx
HOT,150,Rodeo Dental & Orthodontics,orthodontist,Brownsville,4.9,2600,False,none,,2155 Ruben M Torres Blvd Suite 4,,1,best orthodontist in Brownsville texas
HOT,150,Rodeo Dental & Orthodontics of Weslaco,orthodontist,Weslaco,4.9,3000,False,none,,1901 W Expy 83 #800,,1,orthodontist Weslaco tx open now
HOT,150,J. Castillo Cosmetic & Family Dentistry,cosmetic dentist,McAllen,4.9,910,False,none,,2215 W Fern Ln,,1,best cosmetic dentist in McAllen texas
HOT,150,Tijerina Family & Cosmetic Dentistry of McAllen,cosmetic dentist,McAllen,5.0,516,False,none,,Closes soon,,1,cosmetic dentist near me McAllen tx
HOT,150,The Lakes Family Dental,cosmetic dentist,Edinburg,4.8,1700,False,none,,3103 Center Pointe Dr,,1,cosmetic dentist in Edinburg tx
HOT,150,Yi Dentistry,cosmetic dentist,Edinburg,4.9,526,False,none,,206 W Mahl St,,1,affordable cosmetic dentist in Edinburg tx
HOT,150,Drake Family Dentistry,cosmetic dentist,Harlingen,4.9,807,False,none,,2319 E Tyler Ave,,1,top rated cosmetic dentist near Harlingen tx
HOT,150,Legacy Dental,cosmetic dentist,Brownsville,4.9,2600,False,none,,2200 Boca Chica Blvd #138,,1,cosmetic dentist in Brownsville tx
HOT,150,Arcade Dental - Pharr,cosmetic dentist,Pharr,5.0,978,False,none,,8001 S Jackson Rd #4,,1,affordable cosmetic dentist in Pharr tx
HOT,150,Daydream Family Dentistry - Airway Dentistry,cosmetic dentist,Weslaco,5.0,501,False,none,,519 S Missouri Ave,,1,top rated cosmetic dentist near Weslaco tx
HOT,150,Daydream Family Dentistry - Airway Dentistry,cosmetic dentist,Weslaco,5.0,501,False,none,,Closes soon,,1,cosmetic dentist near me Weslaco tx
HOT,150,Martinez Dental Group,cosmetic dentist,San Benito,4.7,249,False,none,,985 S Sam Houston Blvd #3064,,1,cosmetic dentist San Benito tx open now
HOT,150,Alamo Family & Cosmetic Dentistry,cosmetic dentist,Alamo,4.9,312,False,none,,,,1,top rated cosmetic dentist near Alamo tx
HOT,150,J. Castillo Cosmetic & Family Dentistry,cosmetic dentist,Hidalgo,4.9,910,False,none,,Closes soon,,1,best cosmetic dentist in Hidalgo texas
HOT,150,Rio Grande Family Dental,cosmetic dentist,Rio Grande City,4.8,320,False,none,,,,1,best cosmetic dentist in Rio Grande City texas
HOT,150,Smiles On The Bay,cosmetic dentist,South Padre Island,5.0,1200,False,none,,Closes soon,,1,top rated cosmetic dentist near South Padre Island tx
HOT,150,Dr. Scott and Associates - Optometrists in McAllen,optometrist,McAllen,4.8,506,False,none,,2200 S 10th St Suite B06,(956) 682-4459,1,optometrist in McAllen tx
HOT,150,Barajas Vision Clinic,optometrist,Mission,4.8,444,False,none,,1300 S Bryan Rd #105,(956) 581-6151,1,best optometrist in Mission texas
HOT,150,Brownsville Eye Center,optometrist,Brownsville,4.8,559,False,none,,3107 Boca Chica Blvd Suite D,(956) 214-5019,1,optometrist in Brownsville tx
HOT,150,The Eye Experts - Brownsville,optometrist,Brownsville,4.6,578,False,none,,Closed,(956) 541-4828,1,optometrist near me Brownsville tx
HOT,150,EyeTX Vision Center - Atascoca,optometrist,Los Fresnos,4.8,626,False,none,,,(830) 569-8771,1,top rated optometrist near Los Fresnos tx
HOT,150,Eyemart Express,optometrist,Hidalgo,4.8,1300,False,none,,,(956) 664-2223,1,top rated optometrist near Hidalgo tx
HOT,145,Dental Park,dentist,McAllen,4.9,677,False,none,,3300 N McColl Rd Ste M,,2,affordable dentist in McAllen tx
HOT,145,A.C. Villarreal Family Dental,dentist,Edinburg,4.8,638,False,none,,1123 S 10th Ave,,2,dentist in Edinburg tx
HOT,145,Rodeo Dental & Orthodontics of Mission,dentist,Mission,4.9,3900,False,none,,117 E Griffin Pkwy,,2,best dentist in Mission texas
HOT,145,Westlake Family Dentistry,dentist,Brownsville,4.9,1000,False,none,,3020 W Alton Gloor Blvd Suite D,,2,best dentist in Brownsville texas
HOT,145,The Tooth Place,dentist,Brownsville,4.7,471,False,none,,,,2,dentist near me Brownsville tx
HOT,145,Affordable Dentist Near Me of Fort Worth,dentist,Hidalgo,4.8,2300,False,none,,,,2,affordable dentist in Hidalgo tx
HOT,145,McAllen Orthodontic Group,orthodontist,McAllen,5.0,1100,False,none,,4900 N 10th St f2,,2,best orthodontist in McAllen texas
HOT,145,Rodeo Dental & Orthodontics of Edinburg,orthodontist,Edinburg,4.9,2500,False,none,,1560 E Canton Rd suite g,,2,best orthodontist in Edinburg texas
HOT,145,McAllen Orthodontic Group,orthodontist,Edinburg,5.0,1100,False,none,,Closed,,2,top rated orthodontist near Edinburg tx
HOT,145,Rodeo Dental & Orthodontics,orthodontist,Mission,4.9,1200,False,none,,2423 E Expressway 83 #300,,2,best orthodontist in Mission texas
HOT,145,Rodeo Dental & Orthodontics,orthodontist,Mission,4.9,1200,False,none,,,,2,orthodontist near me Mission tx
HOT,145,"Dr. Stephen P. Shepard, D.D.S., M.S.D",orthodontist,Harlingen,4.9,203,False,none,,2022 E Harrison Ave,,2,orthodontist in Harlingen tx
HOT,145,Smile Magic of Weslaco,orthodontist,Weslaco,4.9,1800,False,none,,802 N Texas Blvd,,2,orthodontist Weslaco tx open now
HOT,145,Tijerina Family & Cosmetic Dentistry of McAllen,cosmetic dentist,McAllen,5.0,516,False,none,,4121 N 22nd St,,2,best cosmetic dentist in McAllen texas
HOT,145,J. Castillo Cosmetic & Family Dentistry,cosmetic dentist,McAllen,4.9,910,False,none,,Closes soon,,2,cosmetic dentist near me McAllen tx
HOT,145,A.C. Villarreal Family Dental,cosmetic dentist,Edinburg,4.8,638,False,none,,1123 S 10th Ave,,2,cosmetic dentist in Edinburg tx
HOT,145,Palm Valley Dental,cosmetic dentist,Edinburg,4.9,1300,False,none,,4649 S Jackson Rd,,2,best cosmetic dentist in Edinburg texas
HOT,145,Mercy Dental,cosmetic dentist,Edinburg,4.8,690,False,none,,1905 E Monte Cristo Rd,,2,affordable cosmetic dentist in Edinburg tx
HOT,145,Smith Dental,cosmetic dentist,Mission,4.9,534,False,none,,308 S Bryan Rd,,2,cosmetic dentist in Mission tx
HOT,145,Rio Vista Dentistry,cosmetic dentist,Harlingen,4.9,432,False,none,,802 TX-499 Loop #1,,2,top rated cosmetic dentist near Harlingen tx
HOT,145,"Cristina Sosa Anderson, D.D.S.",cosmetic dentist,Brownsville,4.9,458,False,none,,800 E Los Ebanos Blvd,,2,cosmetic dentist in Brownsville tx
HOT,145,All Valley Smiles,cosmetic dentist,Brownsville,4.8,245,False,none,,5850 Ruben M Torres Blvd,,2,affordable cosmetic dentist in Brownsville tx
HOT,145,Idea Family Dentistry & Orthodontics,cosmetic dentist,Pharr,5.0,577,False,none,,310 S Cage Blvd,,2,affordable cosmetic dentist in Pharr tx
HOT,145,Smile Magic of Weslaco,cosmetic dentist,Weslaco,4.9,1800,False,none,,802 N Texas Blvd,,2,top rated cosmetic dentist near Weslaco tx
HOT,145,De La Garza Family Dental,cosmetic dentist,Weslaco,4.9,448,False,none,,Closes soon,,2,cosmetic dentist near me Weslaco tx
HOT,145,Rodeo Dental & Orthodontics of Alamo,cosmetic dentist,Alamo,4.9,1400,False,none,,1449 W Duranta Ave suite a,,2,affordable cosmetic dentist in Alamo tx
HOT,145,"Texas Center for Cosmetic Dentistry, Dr. Guy Lewis and Dr. Teddy",cosmetic dentist,Mercedes,4.9,398,False,none,,Closes soon,,2,top rated cosmetic dentist near Mercedes tx
HOT,145,"Texas Center for Cosmetic Dentistry, Dr. Guy Lewis and Dr. Teddy",cosmetic dentist,Hidalgo,4.9,398,False,none,,Closes soon,,2,best cosmetic dentist in Hidalgo texas
HOT,145,Eyemart Express,optometrist,McAllen,4.8,1300,False,none,,506 E Expressway 83,(956) 664-2223,2,optometrist in McAllen tx
HOT,145,Edinburg Vision Center - Oftalmologia,optometrist,Edinburg,4.3,1300,False,none,,"2301 South, US-281",(956) 383-5581,1,optometrist in Edinburg tx
HOT,145,LensCrafters,optometrist,Mission,4.9,798,False,none,,,(956) 682-4428,2,best optometrist in Mission texas
HOT,145,Eyemart Express,optometrist,Brownsville,4.9,795,False,none,,101 Morrison Rd Ste C,(956) 465-0083,2,optometrist in Brownsville tx
HOT,145,LensCrafters,optometrist,Pharr,4.9,798,False,none,,,(956) 682-4428,2,best optometrist in Pharr texas
HOT,145,West Texas Eyecare,optometrist,Mercedes,4.8,814,False,none,,8:30 AM–5:30 PM,(432) 336-3662,2,optometrist Mercedes tx open now
HOT,145,Dr. Scott and Associates - Optometrists in McAllen,optometrist,Hidalgo,4.8,506,False,none,,Closes soon,(956) 682-4459,2,top rated optometrist near Hidalgo tx
HOT,140,Stanton Optical,optometrist,Brownsville,4.4,265,False,none,,"4295 N Expressway, 77 83 Expy",(956) 291-0117,2,affordable optometrist in Brownsville tx
HOT,139,North Park Dental,dentist,McAllen,4.9,471,False,none,,8001 N 10th St Suite 150,,3,affordable dentist in McAllen tx
HOT,139,The Lakes Family Dental,dentist,Edinburg,4.8,1700,False,none,,3103 Center Pointe Dr,,3,dentist in Edinburg tx
HOT,139,Iman Dental Center,dentist,Mission,4.8,451,False,none,,801 N Conway Ave,,3,best dentist in Mission texas
HOT,139,Rodeo Dental & Orthodontics,dentist,Brownsville,5.0,3900,False,none,,2950 Southmost Rd Suite 103,,3,best dentist in Brownsville texas
HOT,139,Agua Dental,dentist,Brownsville,4.9,2400,False,none,,1873 Boca Chica Blvd,,3,top rated dentist near Brownsville tx
HOT,139,The Tooth Place,dentist,Brownsville,4.7,471,False,none,,300 Lorenaly Dr,,3,affordable dentist in Brownsville tx
HOT,139,Key Dental,dentist,Brownsville,4.9,229,False,none,,,,3,dentist near me Brownsville tx
HOT,139,Alanis Dental Center,dentist,Alamo,4.9,328,False,none,,109 S 6th St,(956) 787-3317,3,dentist in Alamo tx
HOT,139,Jordan Dental,dentist,Mercedes,4.9,755,False,none,,,(956) 375-2248,3,best dentist in Mercedes texas
HOT,139,Arcade Dental - Pharr,dentist,Hidalgo,5.0,978,False,none,,,,3,affordable dentist in Hidalgo tx
HOT,139,RGV Orthodontics,orthodontist,McAllen,4.9,613,False,none,,6316 North 10th Street building k,,3,best orthodontist in McAllen texas
HOT,139,Freels Orthodontics,orthodontist,McAllen,5.0,518,False,none,,3220 Buddy Owens Blvd suite 100,,3,orthodontist McAllen tx open now
HOT,139,Red Square Dental & Orthodontics,orthodontist,Edinburg,4.8,850,False,none,,2702 Cornerstone Blvd,,3,best orthodontist in Edinburg texas
HOT,139,Smith Dental,orthodontist,Mission,4.9,534,False,none,,308 S Bryan Rd,,3,best orthodontist in Mission texas
HOT,139,A Perfect Smile Orthodontics,orthodontist,Mission,4.9,2100,False,none,,,,3,top rated orthodontist near Mission tx
HOT,139,Rodeo Dental & Orthodontics,orthodontist,Brownsville,4.9,3900,False,none,,1634 Central Blvd,,3,best orthodontist in Brownsville texas
HOT,139,A Perfect Smile Orthodontics,orthodontist,Weslaco,4.9,2100,False,none,,,,3,orthodontist Weslaco tx open now
HOT,139,Meza Family & Cosmetic Dentistry,cosmetic dentist,McAllen,4.9,352,False,none,,312 Pecan Blvd,,3,best cosmetic dentist in McAllen texas
HOT,139,Royalty Smilez of McAllen,cosmetic dentist,McAllen,4.7,247,False,none,,,,3,cosmetic dentist near me McAllen tx
HOT,139,Ethos Modern Dental - Edinburg & McAllen TX,cosmetic dentist,Edinburg,5.0,394,False,none,,1701 S McColl Rd Suite 9 & 10,,3,cosmetic dentist in Edinburg tx
HOT,139,J. Castillo Cosmetic & Family Dentistry,cosmetic dentist,Edinburg,4.9,910,False,none,,Closes soon,,3,best cosmetic dentist in Edinburg texas
HOT,139,Agua Dental - Edinburg,cosmetic dentist,Edinburg,4.9,1300,False,none,,307 E University Dr,,3,affordable cosmetic dentist in Edinburg tx
HOT,139,Rodeo Dental & Orthodontics of Mission,cosmetic dentist,Mission,4.9,3900,False,none,,117 E Griffin Pkwy,,3,cosmetic dentist in Mission tx
HOT,139,Sabal Dental - Harlingen,cosmetic dentist,Harlingen,4.9,915,False,none,,321 S 13th St,,3,top rated cosmetic dentist near Harlingen tx
HOT,139,Westlake Family Dentistry,cosmetic dentist,Brownsville,4.9,1000,False,none,,3020 W Alton Gloor Blvd Suite D,,3,cosmetic dentist in Brownsville tx
HOT,139,David Pedley D.D.S. Family and Cosmetic Dentistry,cosmetic dentist,Brownsville,4.9,304,False,none,,127 E Price Rd,,3,best cosmetic dentist in Brownsville texas
HOT,139,Key Dental,cosmetic dentist,Brownsville,4.9,229,False,none,,1100 North Expy Suite B and C,,3,cosmetic dentist near me Brownsville tx
HOT,139,Rodeo Dental & Orthodontics of Pharr,cosmetic dentist,Pharr,4.9,4300,False,none,,1300 S Cage Blvd #K,,3,affordable cosmetic dentist in Pharr tx
HOT,139,Idea Family Dentistry & Orthodontics,cosmetic dentist,Pharr,5.0,577,False,none,,310 S Cage Blvd,(956) 223-4754,3,cosmetic dentist Pharr tx open now
HOT,139,Southern Dental,cosmetic dentist,Weslaco,4.9,494,False,none,,1210 E 8th St Ste 2,,3,top rated cosmetic dentist near Weslaco tx
HOT,139,Southern Dental,cosmetic dentist,Weslaco,4.9,494,False,none,,Closes soon,,3,cosmetic dentist near me Weslaco tx
HOT,139,Rodeo Dental & Orthodontics of San Benito,cosmetic dentist,San Benito,4.9,3300,False,none,,1141 US-77 BUS #G,,3,cosmetic dentist San Benito tx open now
HOT,139,Alanis Dental Center,cosmetic dentist,Alamo,4.9,328,False,none,,109 S 6th St,(956) 787-3317,3,cosmetic dentist in Alamo tx
HOT,139,Cosmetic Dentistry of San Antonio,cosmetic dentist,Alamo,5.0,978,False,none,,Closes soon,,3,top rated cosmetic dentist near Alamo tx
HOT,139,Alamo Springs Dental,cosmetic dentist,Alamo,4.9,518,False,none,,Closes soon,,3,affordable cosmetic dentist in Alamo tx
HOT,139,Alanis Dental Center,cosmetic dentist,Alamo,4.9,328,False,none,,Closes soon,,3,cosmetic dentist near me Alamo tx
HOT,139,Smile Muse Spa,cosmetic dentist,Los Fresnos,4.9,291,False,none,,,,3,top rated cosmetic dentist near Los Fresnos tx
HOT,139,Arcade Dental - Pharr,cosmetic dentist,Hidalgo,5.0,978,False,none,,,,3,best cosmetic dentist in Hidalgo texas
HOT,139,Schmidgall Dental Aesthetics,cosmetic dentist,Hidalgo,5.0,1000,False,none,,Closes soon,,3,top rated cosmetic dentist near Hidalgo tx
HOT,139,Harlingen Chiropractic Accident & CDL Clinic,chiropractor,Harlingen,5.0,404,False,none,,1610 E Tyler Ave STE E,(956) 734-5111,3,best chiropractor in Harlingen texas
HOT,139,LensCrafters,optometrist,McAllen,4.9,798,False,none,,,(956) 682-4428,3,optometrist near me McAllen tx
HOT,139,Walmart Vision & Glasses,optometrist,Edinburg,4.9,581,False,none,,1724 W University Dr,(956) 318-0995,3,optometrist in Edinburg tx
HOT,139,Walmart Vision & Glasses,optometrist,Mission,5.0,625,False,none,,2410 E Expressway 83,(956) 585-4771,3,best optometrist in Mission texas
HOT,139,Visionworks Sunrise Mall,optometrist,Brownsville,4.9,477,False,none,,2370 Frontage Rd Space 1532,(956) 544-6405,3,optometrist in Brownsville tx
HOT,139,Keeble Eye Care,optometrist,Brownsville,4.7,320,False,none,,101 Morrison Rd,(956) 544-5735,3,optometrist Brownsville tx open now
HOT,139,Eyemart Express,optometrist,Pharr,4.8,1300,False,none,,,(956) 664-2223,3,best optometrist in Pharr texas
HOT,139,The Eye Experts - Weslaco,optometrist,Donna,4.6,439,False,none,,Closed,(956) 969-3893,3,best optometrist in Donna texas
HOT,139,America's Best Contacts & Eyeglasses,optometrist,Donna,4.6,601,False,none,,,(956) 376-2003,3,optometrist Donna tx open now
HOT,139,Oak Hill Eye Care,optometrist,Hidalgo,4.9,1600,False,none,,Closed,(512) 288-0444,3,top rated optometrist near Hidalgo tx
HOT,137,Idea Family Dentistry & Orthodontics,dentist,Pharr,5.0,577,False,none,,310 S Cage Blvd,(956) 223-4754,4,dentist in Pharr tx
HOT,137,Jordan Dental,dentist,Weslaco,4.9,755,False,none,,415 S Airport Dr STE C,(956) 375-2248,4,top rated dentist near Weslaco tx
HOT,137,A Perfect Smile Orthodontics,orthodontist,Edinburg,4.9,2100,False,none,,,,4,best orthodontist in Edinburg texas
HOT,137,Idea Family Dentistry & Orthodontics,orthodontist,Pharr,5.0,577,False,none,,310 S Cage Blvd,(956) 223-4754,4,orthodontist in Pharr tx
HOT,134,Brident Dental & Orthodontics,orthodontist,Harlingen,4.3,421,False,none,,1208 S Expressway 83,,3,orthodontist in Harlingen tx
HOT,134,Stanton Optical,optometrist,McAllen,4.3,1000,False,none,,614 E Expressway 83 #110,(956) 281-0796,3,optometrist in McAllen tx
HOT,134,West Texas Optometry,optometrist,Mercedes,4.3,382,False,none,,9 AM–5:30 PM,(915) 833-1928,3,optometrist Mercedes tx open now
HOT,129,Alanis Marko E DDS,dentist,Alamo,,956,False,none,,109 S 6th St,(956) 787-3317,3,best dentist in Alamo texas
HOT,129,Therapy Works,physical therapist,Alamo,,956,False,none,,1011 U.S. 83 Frontage Rd S # J,(956) 787-6777,3,physical therapist Alamo tx open now
HOT,129,Head To Toes Rehab,physical therapist,Hidalgo,,956,False,none,,2251 N 10th St,(956) 843-2691,3,physical therapist in Hidalgo tx
HOT,129,Taylor T Scott OD,optometrist,Rio Grande City,,956,False,none,,189 S Shelby St,(956) 487-7770,3,optometrist Rio Grande City tx open now
HOT,125,Legacy Dental,dentist,Brownsville,4.9,2600,True,social,https://www.legacydentaltx.com/?utm_source=google&amp;utm_medium=google_business_profile&amp;utm_campaign=website_click,2200 Boca Chica Blvd #138,(956) 986-2222,1,dentist in Brownsville tx
HOT,125,Los Fresnos Dental Center,dentist,Los Fresnos,4.9,138,False,none,,810 W Ocean Blvd,,1,affordable dentist in Los Fresnos tx
HOT,125,Arcade Dental - Pharr,dentist,Hidalgo,5.0,978,True,social,https://www.arcadedentaltx.com/,,(956) 300-4111,1,dentist Hidalgo tx open now
HOT,125,Beautiful Smiles,cosmetic dentist,Mission,4.9,175,False,none,,900 Plaza Dr STE 3,,1,cosmetic dentist in Mission tx
HOT,125,Arcade Dental - Pharr,cosmetic dentist,Pharr,5.0,978,True,social,https://www.arcadedentaltx.com/,8001 S Jackson Rd #4,(956) 300-4111,1,best cosmetic dentist in Pharr texas
HOT,125,Mercedes Family Dentistry,cosmetic dentist,Mercedes,5.0,120,False,none,,300 N Ohio Ave,,1,top rated cosmetic dentist near Mercedes tx
HOT,125,Mercedes Family Dentistry,cosmetic dentist,Mercedes,5.0,120,False,none,,Closes soon,,1,cosmetic dentist near me Mercedes tx
HOT,125,Los Fresnos Dental Center,cosmetic dentist,Los Fresnos,4.9,138,False,none,,810 W Ocean Blvd,,1,best cosmetic dentist in Los Fresnos texas
HOT,125,Bella Vista Eye Care,optometrist,Pharr,4.7,173,False,none,,1001 E Ferguson Ave,(956) 782-9444,1,optometrist in Pharr tx
HOT,125,Walmart Vision & Glasses,optometrist,Donna,4.9,112,False,none,,900 S Salinas Blvd,(956) 464-2248,1,best optometrist in Donna texas
HOT,120,"Dr. Adam M. Lalonde, DDS",dentist,Los Fresnos,5.0,113,False,none,,810 W Ocean Blvd,,2,affordable dentist in Los Fresnos tx
HOT,120,Life Smiles - Dr.A,orthodontist,Brownsville,5.0,164,False,none,,4237 Frontage Rd 77 #1,,2,best orthodontist in Brownsville texas
HOT,120,Flores Dental Care,cosmetic dentist,Mission,4.9,136,False,none,,1506 E Griffin Pkwy Suite D,,2,affordable cosmetic dentist in Mission tx
HOT,120,Cosmetic Dental Associates - Alamo Ranch,cosmetic dentist,Alamo,5.0,169,False,none,,Closes soon,,2,top rated cosmetic dentist near Alamo tx
HOT,120,"Dr. Adam M. Lalonde, DDS",cosmetic dentist,Los Fresnos,5.0,113,False,none,,810 W Ocean Blvd,,2,best cosmetic dentist in Los Fresnos texas
HOT,120,Westlake Family Dentistry,cosmetic dentist,Los Fresnos,4.9,1000,True,social,http://westlakefamilydentistrytx.com/,Closes soon,(956) 420-8689,2,affordable cosmetic dentist in Los Fresnos tx
HOT,120,Arcade Dental - Pharr,cosmetic dentist,Hidalgo,5.0,978,True,social,https://www.arcadedentaltx.com/,,(956) 300-4111,2,affordable cosmetic dentist in Hidalgo tx
HOT,114,Legacy Smiles,dentist,Harlingen,5.0,452,True,social,http://www.legacysmilestx.com/,2310 TX-54 Spur,(956) 622-3052,3,affordable dentist in Harlingen tx
HOT,114,Arcade Dental - Pharr,dentist,Pharr,5.0,978,True,social,https://www.arcadedentaltx.com/,8001 S Jackson Rd #4,(956) 300-4111,3,dentist in Pharr tx
HOT,114,Beautiful Smiles,orthodontist,Mission,4.9,175,False,none,,900 Plaza Dr STE 3,,3,orthodontist Mission tx open now
HOT,114,Beautiful Smiles,orthodontist,Mission,4.9,175,False,none,,Closes soon,,3,orthodontist near me Mission tx
HOT,114,Arcade Dental - Pharr,orthodontist,Pharr,5.0,978,True,social,https://www.arcadedentaltx.com/,8001 S Jackson Rd #4,(956) 300-4111,3,top rated orthodontist near Pharr tx
HOT,114,Arcade Dental - Pharr,orthodontist,Hidalgo,5.0,978,True,social,https://www.arcadedentaltx.com/,,(956) 300-4111,3,affordable orthodontist in Hidalgo tx
HOT,114,Clover Hills Dentistry,cosmetic dentist,Mission,4.9,180,False,none,,2605 N Shary Rd,,3,cosmetic dentist Mission tx open now
HOT,114,Legacy Smiles,cosmetic dentist,Harlingen,5.0,452,True,social,http://www.legacysmilestx.com/,2310 TX-54 Spur,(956) 622-3052,3,cosmetic dentist Harlingen tx open now
HOT,114,Legacy Smiles,cosmetic dentist,San Benito,5.0,452,True,social,http://www.legacysmilestx.com/,Closes soon,(956) 622-3052,3,best cosmetic dentist in San Benito texas
HOT,114,Fresno Dental,cosmetic dentist,Los Fresnos,4.9,192,False,none,,Closes soon,,3,cosmetic dentist near me Los Fresnos tx
HOT,114,Pinnacle Health,chiropractor,Alamo,4.8,104,False,none,,427 E Duranta Ave # 104,(956) 702-4255,3,best chiropractor in Alamo texas
HOT,110,Agua Dental - Edinburg,dentist,Edinburg,4.9,1300,True,real,https://www.aguadentaltexas.com/,307 E University Dr,(956) 380-2482,1,best dentist in Edinburg texas
HOT,110,Rodeo Dental & Orthodontics of Mission,dentist,Mission,4.9,3900,True,real,https://www.rodeodental.com/locations/mission-tx/?utm_source=extnet&amp;utm_medium=organic&amp;utm_campaign=mission-tx-extnet,117 E Griffin Pkwy,(956) 413-7541,1,dentist in Mission tx
HOT,110,Sabal Dental - Harlingen,dentist,Harlingen,4.9,915,True,real,https://www.sabaldental.com/,321 S 13th St,(956) 275-7596,1,dentist in Harlingen tx
HOT,110,Smile Magic of Weslaco,dentist,Weslaco,4.9,1800,True,real,https://mysmilemagic.com/locations/weslaco/,802 N Texas Blvd,(956) 242-4099,1,dentist in Weslaco tx
HOT,110,Rodeo Dental & Orthodontics of Donna,dentist,Donna,5.0,1900,True,real,https://www.rodeodental.com/locations/donna-tx/?utm_source=extnet&amp;utm_medium=organic&amp;utm_campaign=donna-tx-extnet,1814 East Highway 2 Ste. D,(956) 281-0770,1,dentist in Donna tx
HOT,110,Rodeo Dental & Orthodontics of Alamo,dentist,Alamo,4.9,1400,True,real,https://www.rodeodental.com/locations/alamo-tx/?utm_source=extnet&amp;utm_medium=organic&amp;utm_campaign=alamo-extnet,1449 W Duranta Ave suite a,(956) 232-9939,1,dentist in Alamo tx
HOT,110,Rodeo Dental & Orthodontics of Rio Grande City,dentist,Rio Grande City,5.0,3100,True,real,https://www.rodeodental.com/locations/rio-grande-city-tx/?utm_source=extnet&amp;utm_medium=organic&amp;utm_campaign=rio-grande-tx-extnet,4024 US-83 #100,(956) 413-7542,1,affordable dentist in Rio Grande City tx
HOT,110,A Perfect Smile Orthodontics,orthodontist,McAllen,4.9,2100,True,real,/aclk?sa=L&amp;ai=DChsSEwjH8PTgzqWUAxXtJIMDHXjFC_cYACICCAEQABoCc2Y&amp;co=1&amp;ase=2&amp;gclid=EAIaIQobChMIx_D04M6llAMV7SSDAx14xQv3EBAYASAAEgKcLfD_BwE&amp;cid=CAAS0wHkaI7pFePYMLu3cEdRFSagEW6okqbAsiTMpbEAih29QbU4voWYLIVXGDyBnvPhDDVJJF_nJBhGj0GIG3cu26BZuE4SsCL0owhM22DCahQVErlOW5XjkIWZwkbIGb6WxXJwVIHw6ZY86aBRDqlhDtS-1dhdRI_FqCM-GCmhMx9MwHgaDbXR1NSJ1EmSQfWr9lFTyB1r_XfR_MoybEppYLQI844ddAwYXzu6e770Yx0yKr8wztkGyL6wB3c_FeLn3seZa_Jj4reVqXgojHlxCQvFddKS&amp;cce=2&amp;category=acrcp_v1_32&amp;sig=AOD64_3b1ztlp_rH7WXE62iyefGfEwA9DA&amp;q=&amp;nis=4&amp;ctype=99&amp;ved=2ahUKEwjgvO7gzqWUAxXITWwGHf9kIPkQhKwBegQIJhAP&amp;adurl=,1400 East Expressway 83,(956) 630-6166,1,orthodontist in McAllen tx
HOT,110,Rodeo Dental & Orthodontics of Mission,orthodontist,Mission,4.9,3900,True,real,https://www.rodeodental.com/locations/mission-tx/?utm_source=extnet&amp;utm_medium=organic&amp;utm_campaign=mission-tx-extnet,117 E Griffin Pkwy,(956) 413-7541,1,affordable orthodontist in Mission tx
HOT,110,Rodeo Dental & Orthodontics of Harlingen,orthodontist,Harlingen,4.9,2200,True,real,https://www.rodeodental.com/locations/harlingen-tx/?utm_source=extnet&amp;utm_medium=organic&amp;utm_campaign=harlingen-tx-extnet,601 N 77 Sunshine Strip #4,(956) 370-3700,1,best orthodontist in Harlingen texas
HOT,110,A Perfect Smile Orthodontics,orthodontist,Pharr,4.9,2100,True,real,/aclk?sa=L&amp;ai=DChsSEwi58Yuoz6WUAxWS7BYFHc3THGEYACICCAEQABoCdGw&amp;co=1&amp;ase=2&amp;gclid=EAIaIQobChMIufGLqM-llAMVkuwWBR3N0xxhEBAYASAAEgJZePD_BwE&amp;cid=CAAS0wHkaPhzUJSgfwWvdmMwavb6e_gv2aWV1oIgM-bshOw9RHx-hqZ9j3rm2ihdXuj32PtmJ0cXRCpDRCHZ67Aksit-R0gTrH5xLEd6NXI9SmXx9dt57-7-BSoEb6xp2Vvx_B6YdlK4e6NZB7QYeaJAyN89zIuC6WhN0gnB_s0J0nFo4n1u6PrpYySj7S-sIp3mUvY4iP9K9jZpmzy9whR234B64sXxlmCkg4j5dmg-f5pIRKJM_t6cjEbXps77Fymtel-N8x1PqN_2pszcQcl05A6Vv2LY&amp;cce=2&amp;category=acrcp_v1_32&amp;sig=AOD64_3eAt-Udcxoi-J_wDAuGfyBTR2spg&amp;q=&amp;nis=4&amp;ctype=99&amp;ved=2ahUKEwjugoWoz6WUAxWrbPUHHR1XPM8QhKwBegQILBAQ&amp;adurl=,,(956) 630-6166,1,orthodontist in Pharr tx
HOT,110,Rodeo Dental & Orthodontics of Weslaco,orthodontist,Weslaco,4.9,3000,True,real,https://www.rodeodental.com/locations/weslaco-tx/?utm_source=extnet&amp;utm_medium=organic&amp;utm_campaign=weslaco-tx-extnet,1901 W Expy 83 #800,(956) 277-2414,1,orthodontist in Weslaco tx
HOT,110,Rodeo Dental & Orthodontics of San Benito,orthodontist,San Benito,4.9,3300,True,real,https://www.rodeodental.com/locations/san-benito-tx/?utm_source=extnet&amp;utm_medium=organic&amp;utm_campaign=san-benito-tx-extnet,1141 US-77 BUS #G,(956) 413-7539,1,orthodontist in San Benito tx
HOT,110,Rodeo Dental & Orthodontics of Donna,orthodontist,Donna,5.0,1900,True,real,https://www.rodeodental.com/locations/donna-tx/?utm_source=extnet&amp;utm_medium=organic&amp;utm_campaign=donna-tx-extnet,1814 East Highway 2 Ste. D,(956) 281-0770,1,orthodontist in Donna tx
HOT,110,A Perfect Smile Orthodontics,orthodontist,Donna,4.9,2100,True,real,/aclk?sa=L&amp;ai=DChsSEwim9b3fz6WUAxV7lYMHHb1eCPIYACICCAEQARoCZWY&amp;co=1&amp;ase=2&amp;gclid=EAIaIQobChMIpvW938-llAMVe5WDBx29XgjyEBAYASAAEgKThvD_BwE&amp;cid=CAASuwHkaB7MMDOPgrAlfRYgt6zyvg9c7pBrAT8amyaMYafXIAEd8FKg6azyo2U7e9tJQxwF-wYhWAxKZENE3XUPOwO-_WZeywsWSm1DDqiCFQuWIPXfEiKJIMuGt01cyk5GDK0OeR91ItOhh-t4ZHvbeV2tZgnMyA7BcweGTBS-Afwv5l2UFpFcaiK92hDULbfGgscTLg43NBzFni_JK1e20UgWahr3dDfVv7SiR4pfVH3P8pB5jLD4oeF5739V&amp;cce=2&amp;category=acrcp_v1_32&amp;sig=AOD64_3R23gWXgZs6yPUhxYwai15lQmLJg&amp;q=&amp;nis=4&amp;ctype=99&amp;ved=2ahUKEwim27Xfz6WUAxW0UMMIHZprLG4QhKwBegQIJhAQ&amp;adurl=,1400 East Expressway 83,(956) 630-6166,1,top rated orthodontist near Donna tx
HOT,110,A Perfect Smile Orthodontics,orthodontist,Mercedes,4.9,2100,True,real,/aclk?sa=L&amp;ai=DChsSEwjZqsKQ0KWUAxU7L4MDHbXkD4cYACICCAEQABoCc2Y&amp;co=1&amp;ase=2&amp;gclid=EAIaIQobChMI2arCkNCllAMVOy-DAx215A-HEBAYASAAEgKD0vD_BwE&amp;cid=CAAS0wHkaLkY91NStHhEGY9nF7uHYrRPywF__MdMRYEdpQ6ErIw7wrReC370v80LjNxslCtZkm34ZsqD3L_UFnNMqpaJa-mlirA1vRywfCH54nAfn5gede8OXyBRbKCp7alCSqBpQmFF6vhTtngx1LiE09EqVJmf09oQ5csmHJDkn2Go4JR82QcsXxRyiOqqGPnpPBSJJH1wkoaaM5DZcpDqv--2kVBRlbiZPHGZzaC70qsxpGINGzgCBq_2LXhaOEeNP-dC9PExyFQMQpJx3hZSz19WqXOk&amp;cce=2&amp;category=acrcp_v1_32&amp;sig=AOD64_0vbH9HkoOWy_wyR2TqakKEKefPeg&amp;q=&amp;nis=4&amp;ctype=99&amp;ved=2ahUKEwj4v7uQ0KWUAxVLUWwGHcGKK28QhKwBegQIIhAQ&amp;adurl=,1400 East Expressway 83,(956) 630-6166,1,orthodontist Mercedes tx open now
HOT,110,Unique Orthodontics,orthodontist,Los Fresnos,4.9,2100,True,real,https://uniqueortho.com/,,(559) 222-2522,1,top rated orthodontist near Los Fresnos tx
HOT,110,A Perfect Smile Orthodontics,orthodontist,Hidalgo,4.9,2100,True,real,http://www.aperfectsmileorthodontics.com/,,(956) 630-6166,1,orthodontist in Hidalgo tx
HOT,110,Rodeo Dental & Orthodontics of Rio Grande City,orthodontist,Rio Grande City,5.0,3100,True,real,https://www.rodeodental.com/locations/rio-grande-city-tx/?utm_source=extnet&amp;utm_medium=organic&amp;utm_campaign=rio-grande-tx-extnet,4024 US-83 #100,(956) 413-7542,1,orthodontist in Rio Grande City tx
HOT,110,SmileLife Orthodontics,orthodontist,South Padre Island,4.9,1400,True,real,https://smilelifebraces.com/locations/corpus-christi/,Closes soon,(361) 853-1900,1,best orthodontist in South Padre Island texas
HOT,110,J. Castillo Cosmetic & Family Dentistry,cosmetic dentist,McAllen,4.9,910,True,real,https://castillocosmeticdentistry.com/,2215 W Fern Ln,(956) 305-3172,1,cosmetic dentist in McAllen tx
HOT,110,Sabal Dental - Harlingen,cosmetic dentist,Harlingen,4.9,915,True,real,https://www.sabaldental.com/,321 S 13th St,956-275-7596,1,best cosmetic dentist in Harlingen texas
HOT,110,Sabal Dental - Harlingen,cosmetic dentist,Harlingen,4.9,915,True,real,https://www.sabaldental.com/,321 S 13th St,(956) 275-7596,1,affordable cosmetic dentist in Harlingen tx
HOT,110,Daydream Family Dentistry - Airway Dentistry,cosmetic dentist,Weslaco,5.0,501,True,real,http://www.daydreamfamilydentistry.com/,519 S Missouri Ave,(956) 968-6561,1,cosmetic dentist in Weslaco tx
HOT,110,Daydream Family Dentistry - Airway Dentistry,cosmetic dentist,Weslaco,5.0,501,True,real,http://www.daydreamfamilydentistry.com/,519 S Missouri Ave,956-968-6561,1,best cosmetic dentist in Weslaco texas
HOT,110,Martinez Dental Group,cosmetic dentist,San Benito,4.7,249,True,real,http://www.mtzdentalgroup.com/,985 S Sam Houston Blvd #3064,(956) 399-4312,1,best cosmetic dentist in San Benito texas
HOT,110,Rodeo Dental & Orthodontics of Donna,cosmetic dentist,Donna,5.0,1900,True,real,https://www.rodeodental.com/locations/donna-tx/?utm_source=extnet&amp;utm_medium=organic&amp;utm_campaign=donna-tx-extnet,1814 East Highway 2 Ste. D,(956) 281-0770,1,best cosmetic dentist in Donna texas
HOT,110,Smile Magic of San Juan,cosmetic dentist,Hidalgo,4.9,918,True,real,https://mysmilemagic.com/locations/san-juan/,,(956) 467-5813,1,affordable cosmetic dentist in Hidalgo tx
HOT,110,Rodeo Dental & Orthodontics of Rio Grande City,cosmetic dentist,Rio Grande City,5.0,3100,True,real,https://www.rodeodental.com/locations/rio-grande-city-tx/?utm_source=extnet&amp;utm_medium=organic&amp;utm_campaign=rio-grande-tx-extnet,4024 US-83 #100,(956) 413-7542,1,affordable cosmetic dentist in Rio Grande City tx
HOT,110,Garcia Chiropractic,chiropractor,McAllen,5.0,383,True,real,http://www.garciachiropractic.com/,2921 N 23rd St,(956) 687-7878,1,best chiropractor in McAllen texas
HOT,110,Khit Chiropractic & Wellness Center,chiropractor,Mission,5.0,1100,True,real,https://www.khitchiropractic.com/,401 Bryan Rd,(956) 583-4300,1,best chiropractor in Mission texas
HOT,110,The Joint Chiropractic,chiropractor,Harlingen,4.8,216,True,real,https://www.thejoint.com/texas/harlingen/harlingen-28133,2205 W Lincoln St,(956) 365-2014,1,chiropractor in Harlingen tx
HOT,110,Khit Chiropractic & Wellness Center,chiropractor,Brownsville,5.0,586,True,real,https://www.khitchiropractic.com/,62 E Price Rd,(956) 621-1154,1,chiropractor in Brownsville tx
HOT,110,Khit Chiropractic & Wellness Center,chiropractor,Weslaco,5.0,858,True,real,https://www.khitchiropractic.com/,3202 W Expy 83,(956) 968-2787,1,chiropractor in Weslaco tx
HOT,110,The Joint Chiropractic,chiropractor,Alamo,4.8,917,True,real,https://www.thejoint.com/texas/san-antonio/alamo-ranch-28077,,(210) 741-8791,1,best chiropractor in Alamo texas
HOT,110,Kaizen Clinical Partners (RGV Adult & Internal Medicine - Mercedes),chiropractor,Mercedes,4.7,262,True,real,http://www.kaizenclinicalpartners.com/,330 N Ohio Ave,(956) 903-4218,1,chiropractor in Mercedes tx
HOT,110,Khit Chiropractic & Wellness Center,chiropractor,Los Fresnos,5.0,586,True,real,https://www.khitchiropractic.com/,,(956) 621-1154,1,top rated chiropractor near Los Fresnos tx
HOT,110,Khit Chiropractic & Wellness Center,chiropractor,Hidalgo,5.0,1100,True,real,https://www.khitchiropractic.com/,,(956) 583-4300,1,best chiropractor in Hidalgo texas
HOT,110,Khit Chiropractic & Wellness Center,chiropractor,Rio Grande City,4.9,223,True,real,https://www.khitchiropractic.com/,5344 E US Hwy 83 Suite B4,(956) 317-1033,1,affordable chiropractor in Rio Grande City tx
HOT,110,The Joint Chiropractic,chiropractor,South Padre Island,4.9,1100,True,real,https://www.thejoint.com/texas/corpus-christi/corpus-christi-28055,,(361) 256-5987,1,top rated chiropractor near South Padre Island tx
HOT,110,Pure Physical Therapy-McAllen-Texas,physical therapist,McAllen,4.9,457,True,real,https://pure-physicaltherapy.com/physical-therapy-clinic/mcallen-tx/,5413 N 23rd St,(956) 994-8880,1,physical therapist in McAllen tx
HOT,110,Valley Healing Hands LLC,physical therapist,Brownsville,5.0,366,True,real,http://www.valleyhealinghands.com/,1225 Frontage Rd #2A,(956) 667-5050,1,physical therapist in Brownsville tx
HOT,110,Moveo Performance,physical therapist,Pharr,5.0,425,True,real,https://www.moveoperformance.com/,,(956) 515-2055,1,best physical therapist in Pharr texas
HOT,110,Surge Mobile Physical Therapy,physical therapist,Port Isabel,5.0,234,True,real,https://surgemobilephysicaltherapy.com/port-isabel/,1765 TX-100,(956) 443-3844,1,physical therapist in Port Isabel tx
HOT,110,Surge Mobile Physical Therapy,physical therapist,South Padre Island,5.0,234,True,real,https://surgemobilephysicaltherapy.com/port-isabel/,Closed,(956) 443-3844,1,top rated physical therapist near South Padre Island tx
HOT,110,Friendly Eyes Optometry,optometrist,Harlingen,4.9,239,True,real,https://local.lenscrafters.com/eyedoctors/tx/harlingen/914-dixieland-rd.html?cid=yext_odLCOD0863-110000775&amp;y_source=1_MjM2Mzg0OTMtNzE1LWxvY2F0aW9uLndlYnNpdGU%3D,914 Dixieland Rd Suite 200,(956) 428-9669,1,optometrist in Harlingen tx
HOT,110,Weslaco Vision Source,optometrist,Weslaco,4.8,365,True,real,http://weslacovisionsource.com/,415 S Airport Dr STE H,(956) 447-2020,1,optometrist in Weslaco tx
HOT,110,Alamo Eye Care,optometrist,Alamo,4.8,569,True,real,https://www.alamoeyecare.com/,Closes soon,(210) 403-9050,1,best optometrist in Alamo texas
HOT,110,Dr. Ronald N. Smith & Dr. J. Mark Hooton: OD,optometrist,Mercedes,5.0,746,True,real,http://www.eyesoftyler.com/,Closed,(903) 597-9020,1,best optometrist in Mercedes texas
HOT,110,North 10th Street Animal Hospital,veterinarian,McAllen,4.8,1400,True,real,https://www.north10thstreetanimalhospital.com/?utm_source=gmb&amp;utm_medium=organic&amp;y_source=1_MTE2Njg2MTMtNzE1LWxvY2F0aW9uLndlYnNpdGU%3D,10+ years in business,(956) 686-5871,1,veterinarian in McAllen tx
HOT,105,Dental Park,dentist,McAllen,5.0,1300,True,real,https://www.dentalparkmcallen.com/,930 E Expressway 83,(956) 540-7825,2,dentist in McAllen tx
HOT,105,The Lakes Family Dental,dentist,Edinburg,4.8,1700,True,real,https://www.thelakesfamilydental.com/?utm_source=Google&amp;utm_medium=Local&amp;utm_campaign&amp;utm_content=GMB,3103 Center Pointe Dr,(956) 567-9891,2,best dentist in Edinburg texas
HOT,105,A.C. Villarreal Family Dental,dentist,Edinburg,4.8,638,True,real,https://acvdental.com/,1123 S 10th Ave,(956) 318-3384,2,dentist Edinburg tx open now
HOT,105,Iman Dental Center,dentist,Mission,4.8,451,True,real,https://imandentalcenter.com/,801 N Conway Ave,(956) 585-2000,2,dentist in Mission tx
HOT,105,Rodeo Dental & Orthodontics of Harlingen,dentist,Harlingen,4.9,2200,True,real,https://www.rodeodental.com/locations/harlingen-tx/?utm_source=extnet&amp;utm_medium=organic&amp;utm_campaign=harlingen-tx-extnet,601 N 77 Sunshine Strip #4,(956) 370-3700,2,dentist in Harlingen tx
HOT,105,The Tooth Place,dentist,Brownsville,4.7,471,True,real,http://www.thetoothplacebrownsville.com/,300 Lorenaly Dr,(956) 542-9200,2,dentist in Brownsville tx
HOT,105,Key Dental,dentist,Brownsville,4.9,229,True,real,https://keydentalrgv.com/,1100 North Expy Suite B and C,(956) 382-6364,2,dentist Brownsville tx open now
HOT,105,Rodeo Dental & Orthodontics of Pharr,dentist,Pharr,4.9,4300,True,real,https://www.rodeodental.com/locations/pharr-tx/?utm_source=extnet&amp;utm_medium=organic&amp;utm_campaign=pharr-tx-extnet,1300 S Cage Blvd #K,(956) 413-7540,2,dentist in Pharr tx
HOT,105,De La Garza Family Dental,dentist,Weslaco,4.9,448,True,real,http://www.delagarzafamilydentaltexas.com/?utm_source=GBP&amp;utm_medium=Organic&amp;utm_campaign=GBPListing,461 N Westgate Dr,(956) 968-8713,2,dentist in Weslaco tx
HOT,105,Martinez Dental Group,dentist,San Benito,4.7,249,True,real,http://www.mtzdentalgroup.com/,985 S Sam Houston Blvd #3064,(956) 399-4312,2,dentist in San Benito tx
HOT,105,Agua Dental,dentist,Alamo,4.9,2200,True,real,http://www.aguadentaltexas.com/,,(956) 702-2482,2,top rated dentist near Alamo tx
HOT,105,Red Square Dental & Orthodontics,orthodontist,Edinburg,4.8,850,True,real,http://www.redsquaredentalcare.com/,2702 Cornerstone Blvd,(956) 686-5511,2,orthodontist in Edinburg tx
HOT,105,Rodeo Dental & Orthodontics,orthodontist,Mission,4.9,1200,True,real,https://www.rodeodental.com/locations/mission-tx-sharyland/?utm_source=extnet&amp;utm_medium=organic&amp;utm_campaign=sharyland-tx-extnet,2423 E Expressway 83 #300,(956) 997-6767,2,affordable orthodontist in Mission tx
HOT,105,"Dr. Stephen P. Shepard, D.D.S., M.S.D",orthodontist,Harlingen,4.9,203,True,real,http://www.shepardsmiles.com/,2022 E Harrison Ave,(956) 423-4646,2,best orthodontist in Harlingen texas
HOT,105,Smile Magic of Weslaco,orthodontist,Weslaco,4.9,1800,True,real,https://mysmilemagic.com/locations/weslaco/,802 N Texas Blvd,(956) 242-4099,2,orthodontist in Weslaco tx
HOT,105,Martinez Dental Group,orthodontist,San Benito,4.7,249,True,real,http://www.mtzdentalgroup.com/,985 S Sam Houston Blvd #3064,(956) 399-4312,2,orthodontist in San Benito tx
HOT,105,RGV Orthodontics,orthodontist,Hidalgo,4.9,613,True,real,http://www.rgvorthodontics.com/,Closes soon,(956) 682-6114,2,orthodontist in Hidalgo tx
HOT,105,Smile Magic of McAllen,orthodontist,Hidalgo,4.8,2300,True,real,https://mysmilemagic.com/locations/mcallen/,,(956) 278-8148,2,affordable orthodontist in Hidalgo tx
HOT,105,Tijerina Family & Cosmetic Dentistry of McAllen,cosmetic dentist,McAllen,5.0,516,True,real,https://www.tijerinadentistry.com/,4121 N 22nd St,(956) 687-6103,2,cosmetic dentist in McAllen tx
HOT,105,Iman Dental Center,cosmetic dentist,Mission,4.8,451,True,real,https://imandentalcenter.com/,,(956) 585-2000,2,cosmetic dentist near me Mission tx
HOT,105,Rio Vista Dentistry,cosmetic dentist,Harlingen,4.9,432,True,real,https://www.riovistadentistry.com/,802 TX-499 Loop #1,956-425-7726,2,best cosmetic dentist in Harlingen texas
HOT,105,Rio Vista Dentistry,cosmetic dentist,Harlingen,4.9,432,True,real,https://www.riovistadentistry.com/,802 TX-499 Loop #1,(956) 425-7726,2,cosmetic dentist Harlingen tx open now
HOT,105,Rodeo Dental & Orthodontics of Pharr,cosmetic dentist,Pharr,4.9,4300,True,real,https://www.rodeodental.com/locations/pharr-tx/?utm_source=extnet&amp;utm_medium=organic&amp;utm_campaign=pharr-tx-extnet,1300 S Cage Blvd #K,(956) 413-7540,2,best cosmetic dentist in Pharr texas
HOT,105,Smile Magic of Weslaco,cosmetic dentist,Weslaco,4.9,1800,True,real,https://mysmilemagic.com/locations/weslaco/,802 N Texas Blvd,(956) 242-4099,2,cosmetic dentist in Weslaco tx
HOT,105,Smile Magic of Weslaco,cosmetic dentist,Weslaco,4.9,1800,True,real,https://mysmilemagic.com/locations/weslaco/,802 N Texas Blvd,956-242-4099,2,best cosmetic dentist in Weslaco texas
HOT,105,Southern Dental,cosmetic dentist,Weslaco,4.9,494,True,real,http://www.southernfamilydentaltexas.com/?utm_source=GBP&amp;utm_medium=Organic&amp;utm_campaign=GBPListing,1210 E 8th St Ste 2,(956) 969-2591,2,affordable cosmetic dentist in Weslaco tx
HOT,105,Rodeo Dental & Orthodontics of San Benito,cosmetic dentist,San Benito,4.9,3300,True,real,https://www.rodeodental.com/locations/san-benito-tx/?utm_source=extnet&amp;utm_medium=organic&amp;utm_campaign=san-benito-tx-extnet,1141 US-77 BUS #G,(956) 413-7539,2,best cosmetic dentist in San Benito texas
HOT,105,Alamo Family & Cosmetic Dentistry,cosmetic dentist,Alamo,4.9,312,True,real,http://alamodentalsa.com/,,(210) 348-8600,2,cosmetic dentist in Alamo tx
HOT,105,J. Castillo Cosmetic & Family Dentistry,cosmetic dentist,Hidalgo,4.9,910,True,real,https://castillocosmeticdentistry.com/,,(956) 305-3172,2,cosmetic dentist Hidalgo tx open now
HOT,105,Amistad Dentistry,cosmetic dentist,Rio Grande City,4.9,372,True,real,https://www.amistaddentistry.com/?utm_source=del-rio-tx-listing&amp;utm_medium=gmb&amp;utm_campaign=seo&amp;utm_content=website,Closes soon,(830) 775-2431,2,affordable cosmetic dentist in Rio Grande City tx
HOT,105,Smile Experts,cosmetic dentist,Port Isabel,4.7,363,True,real,https://www.visitsmileexperts.com/,,(361) 336-0894,2,top rated cosmetic dentist near Port Isabel tx
HOT,105,Sabal Dental - Rockport,cosmetic dentist,Port Isabel,4.9,716,True,real,https://www.sabaldental.com/,Closes soon,(361) 209-8609,2,affordable cosmetic dentist in Port Isabel tx
HOT,105,Dr. Pablo Tagle III Chiropractic Wellness Center,chiropractor,McAllen,4.7,235,True,real,http://www.drtaglechiro.com/,3130 N 23rd St,(956) 686-8060,2,chiropractor in McAllen tx
HOT,105,Khit Chiropractic & Wellness Center,chiropractor,McAllen,4.9,591,True,real,https://www.khitchiropractic.com/,708 W Nolana Ave,(956) 627-4750,2,best chiropractor in McAllen texas
HOT,105,Sharyland Chiropractic Center,chiropractor,Mission,4.9,269,True,real,https://www.sharylandchiropractic.com/,2422 E Griffin Pkwy,(956) 584-7388,2,best chiropractor in Mission texas
HOT,105,Khit Chiropractic & Wellness Center,chiropractor,Harlingen,4.9,832,True,real,https://www.khitchiropractic.com/,602 E Harrison Ave,(956) 428-3627,2,chiropractor in Harlingen tx
HOT,105,Khit Chiropractic & Wellness Center,chiropractor,Pharr,4.9,591,True,real,https://www.khitchiropractic.com/,,(956) 627-4750,2,best chiropractor in Pharr texas
HOT,105,Texas Injury Chiropractic,chiropractor,San Benito,5.0,468,True,real,http://www.texasinjurychiro.com/,,(956) 399-7200,2,affordable chiropractor in San Benito tx
HOT,105,Khit Chiropractic & Wellness Center,chiropractor,San Benito,4.9,832,True,real,https://www.khitchiropractic.com/,,(956) 428-3627,2,chiropractor near me San Benito tx
HOT,105,"Dora Cavazos, D.C. United Chiropractic & Rehabilitation",chiropractor,Donna,4.5,98,False,none,,1211 E Expressway 83 A,(956) 461-0777,1,chiropractor in Donna tx
HOT,105,Khit Chiropractic & Wellness Center,chiropractor,Donna,5.0,858,True,real,https://www.khitchiropractic.com/,"""10/10 Highly recommend!""",(956) 968-2787,2,best chiropractor in Donna texas
HOT,105,Texas Injury Chiropractic,chiropractor,Los Fresnos,5.0,566,True,real,http://www.texasinjurychiro.com/,,(956) 550-0665,2,top rated chiropractor near Los Fresnos tx
HOT,105,Garcia Chiropractic,chiropractor,Hidalgo,5.0,383,True,real,http://www.garciachiropractic.com/,,(956) 687-7878,2,best chiropractor in Hidalgo texas
HOT,105,Dr. Pablo Tagle III Chiropractic Wellness Center,chiropractor,Hidalgo,4.7,235,True,real,http://www.drtaglechiro.com/,,(956) 686-8060,2,chiropractor near me Hidalgo tx
HOT,105,Moveo Performance,physical therapist,McAllen,5.0,425,True,real,https://www.moveoperformance.com/,6624 N 10th St Suite R,(956) 515-2055,2,best physical therapist in McAllen texas
HOT,105,Performance Therapeutics - Weslaco,physical therapist,Weslaco,5.0,281,True,real,https://performancetherapeutics.com/,1210 E 8th St Suite 1,(956) 351-5870,2,physical therapist in Weslaco tx
HOT,105,Moveo Performance,physical therapist,Hidalgo,5.0,425,True,real,https://www.moveoperformance.com/,,(956) 515-2055,2,top rated physical therapist near Hidalgo tx
HOT,105,America's Best Contacts & Eyeglasses,optometrist,Mission,4.2,382,True,real,https://www.americasbest.com/location/tx/mission/sharyland-towne-crossing/?utm_source=gplus&amp;utm_medium=listing&amp;utm_campaign=w2gi,2515 E Expressway 83 Suite 300,(956) 682-4058,1,affordable optometrist in Mission tx
HOT,105,LensCrafters,optometrist,Harlingen,4.9,773,True,real,https://local.lenscrafters.com/tx/harlingen/914-dixieland-rd.html?cid=yext_0863&amp;y_source=1_MTIxMDY4NC03MTUtbG9jYXRpb24ud2Vic2l0ZQ%3D%3D,914 Dixieland Rd Suite 200,(956) 428-9222,2,optometrist in Harlingen tx
HOT,105,Visionworks Valley Crossing Shopping Center,optometrist,Weslaco,4.8,279,True,real,https://locations.visionworks.com/ll/US/TX/Weslaco/601-E-Expressway-83?utm_medium=organic&amp;utm_source=gbp&amp;utm_campaign=website&amp;utm_content=sl&amp;utm_term=100,601 E Expressway 83 Ste 100,(956) 969-2815,2,optometrist in Weslaco tx
HOT,105,Focal Point Vision,optometrist,Alamo,4.9,759,True,real,https://focalpointvision.com/focal-point-vision-alamo/?y_source=1_NzU2Nzc0NDQtNzE1LWxvY2F0aW9uLndlYnNpdGU%3D,Closed,(210) 614-3600,2,top rated optometrist near Alamo tx
HOT,105,The Eye Experts - Weslaco,optometrist,Mercedes,4.6,439,True,real,http://theeyeexperts.com/?utm_source=GMBSocialClimb&amp;utm_medium=TheEyeExperts-Weslaco,Closed,(956) 969-3893,2,top rated optometrist near Mercedes tx
HOT,105,LensCrafters at Macy's,optometrist,Hidalgo,4.9,350,True,real,https://local.lenscrafters.com/tx/mcallen/2100-south-tenth.html?cid=yext_8872&amp;y_source=1_ODI0Njc4Ni03MTUtbG9jYXRpb24ud2Vic2l0ZQ%3D%3D,,(956) 992-0619,2,optometrist Hidalgo tx open now
HOT,105,"Drs. McIntyre, Garza, Avila and Jurica, Optometrists",optometrist,South Padre Island,4.7,874,True,real,http://www.cccontacts.com/,,(361) 994-0310,2,best optometrist in South Padre Island texas
HOT,105,Texas Wellness Spay & Neuter Clinic,veterinarian,McAllen,4.6,907,True,real,https://www.txwellness.com/,10+ years in business,(956) 638-2970,2,veterinarian in McAllen tx
HOT,100,The Smile Clinic,dentist,Alamo,5.0,52,False,none,,725 N Tower Rd,(956) 787-4337,2,dentist in Alamo tx
HOT,100,Havener Orthodontics,orthodontist,Edinburg,4.9,92,False,none,,Closes soon,,2,orthodontist near me Edinburg tx
HOT,100,Access Dental & Orthodontics,orthodontist,Harlingen,4.4,727,True,real,https://accessdentalclinics.com/locations/texas/harlingen-tx-on-dixieland-rd/,1214 Dixieland Rd # 4,(956) 428-5322,2,affordable orthodontist in Harlingen tx
HOT,100,Access Dental & Orthodontics,cosmetic dentist,Harlingen,4.4,727,True,real,https://accessdentalclinics.com/locations/texas/harlingen-tx-on-dixieland-rd/,1214 Dixieland Rd # 4,(956) 428-5322,2,affordable cosmetic dentist in Harlingen tx
HOT,100,Padre Island Family Dentistry,cosmetic dentist,South Padre Island,4.7,79,False,none,,Closed,,2,top rated cosmetic dentist near South Padre Island tx
HOT,100,Inner Peace Spa,chiropractor,Mercedes,5.0,64,False,none,,5001 E Expressway 83,(956) 903-0123,2,chiropractor in Mercedes tx
HOT,100,Stanton Optical,optometrist,Edinburg,4.7,91,False,none,,201 E Trenton Rd Suite 2,(956) 242-4334,2,optometrist in Edinburg tx
HOT,100,Island Family Eyecare,optometrist,South Padre Island,5.0,116,True,social,https://www.islandfamilyeyecaretx.com/,Closed,(361) 529-7570,1,best optometrist in South Padre Island texas
HOT,99,Smile Magic of McAllen,dentist,McAllen,4.8,2300,True,real,https://mysmilemagic.com/locations/mcallen/,2708 W Nolana Ave Suite 120,(956) 278-8148,3,dentist in McAllen tx
HOT,99,Tijerina Family & Cosmetic Dentistry of McAllen,dentist,McAllen,5.0,516,True,real,https://www.tijerinadentistry.com/,4121 N 22nd St,(956) 687-6103,3,best dentist in McAllen texas
HOT,99,Palm Valley Dental,dentist,Edinburg,4.9,1300,True,real,https://mypalmvalleydental.com/?utm_source=google.com&amp;utm_medium=business+profile&amp;utm_campaign=,4649 S Jackson Rd,(956) 329-2808,3,best dentist in Edinburg texas
HOT,99,Red Square Dental & Orthodontics,dentist,Edinburg,4.8,850,True,real,http://www.redsquaredentalcare.com/,2702 Cornerstone Blvd,(956) 686-5511,3,affordable dentist in Edinburg tx
HOT,99,Smith Dental,dentist,Mission,4.9,534,True,real,http://smithdentalrgv.com/,308 S Bryan Rd,(956) 585-2767,3,dentist in Mission tx
HOT,99,Agua Dental,dentist,Harlingen,4.9,1500,True,real,https://aguadentaltexas.com/,603 S Expressway 83,(956) 374-4959,3,best dentist in Harlingen texas
HOT,99,Drake Family Dentistry,dentist,Harlingen,4.9,807,True,real,https://www.drakefamilydentistry.com/,2319 E Tyler Ave,(956) 428-3300,3,top rated dentist near Harlingen tx
HOT,99,Los Ebanos Family Dentistry,dentist,Brownsville,4.9,236,True,real,http://www.losebanosfamilydentistry.com/,925 E Los Ebanos Blvd,(956) 542-1177,3,dentist in Brownsville tx
HOT,99,Rodeo Dental & Orthodontics of Weslaco,dentist,Weslaco,4.9,3000,True,real,https://www.rodeodental.com/locations/weslaco-tx/?utm_source=extnet&amp;utm_medium=organic&amp;utm_campaign=weslaco-tx-extnet,1901 W Expy 83 #800,(956) 277-2414,3,dentist in Weslaco tx
HOT,99,Daydream Family Dentistry - Airway Dentistry,dentist,Weslaco,5.0,501,True,real,http://www.daydreamfamilydentistry.com/,519 S Missouri Ave,(956) 968-6561,3,best dentist in Weslaco texas
HOT,99,Rodeo Dental & Orthodontics of San Benito,dentist,San Benito,4.9,3300,True,real,https://www.rodeodental.com/locations/san-benito-tx/?utm_source=extnet&amp;utm_medium=organic&amp;utm_campaign=san-benito-tx-extnet,1141 US-77 BUS #G,(956) 413-7539,3,dentist in San Benito tx
HOT,99,Rodeo Dental & Orthodontics of Weslaco,dentist,Donna,4.9,3000,True,real,https://www.rodeodental.com/locations/weslaco-tx/?utm_source=extnet&amp;utm_medium=organic&amp;utm_campaign=weslaco-tx-extnet,,(956) 277-2414,3,top rated dentist near Donna tx
HOT,99,Alamo Ranch Dental,dentist,Alamo,4.8,956,True,real,https://alamoranchdental.com/,Closes soon,(210) 538-2772,3,affordable dentist in Alamo tx
HOT,99,Dental Park,dentist,Hidalgo,5.0,1300,True,real,https://www.dentalparkmcallen.com/,,(956) 540-7825,3,dentist Hidalgo tx open now
HOT,99,Affordable Dentist Near Me of Longview,dentist,Rio Grande City,4.9,708,True,real,https://affordabledentistnearme.com/locations/longview/,,(903) 568-8383,3,affordable dentist in Rio Grande City tx
HOT,99,McAllen Orthodontic Group,orthodontist,McAllen,5.0,1100,True,real,https://mcallenorthodonticgroup.com/,4900 N 10th St f2,(956) 687-2004,3,orthodontist in McAllen tx
HOT,99,RGV Orthodontics,orthodontist,McAllen,4.9,613,True,real,http://www.rgvorthodontics.com/,Closes soon,(956) 682-6114,3,orthodontist near me McAllen tx
HOT,99,Rodeo Dental & Orthodontics of Edinburg,orthodontist,Edinburg,4.9,2500,True,real,https://www.rodeodental.com/locations/edinburg-tx/?utm_source=extnet&amp;utm_medium=organic&amp;utm_campaign=edinburg-tx-extnet,1560 E Canton Rd suite g,(956) 415-0343,3,orthodontist in Edinburg tx
HOT,99,Rio Vista Dentistry,orthodontist,Harlingen,4.9,432,True,real,https://www.riovistadentistry.com/,802 TX-499 Loop #1,(956) 425-7726,3,best orthodontist in Harlingen texas
HOT,99,Rodeo Dental & Orthodontics,orthodontist,Brownsville,4.9,2600,True,real,https://www.rodeodental.com/locations/brownsville-dentist-ruben-torres-blvd/?utm_source=extnet&amp;utm_medium=organic&amp;utm_campaign=brownsville-ruben-torres-extnet,2155 Ruben M Torres Blvd Suite 4,(956) 622-5838,3,orthodontist in Brownsville tx
HOT,99,Rodeo Dental & Orthodontics,orthodontist,Brownsville,5.0,3900,True,real,https://www.rodeodental.com/locations/brownsville-southmost-tx/?utm_source=extnet&amp;utm_medium=organic&amp;utm_campaign=brownsville-southmost-extnet,2950 Southmost Rd Suite 103,(956) 413-7537,3,affordable orthodontist in Brownsville tx
HOT,99,Rodeo Dental & Orthodontics,orthodontist,Brownsville,4.9,3900,True,real,https://www.rodeodental.com/locations/brownsville-tx-central-blvd/?utm_source=extnet&amp;utm_medium=organic&amp;utm_campaign=brownsville-central-blvd-extnet,1634 Central Blvd,(956) 413-7538,3,orthodontist Brownsville tx open now
HOT,99,Rodeo Dental & Orthodontics of Pharr,orthodontist,Pharr,4.9,4300,True,real,https://www.rodeodental.com/locations/pharr-tx/?utm_source=extnet&amp;utm_medium=organic&amp;utm_campaign=pharr-tx-extnet,1300 S Cage Blvd #K,(956) 413-7540,3,orthodontist in Pharr tx
HOT,99,Southern Dental,orthodontist,Weslaco,4.9,494,True,real,http://www.southernfamilydentaltexas.com/?utm_source=GBP&amp;utm_medium=Organic&amp;utm_campaign=GBPListing,1210 E 8th St Ste 2,(956) 969-2591,3,best orthodontist in Weslaco texas
HOT,99,Rodeo Dental & Orthodontics of Harlingen,orthodontist,San Benito,4.9,2200,True,real,https://www.rodeodental.com/locations/harlingen-tx/?utm_source=extnet&amp;utm_medium=organic&amp;utm_campaign=harlingen-tx-extnet,,(956) 370-3700,3,orthodontist in San Benito tx
HOT,99,Rodeo Dental & Orthodontics of Weslaco,orthodontist,Donna,4.9,3000,True,real,https://www.rodeodental.com/locations/weslaco-tx/?utm_source=extnet&amp;utm_medium=organic&amp;utm_campaign=weslaco-tx-extnet,,(956) 277-2414,3,orthodontist in Donna tx
HOT,99,Knowlton Family Orthodontics,orthodontist,Mercedes,5.0,325,True,real,http://www.knowltonortho.com/,Closes soon,(903) 771-2360,3,top rated orthodontist near Mercedes tx
HOT,99,TK Orthodontics (Havens Fresno),orthodontist,Los Fresnos,4.9,233,True,real,https://www.tk-ortho.com/?utm_source=google&amp;utm_medium=organic&amp;utm_campaign=gbp-listing,,(559) 448-9870,3,top rated orthodontist near Los Fresnos tx
HOT,99,Freels Orthodontics,orthodontist,Hidalgo,5.0,518,True,real,https://www.freelsorthodontics.com/,Closes soon,(956) 631-8181,3,orthodontist in Hidalgo tx
HOT,99,McAllen Orthodontic Group,orthodontist,Hidalgo,5.0,1100,True,real,https://mcallenorthodonticgroup.com/,Closed,(956) 687-2004,3,top rated orthodontist near Hidalgo tx
HOT,99,"Sperry, Tivis, & Wentz Family Orthodontics - Lubbock 84th",orthodontist,Hidalgo,4.9,992,True,real,https://sperrytiviswentzortho.com/,Closes soon,(806) 794-8124,3,orthodontist near me Hidalgo tx
HOT,99,Rio Dental & Orthodontics - Dallas,orthodontist,Rio Grande City,5.0,476,True,real,https://riodentalgroup.com/dallas/,,(469) 812-5407,3,top rated orthodontist near Rio Grande City tx
HOT,99,Rio Dental & Orthodontics - Farmers Branch,orthodontist,Rio Grande City,4.9,782,True,real,https://riodentalgroup.com/farmers-branch/,,(972) 737-1869,3,affordable orthodontist in Rio Grande City tx
HOT,99,A Perfect Smile Orthodontics,orthodontist,South Padre Island,4.9,2100,True,real,http://www.aperfectsmileorthodontics.com/,,(956) 630-6166,3,best orthodontist in South Padre Island texas
HOT,99,Meza Family & Cosmetic Dentistry,cosmetic dentist,McAllen,4.9,352,True,real,http://www.mezadentistry.com/?utm_source=google&amp;utm_medium=organic&amp;utm_campaign=gmb,312 Pecan Blvd,(956) 687-6453,3,cosmetic dentist in McAllen tx
HOT,99,Smith Dental,cosmetic dentist,Mission,4.9,534,True,real,http://smithdentalrgv.com/,Closed,(956) 585-2767,3,cosmetic dentist near me Mission tx
HOT,99,"Compassion Dental of Harlingen/Ricardo Guillen, DDS",cosmetic dentist,Harlingen,5.0,315,True,real,https://www.compassiondentalharlingen.com/,822 E Harrison Ave,956-428-4434,3,best cosmetic dentist in Harlingen texas
HOT,99,Rodeo Dental & Orthodontics of Harlingen,cosmetic dentist,Harlingen,4.9,2200,True,real,https://www.rodeodental.com/locations/harlingen-tx/?utm_source=extnet&amp;utm_medium=organic&amp;utm_campaign=harlingen-tx-extnet,601 N 77 Sunshine Strip #4,(956) 370-3700,3,affordable cosmetic dentist in Harlingen tx
HOT,99,J. Castillo Cosmetic & Family Dentistry,cosmetic dentist,Pharr,4.9,910,True,real,https://castillocosmeticdentistry.com/,Closes soon,(956) 305-3172,3,best cosmetic dentist in Pharr texas
HOT,99,De La Garza Family Dental,cosmetic dentist,Weslaco,4.9,448,True,real,http://www.delagarzafamilydentaltexas.com/?utm_source=GBP&amp;utm_medium=Organic&amp;utm_campaign=GBPListing,461 N Westgate Dr,(956) 968-8713,3,cosmetic dentist in Weslaco tx
HOT,99,De La Garza Family Dental,cosmetic dentist,Weslaco,4.9,448,True,real,http://www.delagarzafamilydentaltexas.com/?utm_source=GBP&amp;utm_medium=Organic&amp;utm_campaign=GBPListing,461 N Westgate Dr,956-968-8713,3,best cosmetic dentist in Weslaco texas
HOT,99,Rodeo Dental & Orthodontics of Weslaco,cosmetic dentist,Weslaco,4.9,3000,True,real,https://www.rodeodental.com/locations/weslaco-tx/?utm_source=extnet&amp;utm_medium=organic&amp;utm_campaign=weslaco-tx-extnet,1901 W Expy 83 #800,(956) 277-2414,3,affordable cosmetic dentist in Weslaco tx
HOT,99,Drake Family Dentistry,cosmetic dentist,San Benito,4.9,807,True,real,https://www.drakefamilydentistry.com/,Closes soon,(956) 428-3300,3,top rated cosmetic dentist near San Benito tx
HOT,99,Smile Magic of San Juan,cosmetic dentist,Donna,4.9,918,True,real,https://mysmilemagic.com/locations/san-juan/,,(956) 467-5813,3,affordable cosmetic dentist in Donna tx
HOT,99,De La Garza Family Dental,cosmetic dentist,Mercedes,4.9,448,True,real,http://www.delagarzafamilydentaltexas.com/?utm_source=GBP&amp;utm_medium=Organic&amp;utm_campaign=GBPListing,Closes soon,(956) 968-8713,3,best cosmetic dentist in Mercedes texas
HOT,99,Tijerina Family & Cosmetic Dentistry of McAllen,cosmetic dentist,Hidalgo,5.0,516,True,real,https://www.tijerinadentistry.com/,,(956) 687-6103,3,cosmetic dentist Hidalgo tx open now
HOT,99,Rio Grande Family Dental,cosmetic dentist,Rio Grande City,4.8,320,True,real,https://riograndefamilydental.com/,,(915) 603-4633,3,cosmetic dentist near me Rio Grande City tx
HOT,99,Lavaca Dental,cosmetic dentist,Port Isabel,4.8,749,True,real,https://www.lavacadental.com/,Closes soon,(361) 333-5685,3,affordable cosmetic dentist in Port Isabel tx
HOT,99,"Guajardo Chiropractic Clinic, LLC",chiropractor,McAllen,5.0,291,True,real,https://drsgtexas.com/,2217 Primrose Ave W,(956) 627-4995,3,chiropractor in McAllen tx
HOT,99,Doctor Arevalo,chiropractor,Edinburg,4.9,241,True,real,https://drjosepharevalo.com/,3202 W Alberta Rd,(956) 335-2972,3,chiropractor in Edinburg tx
HOT,99,Airrosti Edinburg,chiropractor,Edinburg,5.0,242,True,real,https://www.airrosti.com/location/texas/edinburg-1601-w-trenton-edin,1601 W Trenton Rd Ste N,(956) 420-0045,3,best chiropractor in Edinburg texas
HOT,99,Texas Injury Chiropractic,chiropractor,Brownsville,5.0,566,True,real,http://www.texasinjurychiro.com/,2501 Paredes Line Rd B-10,(956) 550-0665,3,chiropractor in Brownsville tx
HOT,99,Airrosti Brownsville,chiropractor,Brownsville,5.0,268,True,real,https://www.airrosti.com/location/texas/brownsville-3819-n-expressway-bvill,3819 Frontage Rd 77/83 Ste 2,(956) 420-0045,3,best chiropractor in Brownsville texas
HOT,99,"Guajardo Chiropractic Clinic, LLC",chiropractor,Pharr,5.0,291,True,real,https://drsgtexas.com/,,(956) 627-4995,3,chiropractor in Pharr tx
HOT,99,Garcia Chiropractic,chiropractor,Pharr,5.0,383,True,real,http://www.garciachiropractic.com/,,(956) 687-7878,3,best chiropractor in Pharr texas
HOT,99,Khit Chiropractic & Wellness Center,chiropractor,Weslaco,5.0,1100,True,real,https://www.khitchiropractic.com/,,(956) 583-4300,3,best chiropractor in Weslaco texas
HOT,99,The Joint Chiropractic,chiropractor,San Benito,4.8,216,True,real,https://www.thejoint.com/texas/harlingen/harlingen-28133,,(956) 365-2014,3,chiropractor near me San Benito tx
HOT,99,Khit Chiropractic & Wellness Center,chiropractor,Donna,5.0,1100,True,real,https://www.khitchiropractic.com/,,(956) 583-4300,3,top rated chiropractor near Donna tx
HOT,99,Airrosti Brownsville,chiropractor,Los Fresnos,5.0,268,True,real,https://www.airrosti.com/location/texas/brownsville-3819-n-expressway-bvill,,(956) 420-0045,3,top rated chiropractor near Los Fresnos tx
HOT,99,Khit Chiropractic & Wellness Center,chiropractor,Hidalgo,4.9,591,True,real,https://www.khitchiropractic.com/,,(956) 627-4750,3,best chiropractor in Hidalgo texas
HOT,99,"Guajardo Chiropractic Clinic, LLC",chiropractor,Hidalgo,5.0,291,True,real,https://drsgtexas.com/,,(956) 627-4995,3,chiropractor Hidalgo tx open now
HOT,99,Chiro 4 All Health Center,chiropractor,Hidalgo,5.0,299,True,real,http://www.chiro4all.net/,Chiro 4 All Health Center,(281) 341-0003,3,chiropractor near me Hidalgo tx
HOT,99,DHR Health Rehabilitation Hospital,physical therapist,Edinburg,4.9,336,True,real,https://www.dhrhealth.com/services/rehabilitation-hospital/,5403 Doctor's Dr,(956) 362-3550,3,best physical therapist in Edinburg texas
HOT,99,Pure Physical Therapy-McAllen-Texas,physical therapist,Mission,4.9,457,True,real,https://pure-physicaltherapy.com/physical-therapy-clinic/mcallen-tx/,,(956) 994-8880,3,top rated physical therapist near Mission tx
HOT,99,Airrosti Harlingen,physical therapist,Harlingen,5.0,371,True,real,https://www.airrosti.com/location/texas/harlingen-6704-w-expressway-83-harli,6704 W Expy 83,(956) 420-0045,3,best physical therapist in Harlingen texas
HOT,99,Surge Mobile Physical Therapy,physical therapist,Brownsville,5.0,299,True,real,https://surgemobilephysicaltherapy.com/olmito/,,(956) 413-7799,3,best physical therapist in Brownsville texas
HOT,99,Pure Physical Therapy-McAllen-Texas,physical therapist,Pharr,4.9,457,True,real,https://pure-physicaltherapy.com/physical-therapy-clinic/mcallen-tx/,,(956) 994-8880,3,physical therapist in Pharr tx
HOT,99,Weslaco Regional Rehabilitation Hospital,physical therapist,Weslaco,5.0,389,True,real,http://wrrh.ernesthealth.com/,906 James St,(956) 969-2222,3,best physical therapist in Weslaco texas
HOT,99,DHR Health Rehabilitation Hospital,physical therapist,Hidalgo,4.9,336,True,real,https://www.dhrhealth.com/services/rehabilitation-hospital/,,(956) 362-3550,3,top rated physical therapist near Hidalgo tx
HOT,99,Pure Physical Therapy-McAllen-Texas,physical therapist,Hidalgo,4.9,457,True,real,https://pure-physicaltherapy.com/physical-therapy-clinic/mcallen-tx/,,(956) 994-8880,3,physical therapist Hidalgo tx open now
HOT,99,Surge Mobile Physical Therapy,physical therapist,South Padre Island,5.0,299,True,real,https://surgemobilephysicaltherapy.com/olmito/,,(956) 413-7799,3,physical therapist South Padre Island tx open now
HOT,99,Barajas Vision Clinic,optometrist,Harlingen,4.8,210,True,real,https://www.barajasvisionclinic.com/hours-location/harlingen/,913 S Ed Carey Dr Ste C,(956) 428-0158,3,best optometrist in Harlingen texas
HOT,99,America's Best Contacts & Eyeglasses,optometrist,Weslaco,4.6,601,True,real,https://www.americasbest.com/location/tx/weslaco/westgate-shops/?utm_source=gplus&amp;utm_medium=listing&amp;utm_campaign=w2gi,"1919 US, E Expressway 83 Ste 200",(956) 376-2003,3,optometrist in Weslaco tx
HOT,99,The Eye Experts - Weslaco,optometrist,Weslaco,4.6,439,True,real,http://theeyeexperts.com/?utm_source=GMBSocialClimb&amp;utm_medium=TheEyeExperts-Weslaco,"Medical Arts Bldg, 1315 E 6th St #5",(956) 969-3893,3,best optometrist in Weslaco texas
HOT,99,Walmart Vision & Glasses,optometrist,San Benito,5.0,628,True,real,https://www.walmart.com/store/1296-san-benito-tx/vision-center?veh=seo_loc,1126 US-77,(956) 361-9047,3,optometrist in San Benito tx
HOT,99,Friendly Eyes Optometry,optometrist,San Benito,4.9,239,True,real,https://local.lenscrafters.com/eyedoctors/tx/harlingen/914-dixieland-rd.html?cid=yext_odLCOD0863-110000775&amp;y_source=1_MjM2Mzg0OTMtNzE1LWxvY2F0aW9uLndlYnNpdGU%3D,,(956) 428-9669,3,top rated optometrist near San Benito tx
HOT,99,Walmart Vision & Glasses,optometrist,Alamo,5.0,395,True,real,https://www.walmart.com/store/5165-alamo-tx/vision-center?veh=seo_loc,1421 E Frontage Rd,(956) 782-4259,3,best optometrist in Alamo texas
HOT,99,Alamo City Eye,optometrist,Alamo,4.7,484,True,real,http://www.alamocityeye.com/?utm_source=GMBSocialClimb&amp;utm_medium=AlamoCityEye,Closed,(210) 946-2020,3,top rated optometrist near Alamo tx
HOT,99,Texas State Optical,optometrist,Hidalgo,4.8,205,True,real,https://www.tsomcallen.com/,,(956) 200-2020,3,optometrist Hidalgo tx open now
HOT,99,Bay Area Vision Contact Lens Center,optometrist,South Padre Island,4.7,784,True,real,http://www.bayareavision.com/,Closes soon,(361) 993-7778,3,top rated optometrist near South Padre Island tx
HOT,99,Visionworks La Palmera,optometrist,South Padre Island,4.9,854,True,real,https://locations.visionworks.com/ll/US/TX/Corpus-Christi/5488-South-Padre-Island-Dr?utm_medium=organic&amp;utm_source=gbp&amp;utm_campaign=website&amp;utm_content=sl&amp;utm_term=276,,(361) 993-6025,3,optometrist South Padre Island tx open now
HOT,97,Agua Dental,dentist,Pharr,5.0,840,True,real,http://aguadentaltexas.com/,1233 S Cage Blvd #104,(956) 544-1806,4,top rated dentist near Pharr tx
HOT,97,Freels Orthodontics,orthodontist,McAllen,5.0,518,True,real,https://www.freelsorthodontics.com/,3220 Buddy Owens Blvd suite 100,(956) 631-8181,4,orthodontist in McAllen tx
HOT,97,A Perfect Smile Orthodontics,orthodontist,Weslaco,4.9,2100,True,real,/aclk?sa=L&amp;ai=DChsSEwjemOG7z6WUAxWHzDwCHbZZIBEYACICCAEQABoCc2Y&amp;co=1&amp;ase=2&amp;gclid=EAIaIQobChMI3pjhu8-llAMVh8w8Ah22WSAREBAYASAAEgLAPPD_BwE&amp;cid=CAAS0wHkaJaGAHiXFp6GGXIbfM0S4JShG4YGc7MawbHt69bxHZ-W99We0igIG0m0GpT23smxrnherbetvONQ2c66uAeruzYJeHmGVlCtupnjV7gpE2Ob4E-7t2f-jrZnJxX63cRM2T6h9hHMrP0-X6pvORgAj8pVh6Or9qWVX6ZzyXg3wph_56cuFg3XmZE-pFH3lEEeQHOgn_QiJwpwK4u8BvzZZdlpaV5fbUQ5AwNH8q0JuAFvN8IP-b-EVcIXFjIm77ZQ_fJC-suFav3ZQKy_oSfTuMEI&amp;cce=2&amp;category=acrcp_v1_32&amp;sig=AOD64_1IcbQ4ZRSdc_bHnL8bPCfqi2Yh0w&amp;q=&amp;nis=4&amp;ctype=99&amp;ved=2ahUKEwjNoNq7z6WUAxX71DgGHcn7OkkQhKwBegQIHxAQ&amp;adurl=,1400 East Expressway 83,(956) 630-6166,4,orthodontist in Weslaco tx
HOT,95,PhysioLogic Aledo,physical therapist,Hidalgo,5.0,190,True,social,https://www.physiologictx.com/,,(817) 615-9214,2,physical therapist near me Hidalgo tx
HOT,95,Donna Eye Clinic & Optical,optometrist,Donna,2.8,82,False,none,,301 N D Salinas Blvd,(956) 464-8160,1,affordable optometrist in Donna tx
HOT,94,Brident Dental & Orthodontics,dentist,McAllen,4.4,402,True,real,https://www.brident.com/en-us/find-a-location/texas/mcallen/1001-s-10th-st?utm_source=GMB&amp;utm_medium=organic,1001 S 10th St,(956) 465-0698,3,dentist McAllen tx open now
HOT,94,Access Dental & Orthodontics,dentist,Harlingen,4.4,727,True,real,https://accessdentalclinics.com/locations/texas/harlingen-tx-on-dixieland-rd/,1214 Dixieland Rd # 4,(956) 428-5322,3,dentist in Harlingen tx
HOT,94,Red Square Dental and Orthodontics at Closner,orthodontist,Edinburg,4.9,65,False,none,,,,3,orthodontist near me Edinburg tx
HOT,94,Brident Dental & Orthodontics,orthodontist,Harlingen,4.3,421,True,real,https://www.brident.com/en-us/find-a-location/texas/harlingen/1208-s-expressway-83?utm_source=GMB&amp;utm_medium=organic,1208 S Expressway 83,(956) 465-0233,3,affordable orthodontist in Harlingen tx
HOT,94,Port Isabel Dental Associates,cosmetic dentist,South Padre Island,4.6,73,False,none,,Closes soon,,3,top rated cosmetic dentist near South Padre Island tx
HOT,90,The Dentist,cosmetic dentist,South Padre Island,5.0,31,False,none,,4912 Padre Blvd,(956) 761-1012,1,cosmetic dentist in South Padre Island tx
HOT,90,"Anthony J. Flaig, DC",chiropractor,South Padre Island,5.0,20,False,none,,,(956) 943-9943,1,affordable chiropractor in South Padre Island tx
HOT,90,Family Vision Care,optometrist,Pharr,3.9,70,False,none,,900 W Sam Houston Blvd Ste 5,(956) 781-3300,2,optometrist in Pharr tx
HOT,89,"Jerry W. Duvall, DC",chiropractor,San Benito,4.4,56,False,none,,2480 W Business 77 Unit 09,(956) 425-6932,3,affordable chiropractor in San Benito tx
HOT,89,Elite Health & Rehab,physical therapist,Donna,,956,True,real,https://elitehealthrehab.com/mcallen-donna-corpus-christi/,221 N D Salinas Blvd,(956) 377-5786,3,physical therapist in Donna tx
HOT,89,Pet Doctor 911,veterinarian,McAllen,2.9,1800,True,real,http://www.petdoctor911.com/,10+ years in business,(956) 683-7387,3,veterinarian in McAllen tx
HOT,87,Los Fresnos Family Dentistry: Cantu Voreis Monica DDS,dentist,Los Fresnos,,956,True,real,http://losfresnosdentistry.com/,209 N Arroyo Blvd,(956) 233-5100,4,top rated dentist near Los Fresnos tx
HOT,85,Cornerstone Periodontics & Implant Dentistry,dentist,McAllen,4.8,193,True,real,/aclk?sa=L&amp;ai=DChsSEwjHpKv_zKWUAxVUIKIDHQ1fAHMYACICCAEQARoCbGU&amp;co=1&amp;ase=2&amp;gclid=EAIaIQobChMIx6Sr_8yllAMVVCCiAx0NXwBzEBAYASAAEgKf4fD_BwE&amp;cid=CAASuwHkaAs8HZkd-__WH4HxlwyxqfKoQzVT8igVjxyE6r9l_3RwXE3JxjRR4gAngB2fSV38undaNtt__L5-tcwNDsnZwcLvA_B0RUvSiq3Gt7TKtxc8Nrzb-Gny54-hxuTVOBy1nx1o35Yb6HzbZW-S2ldQ3MPYsAq6Y6sUVO8bKyNzPHVdzPOfpE40_JPkTfCmcnduMsdZjF4gXKHeeWV2ru2KQsLUNmsu-L8_R1ar9SI8xJoK1jOXFsBKNsd6&amp;cce=2&amp;category=acrcp_v1_32&amp;sig=AOD64_01IayJ8XVS7IyAV7qV-O8oJ0HXMQ&amp;q=&amp;nis=4&amp;ctype=99&amp;ved=2ahUKEwiwiaP_zKWUAxVUKBAIHXfXC_UQhKwBegQIGhAQ&amp;adurl=,4620 South McColl Road,(956) 317-0000,1,dentist in McAllen tx
HOT,85,Swift Dental: Dr. Jose Villarreal,dentist,Edinburg,4.9,104,True,real,/aclk?sa=L&amp;ai=DChsSEwj1nsGTzaWUAxUkgFAGHYhYCEoYACICCAEQARoCZGc&amp;co=1&amp;ase=2&amp;gclid=EAIaIQobChMI9Z7Bk82llAMVJIBQBh2IWAhKEBAYASAAEgLK3vD_BwE&amp;cid=CAAS0wHkaP_eFDL0xMEVyCDUd14WZs6dQKU9tsuZ-U-c8DV6QAko1bGXe02J8Kxip7cIhv0X1qZJFNJ00tJR5lTH1MBpsHGA3xxzQ__XnwGYUBnSJk-GYLabDD3Xz32sI9m7bzeVyNQWPvZhxAwuhRtejNTgt-eV25uRSljkuMWGslsxCfXNb-30Y8vSCcBLtRtrJzn0JXgmyGrTTaoT-WcrBTVWAwIQXnGizHbrMx7zovNE7SajXHQjexKfEyfuwdTo8YIfMsIp1k7t6qensPjRhB4EpMib&amp;cce=2&amp;category=acrcp_v1_32&amp;sig=AOD64_22KYqClPhr1_QnNFbye9utMmMd-A&amp;q=&amp;nis=4&amp;ctype=99&amp;ved=2ahUKEwjGobiTzaWUAxVGbEEAHYVDMwYQhKwBegQIJRAQ&amp;adurl=,1700 Dove Avenue West,(956) 287-3068,1,top rated dentist near Edinburg tx
HOT,85,Cornerstone Periodontics & Implant Dentistry,dentist,Mission,4.8,193,True,real,/aclk?sa=L&amp;ai=DChsSEwjt78mozaWUAxW0nYMHHVB2EO0YACICCAEQAxoCZWY&amp;co=1&amp;ase=2&amp;gclid=EAIaIQobChMI7e_JqM2llAMVtJ2DBx1QdhDtEBAYASAAEgKyAvD_BwE&amp;cid=CAASuwHkaH5rku0-gcoV04IyPZnJ0QoS_CNVqYV_JgYBbDq3fHcq0dPvz1VarD9OgiAGWMLz7PJjieSLO7REnWKp48JcXofjme6X9gfGls1u94-laWYHcHFMr3q_sCW1hDR-p77P5c5-_O5piM2gw9jD8Mqp2SjuQeOENGcEXWS2GzVXBSeKw58BUtxvuoMuLAjLZPp4TwURyO-A1wsTNUAYuK4WoWU7mBYcR3Diyype2SEsV22ia8gmhvzufStF&amp;cce=2&amp;category=acrcp_v1_32&amp;sig=AOD64_1RHAa8uph6peWdcOhnNE0Zg6IlTA&amp;q=&amp;nis=4&amp;ctype=99&amp;ved=2ahUKEwiGmsGozaWUAxWNQ_EDHX3bKD0QhKwBegQIHxAQ&amp;adurl=,4620 South McColl Road,(956) 317-0000,1,dentist near me Mission tx
HOT,85,Prime Dental Weslaco,dentist,Harlingen,4.8,181,True,real,/aclk?sa=L&amp;ai=DChsSEwi18Zi2zaWUAxVcq4MHHcEnPGoYACICCAEQAxoCZWY&amp;co=1&amp;ase=2&amp;gclid=EAIaIQobChMItfGYts2llAMVXKuDBx3BJzxqEBAYASAAEgLfhfD_BwE&amp;cid=CAASuwHkaJvTu8msQXbkiYx-tSpfGRQb6ewNAcY7057chUE6_6DS7ETcRYtY6pnNDDaAQSDOLPdX2qhpH6-gjRrpSjauyoKYYjhFQbKfFu9ZKb5RLVTayswI1PNxGm0gYl2pVwfcXDbhDk5Ak_0PF48GEPYh0a9LejGzaPqO9RcikC_AbWkbNjEEBqieHgX9VI8ZC8nkbxJKv0wL0ARG_JN_GOW5jHTI9vYNYoVDookYf-nCwz8vY1t4YoDByRjr&amp;cce=2&amp;category=acrcp_v1_32&amp;sig=AOD64_3fMfh5JhJU0VFMhwVMGTCegGVcqA&amp;q=&amp;nis=4&amp;ctype=99&amp;ved=2ahUKEwj5gZC2zaWUAxXynf0HHcfhLS4QhKwBegQIKRAQ&amp;adurl=,713 South Texas Boulevard,(956) 969-2960,1,dentist near me Harlingen tx
HOT,85,Prime Dental Weslaco,dentist,Weslaco,4.8,181,True,real,/aclk?sa=L&amp;ai=DChsSEwjL6_vSzaWUAxWcGaIDHc6iFvcYACICCAEQARoCbGU&amp;co=1&amp;ase=2&amp;gclid=EAIaIQobChMIy-v70s2llAMVnBmiAx3Oohb3EBAYASAAEgJB6fD_BwE&amp;cid=CAASuwHkaIThE03MnUh2YGltzwDJOGBoDwNDqprsvo4PppVTnyyiWWXn_HBuAQdcRTOpLcyDVYV4QPWetTdPS4GBk9aFKCi5Dc0ksxl_0VdTXmHzTks7BSkEy0CNMfWn4PEotk6q3QYI2a2-aPshsag8DswoUYW4E-_sd37t_VmZJvpDM8_mYiQ6VxF48TvoH1vUIRbmHp5iecfL3BeT2avkLq5YB3NpJcEdtb1PaBToRdyifZQq-K9DDXi2hNSC&amp;cce=2&amp;category=acrcp_v1_32&amp;sig=AOD64_2pIv3UPQCmIMT45LSMrCC4c0A9ng&amp;q=&amp;nis=4&amp;ctype=99&amp;ved=2ahUKEwjklvLSzaWUAxXtIxAIHSVcD24QhKwBegQIHxAQ&amp;adurl=,713 South Texas Boulevard,(956) 969-2960,1,top rated dentist near Weslaco tx
HOT,85,Prime Dental Weslaco,dentist,San Benito,4.8,181,True,real,/aclk?sa=L&amp;ai=DChsSEwijguPazaWUAxXxmIMHHYWdOGUYACICCAEQAhoCZWY&amp;co=1&amp;ase=2&amp;gclid=EAIaIQobChMIo4Lj2s2llAMV8ZiDBx2FnThlEBAYASAAEgJ93_D_BwE&amp;cid=CAAS0wHkaGM4xZWnRZyktuWenv_6YBJwGQzbhukpWcTu2Ed6Lg5GdHLq5EJPeQARSXXCzhzwBqQ1gfL1HQWnukjodKW1H1xR-EiZpZwETGc0FV8DoJpuMaOfBIkncw8WiNteS6a4I0VhOybdJ2x_4WsojTtZwGOtLOlNIYPjzBL3i4csBLlV5DuEeGBuntIpFAUpXqjbVfef_jAf1opt-mdkL3UoF_NRZ74E_akuJfHE5Xu_sT2PEfyZNCXNLWWscKMyKE6bzL51SaU6jNO1aXpBjUV0tjNo&amp;cce=2&amp;category=acrcp_v1_32&amp;sig=AOD64_2aaytXrxbxjih0BnuthLvHJV7dGQ&amp;q=&amp;nis=4&amp;ctype=99&amp;ved=2ahUKEwjgp9nazaWUAxXeRvEDHZIBFvIQhKwBegQIIxAQ&amp;adurl=,713 South Texas Boulevard,(956) 969-2960,1,dentist in San Benito tx
HOT,85,Mercedes Family Dentistry,dentist,Mercedes,5.0,120,True,real,http://www.mercedesfamilydentistry.com/,300 N Ohio Ave,(956) 565-2419,1,best dentist in Mercedes texas
HOT,85,Los Fresnos Dental Center,dentist,Los Fresnos,4.9,138,True,real,http://losfresnosdental.com/,810 W Ocean Blvd,(956) 233-4400,1,dentist in Los Fresnos tx
HOT,85,Prime Dental Weslaco,dentist,Los Fresnos,4.8,181,True,real,/aclk?sa=L&amp;ai=DChsSEwjchsaYzqWUAxXHqWYCHa-WBBkYACICCAEQABoCc20&amp;co=1&amp;ase=2&amp;gclid=EAIaIQobChMI3IbGmM6llAMVx6lmAh2vlgQZEBAYASAAEgKHZfD_BwE&amp;cid=CAASuwHkaNuZDCtOJHxt6wf-s0ibIWKJaoSvvLaFBExeHtrpsBdOm-3BfmLdigAfFCbADO0B12P65b9BNmG-2LkLYxhu1n7jwtFpbGgxM7uaHQZIiQJiV-YOVt7sFh20kRXEC6Sg82eV7uI5Ac6U5iFUfnO1IS_ebDK7N9OqtrkyBj6mlnEB27iHfjOaIfA2WK3wsFOLMeOTL_tvfgCsOvj6wqSk1286pHrm09iE71qSH8o1IAIQBNMyNU7QotM1&amp;cce=2&amp;category=acrcp_v1_32&amp;sig=AOD64_2XIn2rGVncsEum1yl71bhcod4Y_A&amp;q=&amp;nis=4&amp;ctype=99&amp;ved=2ahUKEwiv_L6YzqWUAxWBUGwGHZmED5YQhKwBegQIKhAQ&amp;adurl=,Closes soon,(956) 969-2960,1,best dentist in Los Fresnos texas
HOT,85,Life Smiles - Dr.A,orthodontist,Brownsville,5.0,164,True,real,http://lifesmilesbraces.com/,4237 Frontage Rd 77 #1,(956) 513-0891,1,orthodontist in Brownsville tx
HOT,85,Mercedes Family Dentistry,orthodontist,Mercedes,5.0,120,True,real,http://www.mercedesfamilydentistry.com/,300 N Ohio Ave,(956) 565-2419,1,orthodontist in Mercedes tx
HOT,85,"Gary M. Schwarz, D.D.S., M.S.D. & Jorge A. Gonzales, D.D.S.",orthodontist,Mercedes,4.9,155,True,real,https://valleyoms.com/about/dr-schwarz/,5014 E Expressway 83,(956) 687-7141,1,top rated orthodontist near Mercedes tx
HOT,85,Los Fresnos Dental Center,orthodontist,Los Fresnos,4.9,138,True,real,http://losfresnosdental.com/,810 W Ocean Blvd,(956) 233-4400,1,orthodontist in Los Fresnos tx
HOT,85,The Dentist,orthodontist,South Padre Island,5.0,31,False,none,,4912 Padre Blvd,(956) 761-1012,2,best orthodontist in South Padre Island texas
HOT,85,Beautiful Smiles,cosmetic dentist,Mission,4.9,175,True,real,https://www.beautifulsmilesrgv.com/,Closes soon,(956) 584-1554,1,cosmetic dentist near me Mission tx
HOT,85,Montalvo Dental Esthetics,cosmetic dentist,San Benito,5.0,34,False,none,,500 West Business 77 suite 102,,2,cosmetic dentist San Benito tx open now
HOT,85,Cosmetic Dental Associates - Alamo Ranch,cosmetic dentist,Alamo,5.0,169,True,real,https://www.33smile.com/,Closes soon,(210) 337-6453,1,cosmetic dentist in Alamo tx
HOT,85,Mercedes Family Dentistry,cosmetic dentist,Mercedes,5.0,120,True,real,http://www.mercedesfamilydentistry.com/,300 N Ohio Ave,(956) 565-2419,1,best cosmetic dentist in Mercedes texas
HOT,85,Mid-Valley Dental: David L. Trevino DDS,cosmetic dentist,Mercedes,4.8,28,False,none,,Closes soon,,2,cosmetic dentist near me Mercedes tx
HOT,85,Los Fresnos Dental Center,cosmetic dentist,Los Fresnos,4.9,138,True,real,http://losfresnosdental.com/,810 W Ocean Blvd,(956) 233-4400,1,affordable cosmetic dentist in Los Fresnos tx
HOT,85,"Raymond Cruz Best, DDS",cosmetic dentist,Rio Grande City,4.5,22,False,none,,419 E 2nd St,,2,best cosmetic dentist in Rio Grande City texas
HOT,85,Chiropractic Center of McAllen,chiropractor,McAllen,5.0,192,True,real,https://chiromcallen.com/,3515 N 10th St,(956) 687-7705,1,chiropractor in McAllen tx
HOT,85,"Anthony J. Flaig, DC",chiropractor,Port Isabel,5.0,20,False,none,,402 S Garcia St,(956) 943-9943,2,top rated chiropractor near Port Isabel tx
HOT,85,7 Chiropractic,chiropractor,South Padre Island,4.9,27,False,none,,7 Chiropractic,(361) 737-1321,2,chiropractor South Padre Island tx open now
HOT,85,Doctor's Physical Therapy & Sports Institute,physical therapist,Edinburg,4.9,147,True,real,https://www.dptsi.org/,5216 S Jackson Rd,(956) 205-2704,1,physical therapist in Edinburg tx
HOT,85,Performance Therapeutics - Mission South,physical therapist,Mission,5.0,140,True,real,https://performancetherapeutics.com/,1317 St Claire Suite A#2,(956) 584-3535,1,top rated physical therapist near Mission tx
HOT,85,Performance Therapeutics - Harlingen,physical therapist,Harlingen,4.9,163,True,real,https://performancetherapeutics.com/,310 N Ed Carey Dr suite b,(956) 622-3105,1,best physical therapist in Harlingen texas
HOT,85,"Results Physiotherapy Alamo Ranch, TX",physical therapist,Alamo,4.9,146,True,real,https://www.resultspt.com/san-antonio-texas-alamo-ranch?utm_source=google&amp;utm_medium=organic&amp;utm_campaign=gmb,Closes soon,(210) 419-8694,1,physical therapist in Alamo tx
HOT,85,Performance Therapeutics - Rio Grande City,physical therapist,Rio Grande City,5.0,115,True,real,https://performancetherapeutics.com/,"201 N, FM 3167 Suite E",(956) 488-1999,1,physical therapist in Rio Grande City tx
HOT,85,New Stride Physical Therapy and Pilates,physical therapist,South Padre Island,4.9,133,True,real,http://www.newstridept.com/,,(361) 949-9898,1,physical therapist South Padre Island tx open now
HOT,85,San Benito Vision Source,optometrist,San Benito,4.8,188,True,real,http://www.sanbenitovisionsource.com/,801 N Sam Houston Blvd,(956) 361-7600,1,optometrist in San Benito tx
HOT,85,Starr Vision Center,optometrist,Rio Grande City,4.8,195,True,real,http://www.starrvisioncenter.com/,280 W 2nd St,(956) 488-0808,1,best optometrist in Rio Grande City texas
HOT,84,Dr Beardsley's Super Optical,optometrist,McAllen,2.9,58,False,none,,317 S Broadway St,(956) 686-7435,3,affordable optometrist in McAllen tx
HOT,84,Dr Beardsley's Super Optical,optometrist,Pharr,2.8,68,False,none,,1313 S Cage Blvd,(956) 783-5500,3,optometrist in Pharr tx
HOT,80,Toothday Family Dentistry,dentist,Donna,4.9,175,True,real,https://toothday.com/,309 N D Salinas Blvd,(956) 461-2424,2,dentist in Donna tx
HOT,80,"Dr. Adam M. Lalonde, DDS",dentist,Los Fresnos,5.0,113,True,real,http://www.losfresnosdental.com/,810 W Ocean Blvd,(956) 233-4400,2,dentist in Los Fresnos tx
HOT,80,Rio Grande City Pediatric Dentistry,dentist,Rio Grande City,4.8,107,True,real,https://www.riopediatricdentistry.com/,"5342 E US Hwy 83 Bldg C, Ste 3",(956) 317-1365,2,affordable dentist in Rio Grande City tx
HOT,80,Toothday Family Dentistry,orthodontist,Donna,4.9,175,True,real,https://toothday.com/,309 N D Salinas Blvd,(956) 461-2424,2,orthodontist in Donna tx
HOT,80,Los Fresnos Family Dentistry,orthodontist,Los Fresnos,4.2,40,False,none,,209 N Arroyo Blvd,(956) 233-5100,2,orthodontist in Los Fresnos tx
HOT,80,Toothday Family Dentistry,cosmetic dentist,Donna,4.9,175,True,real,https://toothday.com/,309 N D Salinas Blvd,(956) 461-2424,2,best cosmetic dentist in Donna texas
HOT,80,Family Dentistry by Baria Yassin DMD,cosmetic dentist,South Padre Island,4.9,119,True,real,https://www.yassinfamilydentistry.com/,Closed,(361) 985-8580,2,affordable cosmetic dentist in South Padre Island tx
HOT,80,The Joint Chiropractic,chiropractor,Brownsville,4.5,159,True,real,https://www.thejoint.com/texas/brownsville/brownsville-north-28095,3230 Pablo Kisel Blvd,(956) 374-2269,2,chiropractor in Brownsville tx
HOT,80,Affordable Chiropractic And Acupuncture Clinic,chiropractor,San Benito,4.7,19,False,none,,,(956) 203-9854,1,affordable chiropractor in San Benito tx
HOT,80,Alamo Heights Chiropractic Health Center,chiropractor,Alamo,4.9,196,True,real,https://www.alamoheightschiropractic.com/,Closes soon,(210) 828-9211,2,best chiropractor in Alamo texas
HOT,80,Laguna Madre Chiropractic,chiropractor,Port Isabel,5.0,13,False,none,,402 S Garcia St,(956) 943-9943,1,top rated chiropractor near Port Isabel tx
HOT,80,Performance Therapeutics Physical Therapy - McAllen North,physical therapist,McAllen,4.9,102,True,real,https://www.performancetherapeutics.com/,2528 Buddy Owens Blvd,(956) 322-5040,2,physical therapist in McAllen tx
HOT,80,Core Rehab PT,physical therapist,Edinburg,5.0,144,True,real,http://www.corerehabpt.com/,4113 S Sugar Rd Suite 11,(956) 587-5852,2,physical therapist in Edinburg tx
HOT,80,"Terry Physical Therapy, PC",physical therapist,Mission,4.7,109,True,real,https://terrypt.com/physical-therapy-clinic/mission-texas/,1918 E Griffin Pkwy,(956) 694-5966,2,top rated physical therapist near Mission tx
HOT,80,Back To Action Physical Therapy,physical therapist,Harlingen,4.9,126,True,real,http://www.back-to-action.com/,1801 N Ed Carey Dr STE C,(956) 428-8951,2,best physical therapist in Harlingen texas
HOT,80,Performance Therapeutics - Brownsville,physical therapist,Brownsville,5.0,152,True,real,https://performancetherapeutics.com/,1740 Boca Chica Blvd #500,(956) 561-4940,2,physical therapist in Brownsville tx
HOT,80,Performance Therapeutics Physical Therapy - McAllen South,physical therapist,Pharr,5.0,196,True,real,https://performancetherapeutics.com/,Closes soon,(956) 687-4555,2,physical therapist in Pharr tx
HOT,80,Core Rehab PT,physical therapist,Pharr,5.0,144,True,real,http://www.corerehabpt.com/,Closes soon,(956) 587-5852,2,best physical therapist in Pharr texas
HOT,80,Performance Therapeutics Physical Therapy - McAllen North,physical therapist,Pharr,4.9,102,True,real,https://www.performancetherapeutics.com/,,(956) 322-5040,2,physical therapist Pharr tx open now
HOT,80,"Results Physiotherapy Alamo Heights, Texas",physical therapist,Alamo,4.8,135,True,real,https://www.resultspt.com/alamo-heights-texas?utm_source=google&amp;utm_medium=organic&amp;utm_campaign=gmb,Closes soon,(210) 419-8555,2,best physical therapist in Alamo texas
HOT,80,Pure Physical Therapy & Pilates (Weslaco),physical therapist,Hidalgo,5.0,122,True,real,https://pure-physicaltherapy.com/physical-therapy-clinic/weslaco-tx/,,(956) 994-8880,2,physical therapist Hidalgo tx open now
HOT,80,Dr. Kim Lim,optometrist,San Benito,4.1,35,False,none,,1126 US-77 BUS,(956) 399-1500,2,optometrist in San Benito tx
HOT,80,The Eye Care Center,optometrist,Mercedes,3.6,31,False,none,,325 W 3rd St,(956) 514-0559,1,optometrist in Mercedes tx
HOT,80,Walmart Vision & Glasses,optometrist,Los Fresnos,5.0,181,True,real,https://www.walmart.com/store/2765-los-fresnos-tx/vision-center?veh=seo_loc,1004 W Ocean Blvd,(956) 233-1873,2,optometrist in Los Fresnos tx
HOT,80,Walmart Vision & Glasses,optometrist,Port Isabel,5.0,128,True,real,https://www.walmart.com/store/413-port-isabel-tx/vision-center?veh=seo_loc,1401 TX-100,(956) 943-4234,2,optometrist in Port Isabel tx
HOT,80,Walmart Vision & Glasses,optometrist,South Padre Island,5.0,128,True,real,https://www.walmart.com/store/413-port-isabel-tx/vision-center?veh=seo_loc,,(956) 943-4234,2,affordable optometrist in South Padre Island tx
HOT,79,Mid-Valley Dental: David L. Trevino DDS,cosmetic dentist,Mercedes,4.8,28,False,none,,302 N Texas Ave a,,3,top rated cosmetic dentist near Mercedes tx
HOT,79,"Raymond Cruz Best, DDS",cosmetic dentist,Rio Grande City,4.5,22,False,none,,419 E 2nd St,(956) 487-2999,3,affordable cosmetic dentist in Rio Grande City tx
HOT,75,Dr. Leo Figueroa,cosmetic dentist,Alamo,5.0,1,False,none,,725 N Tower Rd Ste A,(956) 787-4337,1,cosmetic dentist Alamo tx open now
HOT,75,Dr. Tony Kim,cosmetic dentist,Mercedes,5.0,10,False,none,,300 N Ohio Ave,(956) 565-2419,2,affordable cosmetic dentist in Mercedes tx
HOT,75,Star Chiropractic Center,chiropractor,Weslaco,5.0,17,False,none,,1400 N Westgate Dr #103,(956) 973-2229,2,chiropractor in Weslaco tx
HOT,75,Laguna Madre Chiropractic,chiropractor,South Padre Island,5.0,13,False,none,,Closes soon,(956) 943-9943,2,top rated chiropractor near South Padre Island tx
HOT,75,ProCare Therapies PC,physical therapist,Alamo,4.8,6,False,none,,515 US-83 BUS,(956) 362-6705,2,physical therapist in Alamo tx
HOT,75,Dr. Christopher Guillen,optometrist,Donna,4.5,11,False,none,,301 N Salinas Blvd # Avenue,(956) 464-8160,2,best optometrist in Donna texas
HOT,75,Los Fresnos Eye Clinic-Optical,optometrist,Los Fresnos,2.4,121,True,real,https://www.losfresnoseyeclinic.com/,810 W Ocean Blvd STE C2,(956) 233-5252,1,optometrist in Los Fresnos tx
WARM,74,Los Fresnos Family Dentistry,dentist,Los Fresnos,4.2,40,False,none,,209 N Arroyo Blvd,(956) 233-5100,3,dentist in Los Fresnos tx
WARM,74,Los Fresnos Family Dentistry,dentist,Los Fresnos,4.2,40,False,none,,209 N Arroyo Blvd,,3,affordable dentist in Los Fresnos tx
WARM,74,"Dr. Adam M. Lalonde, DDS",orthodontist,Los Fresnos,5.0,113,True,real,http://www.losfresnosdental.com/,810 W Ocean Blvd,(956) 233-4400,3,orthodontist in Los Fresnos tx
WARM,74,Fast Braces Fresno,orthodontist,Los Fresnos,4.9,123,True,real,http://www.fastdentalfresno.com/,,(559) 433-6730,3,affordable orthodontist in Los Fresnos tx
WARM,74,Rio Grande City Pediatric Dentistry,orthodontist,Rio Grande City,4.8,107,True,real,https://www.riopediatricdentistry.com/,"5342 E US Hwy 83 Bldg C, Ste 3",(956) 317-1365,3,orthodontist in Rio Grande City tx
WARM,74,"Gary M. Schwarz, D.D.S., M.S.D. & Jorge A. Gonzales, D.D.S.",cosmetic dentist,Mercedes,4.9,155,True,real,https://valleyoms.com/about/dr-schwarz/,5014 E Expressway 83,(956) 687-7141,3,affordable cosmetic dentist in Mercedes tx
WARM,74,Los Fresnos Family Dentistry,cosmetic dentist,Los Fresnos,4.2,40,False,none,,209 N Arroyo Blvd,,3,best cosmetic dentist in Los Fresnos texas
WARM,74,Well Body,chiropractor,Mission,4.9,195,True,real,http://www.wellbodyco.com/,1229 E Griffin Pkwy Suite C,(956) 897-1248,3,best chiropractor in Mission texas
WARM,74,Rivera Chiropractic and Acupuncture Clinic - Chiropractor in Harlingen TX,chiropractor,Harlingen,4.9,161,True,real,https://drriverachiropractic.com/,814 E Harrison Ave,(956) 412-8551,3,chiropractor in Harlingen tx
WARM,74,Pure Physical Therapy & Pilates (Weslaco),physical therapist,Weslaco,5.0,122,True,real,https://pure-physicaltherapy.com/physical-therapy-clinic/weslaco-tx/,1810 E 8th St,(956) 994-8880,3,physical therapist in Weslaco tx
WARM,74,Performance Therapeutics - Del Rio,physical therapist,Rio Grande City,4.9,136,True,real,https://performancetherapeutics.com/,Closes soon,(830) 488-6265,3,top rated physical therapist near Rio Grande City tx
WARM,72,Top Dental,dentist,McAllen,4.7,115,True,real,https://www.topdentalmcallen.com/,228 N Ware Rd Unit 10,(956) 618-5811,4,dentist in McAllen tx
WARM,72,Fresno Dental,dentist,Los Fresnos,4.9,192,True,real,http://www.fresnodentaltexas.com/,Closes soon,(832) 930-4648,4,best dentist in Los Fresnos texas
WARM,70,Dr. Juan Guerra,dentist,Rio Grande City,4.3,8,False,none,,127 FM 3167,(956) 263-1889,2,dentist Rio Grande City tx open now
WARM,70,Olga Salinas,cosmetic dentist,Alamo,4.7,3,False,none,,725 N Tower Rd Ste A,(956) 787-4337,2,cosmetic dentist Alamo tx open now
WARM,70,Dr. Juan Guerra,cosmetic dentist,Rio Grande City,4.3,8,False,none,,127 FM 3167,(956) 263-1889,2,cosmetic dentist near me Rio Grande City tx
WARM,70,Advanced Therapy Solutions - Donna,physical therapist,Donna,4.0,4,False,none,,702 E Expressway 83 STE A6,(956) 420-1802,1,physical therapist in Donna tx
WARM,70,"Lora N. Martinez, OD",optometrist,Mercedes,4.0,7,False,none,,325 W 3rd St,(956) 514-0559,2,optometrist in Mercedes tx
WARM,69,Dentist Pharr,dentist,Pharr,4.7,53,True,social,http://www.facebook.com/ideafamilydentistry,,(956) 961-4273,3,dentist near me Pharr tx
WARM,69,Wells Franklin G DDS,dentist,Mercedes,5.0,6,False,none,,300 N Ohio Ave,(956) 565-2419,3,dentist Mercedes tx open now
WARM,69,Dr. Tony Kim,dentist,Mercedes,5.0,10,False,none,,,(956) 565-2419,3,dentist near me Mercedes tx
WARM,69,Mint Orthodontics,orthodontist,Edinburg,3.9,34,False,none,,2501 Cornerstone Blvd,,3,top rated orthodontist near Edinburg tx
WARM,69,South Padre Island Clinic,chiropractor,South Padre Island,2.6,25,False,none,,3808 Padre Blvd,(956) 761-3996,3,affordable chiropractor in South Padre Island tx
WARM,69,Zenith Therapy Center,physical therapist,Edinburg,5.0,68,True,social,https://www.facebook.com/zeniththerapycenter/,2260 S Business Hwy 281 Unit 13,(956) 348-2232,3,physical therapist in Edinburg tx
WARM,69,Family Vision Care - Enedelia Barrera OD,optometrist,Mission,3.9,47,False,none,,Closed,(956) 519-3350,3,optometrist near me Mission tx
WARM,69,Enedelia Barrera,optometrist,Pharr,5.0,9,False,none,,900 W Sam Houston Blvd Ste 5,(956) 781-3300,3,optometrist Pharr tx open now
WARM,69,Gulf Coast Eye Institute,optometrist,Weslaco,4.4,140,True,real,http://gulfcoast2020.com/,Closed,(844) 485-3202,3,optometrist near me Weslaco tx
WARM,65,Port Isabel Dental Associates,dentist,Port Isabel,4.6,73,True,real,https://www.portisabeldental.com/,215 W Queen Isabella Blvd # A,(956) 943-4166,1,dentist Port Isabel tx open now
WARM,65,Havener Orthodontics,orthodontist,Edinburg,4.9,92,True,real,http://www.havenerorthodontics.com/,210 W Mahl St,(956) 381-8262,1,orthodontist in Edinburg tx
WARM,65,Hessen Dental Pa,cosmetic dentist,Hidalgo,,0,False,none,,601 South International Blvd.,,1,cosmetic dentist Hidalgo tx open now
WARM,65,Port Isabel Dental Associates,cosmetic dentist,Port Isabel,4.6,73,True,real,https://www.portisabeldental.com/,215 W Queen Isabella Blvd # A,(956) 943-4166,1,best cosmetic dentist in Port Isabel texas
WARM,65,Padre Island Family Dentistry,cosmetic dentist,South Padre Island,4.7,79,True,real,http://www.padreislanddentistry.com/,Closed,(361) 589-4090,1,best cosmetic dentist in South Padre Island texas
WARM,65,Patterson Chiropractic Clinic,chiropractor,Edinburg,4.6,86,True,real,http://www.edinburgchiropractors.com/,1011 S Closner Blvd,(956) 383-0191,1,chiropractor in Edinburg tx
WARM,65,Spineworks Chiropractic PLLC,chiropractor,Pharr,4.9,54,True,real,http://www.spineworkschiro.com/,1210 W Expy 83 Suite 10,(956) 510-8254,1,chiropractor in Pharr tx
WARM,65,Total Rehab Kids,physical therapist,Pharr,4.5,39,True,social,http://www.totalrehabtx.com/,805 N Cage Blvd Suite J,(956) 291-0599,1,physical therapist in Pharr tx
WARM,65,Olympus Physical Therapy,physical therapist,Mercedes,5.0,50,True,real,http://olympus-pt.com/?utm_source=google&amp;utm_medium=wix_google_business_profile&amp;utm_campaign=11848336274946859821,601 N Vermont Ave,(956) 520-2685,1,physical therapist in Mercedes tx
WARM,65,Top Grade Physical Therapy,physical therapist,Hidalgo,5.0,84,True,real,https://topgradephysicaltherapy.com/,,(956) 854-4364,1,physical therapist in Hidalgo tx
WARM,65,Thurmond Eye Associates,optometrist,Rio Grande City,3.3,19,False,none,,Closed,(956) 487-7770,2,optometrist near me Rio Grande City tx
WARM,64,Los Fresnos Family Dentistry,dentist,Los Fresnos,5.0,1,False,none,,,(956) 748-4800,3,dentist near me Los Fresnos tx
WARM,64,Stetic Implant & Dental Center,cosmetic dentist,Mercedes,5.0,1,False,none,,201 S Texas Ave St,(956) 565-5100,3,cosmetic dentist Mercedes tx open now
WARM,64,Stetic Implant & Dental Center,cosmetic dentist,Mercedes,5.0,1,False,none,,,,3,cosmetic dentist near me Mercedes tx
WARM,64,Dr. Juan Guerra,cosmetic dentist,Rio Grande City,4.3,8,False,none,,127 FM 3167,,3,best cosmetic dentist in Rio Grande City texas
WARM,64,Rio Rehab for Children PLLC,physical therapist,Rio Grande City,5.0,2,False,none,,5346 E US Hwy 83 suite 2 building a,(956) 317-1282,3,physical therapist in Rio Grande City tx
WARM,64,Optica Bravo,optometrist,Rio Grande City,4.1,14,False,none,,110 N Lopez St,(956) 487-0418,3,best optometrist in Rio Grande City texas
WARM,64,RGV Eye Center,optometrist,Port Isabel,5.0,3,False,none,,1401 TX-100,(956) 888-7773,3,optometrist in Port Isabel tx
WARM,60,Hessen Dental Pa,dentist,Hidalgo,,0,False,none,,601 South International Blvd.,,2,dentist Hidalgo tx open now
WARM,60,Red Square Dental and Orthodontics at Closner,orthodontist,Edinburg,4.9,65,True,real,http://www.redsquaredentalcare.com/,1615 S Closner Blvd,(956) 297-1300,2,affordable orthodontist in Edinburg tx
WARM,60,Martinez Joel DDS,orthodontist,Brownsville,4.7,71,True,real,http://rgvbraces.com/,1100 North Expy # D,(956) 682-2161,2,orthodontist in Brownsville tx
WARM,60,Valley Oral & Maxillofacial Surgery,orthodontist,Mercedes,4.6,66,True,real,http://valleyoms.com/,5014 E Expressway 83,(956) 687-7141,2,orthodontist in Mercedes tx
WARM,60,Port Isabel Dental Associates,cosmetic dentist,South Padre Island,4.6,73,True,real,https://www.portisabeldental.com/,Closes soon,(956) 943-4166,2,cosmetic dentist in South Padre Island tx
WARM,60,Ptacnik Mobile Chiropractic,chiropractor,South Padre Island,5.0,59,True,real,http://www.ptacnikmobilechiro.com/,,(408) 484-4325,2,affordable chiropractor in South Padre Island tx
WARM,60,Aptus Therapy Services,physical therapist,Edinburg,4.9,80,True,real,http://aptustherapy.com/,2610 Cornerstone Blvd,(956) 668-1818,2,affordable physical therapist in Edinburg tx
WARM,60,Aptus Therapy Services,physical therapist,Rio Grande City,4.8,93,True,real,http://aptustherapy.com/,5412 Brand Street Ste 3,(956) 488-1818,2,physical therapist in Rio Grande City tx
WARM,60,"Lisa L. Privett, OD",optometrist,Alamo,5.0,83,True,real,http://visionsource-crockettfamilyeyecare.com/,Closed,(731) 696-4004,2,best optometrist in Alamo texas
WARM,59,Norberto Cantu Jr Family Dentist,orthodontist,Rio Grande City,3.9,16,False,none,,"5342 US-83 BLD C, STE 5",(956) 487-4746,3,best orthodontist in Rio Grande City texas
WARM,59,Children's Care Rehab Center,physical therapist,Donna,3.7,6,False,none,,128 N D Salinas Blvd,(956) 464-1002,3,physical therapist near me Donna tx
WARM,57,Sunshine Family Dentistry,dentist,San Benito,3.9,18,False,none,,1389 W Business 77,(956) 399-9929,4,top rated dentist near San Benito tx
COLD,54,Valley Oral & Maxillofacial Surgery,dentist,Mercedes,4.6,66,True,real,http://valleyoms.com/,5014 E Expressway 83,(956) 687-7141,3,affordable dentist in Mercedes tx
COLD,54,Burkett Dentistry,orthodontist,Mission,4.8,69,True,real,https://burkettdentistry.com/,600 E Griffin Pkwy Ste A,(956) 583-9600,3,affordable orthodontist in Mission tx
COLD,54,Port Isabel Dental Associates,orthodontist,South Padre Island,4.6,73,True,real,https://www.portisabeldental.com/,,(956) 943-4166,3,orthodontist South Padre Island tx open now
COLD,54,Alanis Dental Center,cosmetic dentist,Alamo,,0,False,none,,109 S 6th St,,3,cosmetic dentist Alamo tx open now
COLD,54,"Affordable Dental Associates: Mehrnoosh Darj, DDS",cosmetic dentist,Los Fresnos,4.6,74,True,real,https://www.affordabledentalassociates.com/,,(915) 860-1999,3,affordable cosmetic dentist in Los Fresnos tx
COLD,54,Monica Voreis,cosmetic dentist,Los Fresnos,,0,False,none,,209 N Arroyo Blvd,,3,cosmetic dentist Los Fresnos tx open now
COLD,54,Burkett Dentistry,cosmetic dentist,Hidalgo,4.8,69,True,real,https://burkettdentistry.com/,Closes soon,(956) 583-9600,3,affordable cosmetic dentist in Hidalgo tx
COLD,54,DIAGNOSTIC CHIROPRACTIC CLINIC,chiropractor,Brownsville,5.0,76,True,real,http://diagnosticchiropractic.com/,10 Providencia Ct,(956) 544-0322,3,top rated chiropractor near Brownsville tx
COLD,54,Ptacnik Mobile Chiropractic,chiropractor,Brownsville,5.0,59,True,real,http://www.ptacnikmobilechiro.com/,,(408) 484-4325,3,affordable chiropractor in Brownsville tx
COLD,54,Renaissance Rehab Clinic,chiropractor,Rio Grande City,3.0,4,False,none,,5322 E US Hwy 83 C-3,(956) 263-1054,3,affordable chiropractor in Rio Grande City tx
COLD,54,Ptacnik Mobile Chiropractic,chiropractor,Port Isabel,5.0,59,True,real,http://www.ptacnikmobilechiro.com/,,(408) 484-4325,3,top rated chiropractor near Port Isabel tx
COLD,54,Flour Bluff Chiropractic,chiropractor,South Padre Island,5.0,52,True,real,https://www.flourbluffchiropractic.com/?utm_source=GBL,,(361) 657-0041,3,top rated chiropractor near South Padre Island tx
COLD,54,Top Grade Physical Therapy,physical therapist,McAllen,5.0,84,True,real,https://topgradephysicaltherapy.com/,2801 W Expy 83 #210,(956) 854-4364,3,best physical therapist in McAllen texas
COLD,54,Top Grade Physical Therapy,physical therapist,Pharr,5.0,84,True,real,https://topgradephysicaltherapy.com/,,(956) 854-4364,3,best physical therapist in Pharr texas
COLD,54,DRMC Outpatient Physical Therapy managed by Greater Therapy Centers - North Flower Mound Physical Therapy 75028,physical therapist,Hidalgo,4.9,62,True,real,https://gtc-pt.com/locations/north-flower-mound/,,(214) 222-6699,3,physical therapist near me Hidalgo tx
COLD,50,Gloss Dental at Pharr Plaza,dentist,Pharr,4.8,43,True,real,/aclk?sa=L&amp;ai=DChsSEwi9lLHEzaWUAxVekoMHHdIoKQQYACICCAEQABoCZWY&amp;co=1&amp;ase=2&amp;gclid=EAIaIQobChMIvZSxxM2llAMVXpKDBx3SKCkEEBAYASAAEgJ3G_D_BwE&amp;cid=CAASuwHkaHMwIFrskGaRewm9tChygOhu9jOrqaOVDPgP4Sc0Bj0te-k4YAvCauRCFdCB-PxvbaWOWtL_poahCgvYUKtpp1n5UteIGQfJANn5nRK4N7PN58GJY7zRUv_zXm2jyfIS5k6GUTe8IgtlufjnRYORZGNo0nDdHA0Lj75qFUNZH23udz9PCeAS9VBraKIqi4PvnV22DrVpXplB2p5ZYNFIZ5eTuSfRcGCbZnf_NMSjMWGGBRGD2M-IU-7E&amp;cce=2&amp;category=acrcp_v1_32&amp;sig=AOD64_3jpmJG21ruaIUYDWVq3QzSVi4s4A&amp;q=&amp;nis=4&amp;ctype=99&amp;ved=2ahUKEwjP2KnEzaWUAxXsg_0HHddDG7UQhKwBegQIGhAQ&amp;adurl=,1701 South Cage Boulevard,(956) 586-5580,1,dentist in Pharr tx
COLD,50,XO Physical Therapy,physical therapist,Weslaco,4.6,29,True,real,https://www.xopt1.com/locations/weslaco/?utm_source=google&amp;utm_medium=organic&amp;utm_campaign=gmb-wesl,1110 James St,(956) 375-2216,1,physical therapist in Weslaco tx
COLD,50,Elgin Physical Therapy Clinic,physical therapist,Hidalgo,4.7,43,True,real,http://elginpt.com/,Closes soon,(512) 285-4406,1,physical therapist near me Hidalgo tx
COLD,50,Ocean Optical,optometrist,Port Isabel,4.7,26,True,real,http://www.brownsvilleoptometry.com/,910 TX-100 #112,(832) 641-1057,1,optometrist in Port Isabel tx
COLD,49,The Joint Chiropractic,chiropractor,McAllen,4.3,56,True,real,https://www.thejoint.com/texas/mcallen/mcallen-28134,,(956) 305-1304,3,chiropractor near me McAllen tx
COLD,49,The Joint Chiropractic,chiropractor,Mission,4.3,83,True,real,https://www.thejoint.com/texas/mission/sharyland-28005,2401 E Expressway 83,(956) 374-2543,3,chiropractor Mission tx open now
COLD,49,Valle Vista Optical,optometrist,Harlingen,4.4,67,True,real,http://www.vallevistaoptical.com/,913 N Ed Carey Dr,(956) 440-1333,3,optometrist in Harlingen tx
COLD,45,Mid-Valley Dental: David L. Trevino DDS,dentist,Mercedes,4.8,28,True,real,http://midvalleydentalrgv.com/,302 N Texas Ave a,(956) 825-9090,2,best dentist in Mercedes texas
COLD,45,Smile & Shine,dentist,Rio Grande City,4.5,34,True,real,http://smile-shine.com/,Closed,(956) 263-1222,2,dentist near me Rio Grande City tx
COLD,45,Mid-Valley Dental: David L. Trevino DDS,cosmetic dentist,Mercedes,4.8,28,True,real,http://midvalleydentalrgv.com/,302 N Texas Ave a,(956) 825-9090,2,best cosmetic dentist in Mercedes texas
COLD,45,Khit Chiropractic & Wellness Center,chiropractor,Edinburg,5.0,31,True,real,https://khitchiropractic.com/,3101 I-69C,(956) 270-4170,2,chiropractor in Edinburg tx
COLD,45,Gold Chiropractic Clinic - Dr. David Coutcher D.C.,chiropractor,Pharr,4.7,30,True,real,http://goldchiro.com/,101 I-2 Suite F,(956) 782-8000,2,chiropractor in Pharr tx
COLD,45,Treehouse Rehabilitation Center,physical therapist,Mercedes,4.2,5,True,social,https://www.facebook.com/treehouserehabcenter/,327 W 3rd St,(956) 565-9300,2,physical therapist in Mercedes tx
COLD,45,Isla Physical Therapy,physical therapist,Port Isabel,4.8,32,True,real,http://www.islaphysicaltherapy.com/,1200 TX-100 Suite 3,(956) 943-1028,2,physical therapist in Port Isabel tx
COLD,45,The Training Room Physical Therapy (Island),physical therapist,South Padre Island,5.0,32,True,real,https://thetrainingroomcc.com/,Closed,(361) 589-4480,2,top rated physical therapist near South Padre Island tx
COLD,45,Integrative Physical Therapy Specialist-In Home Outpatient Therapy,physical therapist,South Padre Island,5.0,20,True,real,http://www.integrativepts.com/,,(830) 632-2991,2,physical therapist South Padre Island tx open now
COLD,45,Harlingen Eye Clinic,optometrist,Harlingen,4.6,44,True,real,https://www.harlingeneyeclinic.com/,2405 N Ed Carey Dr,(956) 425-8558,2,affordable optometrist in Harlingen tx
COLD,40,XO Physical Therapy Mission,physical therapist,Mission,4.2,22,True,real,https://www.xopt1.com/locations/mcallen/?utm_source=google&amp;utm_medium=organic&amp;utm_campaign=gmb-miss,1512 E Griffin Pkwy #10,(956) 997-0201,2,affordable physical therapist in Mission tx
COLD,40,Shah Eye Center: Rio Grande City,optometrist,Rio Grande City,4.4,23,True,real,https://shaheyecenter.com/,5346 E US Hwy 83,(956) 583-0202,2,best optometrist in Rio Grande City texas
COLD,39,Mid-Valley Dental: David L. Trevino DDS,orthodontist,Mercedes,4.8,28,True,real,http://midvalleydentalrgv.com/,302 N Texas Ave a,(956) 825-9090,3,orthodontist in Mercedes tx
COLD,39,Smilebliss Orthodontics,orthodontist,Mercedes,5.0,48,True,real,https://smilebliss.com/bliss-locations/texas/gun-barrel-city/,Closes soon,(469) 904-1811,3,affordable orthodontist in Mercedes tx
COLD,39,Rio Grande Orthodontics,orthodontist,Rio Grande City,4.8,22,True,real,https://www.riograndeorthodontics.com/,8:30 AM–5:30 PM,(505) 662-4555,3,orthodontist Rio Grande City tx open now
COLD,39,Montalvo Dental Esthetics,cosmetic dentist,San Benito,5.0,34,True,real,http://www.drmarcusmontalvo.com/,500 West Business 77 suite 102,(956) 276-4439,3,cosmetic dentist near me San Benito tx
COLD,39,"Gage Dental, PLLC",cosmetic dentist,South Padre Island,4.8,49,True,real,http://www.gagedental.net/,Closes soon,(361) 867-1800,3,cosmetic dentist in South Padre Island tx
COLD,39,ChiroSync Health & Wellness Chiropractic,chiropractor,Edinburg,4.7,46,True,real,https://chirosynchealth.com/,2709 Cornerstone Blvd,(956) 627-3865,3,affordable chiropractor in Edinburg tx
COLD,39,Physiosports therapy,physical therapist,Edinburg,5.0,29,True,real,https://www.physiosportsinstitute.com/,931 S McColl Rd ste.B,(956) 329-1100,3,physical therapist Edinburg tx open now
COLD,39,Isla Physical Therapy,physical therapist,South Padre Island,4.8,32,True,real,http://www.islaphysicaltherapy.com/,Closed,(956) 943-1028,3,top rated physical therapist near South Padre Island tx
COLD,39,Ocean Optical,optometrist,South Padre Island,4.7,26,True,real,http://www.brownsvilleoptometry.com/,Closes soon,(832) 641-1057,3,best optometrist in South Padre Island texas
COLD,37,Montalvo Dental Esthetics,dentist,San Benito,5.0,34,True,real,http://www.drmarcusmontalvo.com/,500 West Business 77 suite 102,(956) 276-4439,4,dentist in San Benito tx
COLD,35,Mint Orthodontics,orthodontist,Rio Grande City,4.6,16,True,real,http://www.mintorthodonticstexas.com/,5422 E US Hwy 83,(956) 283-5177,2,orthodontist in Rio Grande City tx
COLD,35,Top Grade Physical Therapy,physical therapist,Hidalgo,5.0,5,True,real,https://topgradephysicaltherapy.com/,,(956) 270-4499,2,physical therapist in Hidalgo tx
LOW,34,Access Dental & Orthodontics,orthodontist,Weslaco,4.0,39,True,real,https://accessdentalclinics.com/locations/texas/weslaco-tx-on-w-expy-83/,2307 W Expy 83 # C,(956) 375-2467,3,orthodontist in Weslaco tx
LOW,34,"Dennis Chang, O.D.",optometrist,Weslaco,4.3,22,True,real,https://dennismchang.com/,601 E Expressway 83 # 100B,(956) 969-2816,3,optometrist Weslaco tx open now
LOW,30,Salazar Armando DDS,dentist,Port Isabel,4.2,5,True,real,https://www.portisabeldental.com/meet-the-doctor.html,314 E Queen Isabella Blvd # A,(956) 943-4166,2,dentist Port Isabel tx open now
LOW,30,Salazar Armando DDS,cosmetic dentist,Port Isabel,4.2,5,True,real,https://www.portisabeldental.com/meet-the-doctor.html,314 E Queen Isabella Blvd # A,(956) 943-4166,2,cosmetic dentist Port Isabel tx open now
LOW,30,United Chiropractic & Rehabilitation Center,chiropractor,Donna,5.0,2,True,real,http://www.weslacochiropractic.com/,1211 E Expressway 83,(956) 461-0777,2,chiropractor in Donna tx
LOW,29,Barringer Chiropractic Healthcare Center,chiropractor,Mercedes,5.0,10,True,real,http://www.barringerchiro.com/,,(817) 249-2717,3,chiropractor in Mercedes tx
LOW,29,FYZICAL Therapy & Balance Center South McAllen,physical therapist,McAllen,5.0,11,True,real,https://www.fyzical.com/south-mcallen-tx,2000 S McColl Rd Suite D,(956) 322-5447,3,physical therapist in McAllen tx
LOW,29,Orthopedic Physical Therapy,physical therapist,Harlingen,5.0,5,True,real,http://www.optclinics.com/,1234 E New Hampshire St,(956) 622-7080,3,physical therapist Harlingen tx open now
LOW,29,Alamo Physical Therapy,physical therapist,Alamo,5.0,6,True,real,http://alamoptsa.com/,Closed,(210) 742-1480,3,physical therapist in Alamo tx
LOW,25,Dr. Armando Salazar,cosmetic dentist,Port Isabel,4.0,4,True,real,https://www.portisabeldental.com/meet-the-doctor.html,215 W Queen Isabella Blvd # A,(956) 943-4166,2,best cosmetic dentist in Port Isabel texas
LOW,25,Rehab Plus,physical therapist,Donna,3.7,9,True,real,https://elitehealthrehab.com/mcallen-donna-corpus-christi/,5216 FM493,(956) 377-5350,2,physical therapist in Donna tx
LOW,24,Rodriguez Dental Group,dentist,Donna,4.2,13,True,real,http://www.rodriguezdentalgroup.com/,516 N D Salinas Blvd,(956) 464-6776,3,dentist in Donna tx
LOW,24,Yi Dentistry - Donna,dentist,Donna,5.0,3,True,real,http://www.skyidds.com/,201 N Main St Ste B,(956) 464-4448,3,affordable dentist in Donna tx
LOW,24,Yi Dentistry - Donna,orthodontist,Donna,5.0,3,True,real,http://www.skyidds.com/,201 N Main St Ste B,(956) 464-4448,3,orthodontist near me Donna tx
LOW,24,Yi Dentistry - Donna,cosmetic dentist,Donna,5.0,3,True,real,http://www.skyidds.com/,201 N Main St Ste B,(956) 464-4448,3,best cosmetic dentist in Donna texas
LOW,24,Port Isabel Dental Associates: Thurber Phoebe DDS,cosmetic dentist,Port Isabel,5.0,3,True,real,https://www.portisabeldental.com/,"2407, 215 W Queen Isabella Blvd # A",(956) 943-4166,3,best cosmetic dentist in Port Isabel texas
LOW,24,Archangel Chiropractic,chiropractor,Weslaco,4.4,11,True,real,http://www.archangelchiropractic.com/,505 Angelita Dr Ste 16,(956) 854-4303,3,chiropractor in Weslaco tx
LOW,24,Brownsville Physical Therapy & Sports Medicine,physical therapist,Brownsville,4.3,18,True,real,http://www.brownsvilletherapy.com/,1714 Boca Chica Blvd,(956) 544-2401,3,physical therapist in Brownsville tx
LOW,24,Antonio Vasquez,optometrist,Los Fresnos,5.0,4,True,real,https://www.losfresnoseyeclinic.com/our-staff,810 W Ocean Blvd STE C2,(956) 233-5252,3,optometrist in Los Fresnos tx
LOW,20,Thrive Rehabilitation Clinic,chiropractor,Rio Grande City,,0,True,real,https://agvaccidentrehabilitation.pro/,201-1799 W Retama St,,2,affordable chiropractor in Rio Grande City tx
LOW,19,Thurmond Eye Associates: Johnson Christina P MD,optometrist,Mission,3.8,10,True,real,https://www.thurmondeye.com/eye-doctor-mcallen/christina-p-johnson-md/,1301 S Bryan Rd,(956) 519-1612,3,optometrist Mission tx open now
LOW,19,Antonio Vasquez Eye Clinic,optometrist,San Benito,3.0,13,True,real,https://www.losfresnoseyeclinic.com/our-staff,,(956) 923-5151,3,optometrist near me San Benito tx
LOW,14,"Quality Therapy Rehabilitation Center: Mercedes, TX",physical therapist,Mercedes,3.5,4,True,real,http://www.qtprgv.com/,208 Starr St # 2,(956) 514-1551,3,physical therapist in Mercedes tx
